{
  "type": "FeatureCollection",
  "name": "Automatic Water Level Recorder (AWLR) with Data- Jakarta",
  "crs": {
    "type": "name",
    "properties": {
      "name": "urn:ogc:def:crs:OGC:1.3:CRS84"
    }
  },
  "features": [
    {
      "type": "Feature",
      "properties": {
        "AWLR_Name": "PA 2 Ujung Menteng",
        "Device_ID": "AWLR-550",
        "Brand": "ICU",
        "Longitude": 106.927816,
        "Latitude": -6.179149,
        "Catchment_Name": "DAS Cakung",
        "Built_Year": "2014",
        "Provinsi": "DKI Jakarta",
        "Kota": "Jakarta Timur",
        "Kecamatan": "Jawa",
        "Kelurahan": "Ujung Menteng",
        "Manager": "BBWS Ciliwung Cisadane",
        "River_Region": "WS Ciliwung Cisadane",
        "Station_Condition": "Poor",
        "Device_Condition": "Good",
        "Type": "Telemetri",
        "Elevation": "No Data",
        "Data_Frequency": "15 minutes",
        "Last_Maintenance": "20-08-2020",
        "Data_Completeness": "98%",
        "Reading": {
          "2020-01-01": 1.8,
          "2020-01-02": 1.55,
          "2020-01-03": 1.02,
          "2020-01-04": 0.87,
          "2020-01-05": 0.91,
          "2020-01-06": 0.89,
          "2020-01-07": 0.74,
          "2020-01-08": 0.8,
          "2020-01-09": 1.03,
          "2020-01-10": 0.87,
          "2020-01-11": 0.89,
          "2020-01-12": 0.83,
          "2020-01-13": 0.68,
          "2020-01-14": 0.6,
          "2020-01-15": 0.58,
          "2020-01-16": 0.83,
          "2020-01-17": 0.71,
          "2020-01-18": 1.05,
          "2020-01-19": 0.49,
          "2020-01-20": 0.78,
          "2020-01-21": 0.84,
          "2020-01-22": 0.56,
          "2020-01-23": 0.68,
          "2020-01-24": 0.79,
          "2020-01-25": 0.71,
          "2020-01-26": 1.05,
          "2020-01-27": 0.9,
          "2020-01-28": 0.65,
          "2020-01-29": 0.66,
          "2020-01-30": 0.74,
          "2020-01-31": 0.82,
          "2020-02-01": 1.2,
          "2020-02-02": 1.12,
          "2020-02-03": 0.75,
          "2020-02-04": 0.73,
          "2020-02-05": 0.91,
          "2020-02-06": 1.16,
          "2020-02-07": 0.69,
          "2020-02-08": 0.77,
          "2020-02-09": 0.57,
          "2020-02-10": 0.65,
          "2020-02-11": 0.61,
          "2020-02-12": 0.54,
          "2020-02-13": 0.61,
          "2020-02-14": 0.91,
          "2020-02-15": 0.8,
          "2020-02-16": 1.36,
          "2020-02-17": 0.98,
          "2020-02-18": 0.69,
          "2020-02-19": 0.87,
          "2020-02-20": 1.41,
          "2020-02-21": 1.09,
          "2020-02-22": 1.6,
          "2020-02-23": 1.62,
          "2020-02-24": 1.42,
          "2020-02-25": 1.8,
          "2020-02-26": 1.42,
          "2020-02-27": 1.16,
          "2020-02-28": 1.37,
          "2020-02-29": 1.16,
          "2020-03-01": 1.51,
          "2020-03-02": 1.47,
          "2020-03-03": 1.01,
          "2020-03-04": 0.78,
          "2020-03-05": 0.77,
          "2020-03-06": 0.64,
          "2020-03-07": 0.64,
          "2020-03-08": 0.55,
          "2020-03-09": 0.55,
          "2020-03-10": 0.58,
          "2020-03-11": 0.65,
          "2020-03-12": 0.89,
          "2020-03-13": 0.84,
          "2020-03-14": 0.8,
          "2020-03-15": 0.7,
          "2020-03-16": 1.35,
          "2020-03-17": 1.03,
          "2020-03-18": 0.66,
          "2020-03-19": 0.86,
          "2020-03-20": 1,
          "2020-03-21": 0.84,
          "2020-03-22": 0.7,
          "2020-03-23": 0.61,
          "2020-03-24": 0.62,
          "2020-03-25": 0.65,
          "2020-03-26": 0.59,
          "2020-03-27": 0.6,
          "2020-03-28": 0.54,
          "2020-03-29": 0.66,
          "2020-03-30": 0.77,
          "2020-03-31": 0.81,
          "2020-04-01": 0.6,
          "2020-04-02": 0.72,
          "2020-04-03": 0.63,
          "2020-04-04": 0.68,
          "2020-04-05": 0.73,
          "2020-04-06": 0.61,
          "2020-04-07": 0.59,
          "2020-04-08": 0.67,
          "2020-04-09": 0.73,
          "2020-04-10": 0.61,
          "2020-04-11": 0.67,
          "2020-04-12": 0.75,
          "2020-04-13": 0.74,
          "2020-04-14": 0.86,
          "2020-04-15": 0.57,
          "2020-04-16": 0.74,
          "2020-04-17": 0.65,
          "2020-04-18": 0.59,
          "2020-04-19": 0.57,
          "2020-04-20": 0.53,
          "2020-04-21": 0.51,
          "2020-04-22": 0.49,
          "2020-04-23": 0.55,
          "2020-04-24": 0.78,
          "2020-04-25": 0.54,
          "2020-04-26": 0.79,
          "2020-04-27": 0.96,
          "2020-04-28": 0.9,
          "2020-04-29": 0.8,
          "2020-04-30": 1.09,
          "2020-05-01": 0.72,
          "2020-05-02": 0.66,
          "2020-05-03": 0.55,
          "2020-05-04": 0.51,
          "2020-05-05": 0.49,
          "2020-05-06": 1.22,
          "2020-05-07": 0.86,
          "2020-05-08": 0.67,
          "2020-05-09": 0.52,
          "2020-05-10": 1.2,
          "2020-05-11": 0.72,
          "2020-05-12": 0.65,
          "2020-05-13": 0.53,
          "2020-05-14": 0.46,
          "2020-05-15": 0.41,
          "2020-05-16": 0.4,
          "2020-05-17": 0.4,
          "2020-05-18": 0.48,
          "2020-05-19": 0.51,
          "2020-05-20": 0.49,
          "2020-05-21": 0.57,
          "2020-05-22": 0.42,
          "2020-05-23": 0.43,
          "2020-05-24": 0.46,
          "2020-05-25": 0.43,
          "2020-05-26": 0.44,
          "2020-05-27": 0.38,
          "2020-05-28": 0.37,
          "2020-05-29": 0.63,
          "2020-05-30": 0.58,
          "2020-05-31": 0.59,
          "2020-06-01": 0.59,
          "2020-06-02": 0.64,
          "2020-06-03": 0.61,
          "2020-06-04": 0.5,
          "2020-06-05": 0.71,
          "2020-06-06": 0.64,
          "2020-06-07": 0.48,
          "2020-06-08": 0.45,
          "2020-06-09": 0.57,
          "2020-06-10": 0.41,
          "2020-06-11": 0.67,
          "2020-06-12": 0.59,
          "2020-06-13": 0.43,
          "2020-06-14": 0.4,
          "2020-06-15": 0.36,
          "2020-06-16": 0.37,
          "2020-06-17": 0.36,
          "2020-06-18": 0.36,
          "2020-06-19": 0.36,
          "2020-06-20": 0.34,
          "2020-06-21": 0.34,
          "2020-06-22": 0.46,
          "2020-06-23": 0.37,
          "2020-06-24": 0.47,
          "2020-06-25": 0.37,
          "2020-06-26": 0.35,
          "2020-06-27": 0.34,
          "2020-06-28": 0.34,
          "2020-06-29": 0.32,
          "2020-06-30": 0.31,
          "2020-07-01": 0.29,
          "2020-07-02": 0.32,
          "2020-07-03": 0.34,
          "2020-07-04": 0.31,
          "2020-07-05": 0.31,
          "2020-07-06": 0.33,
          "2020-07-07": 0.34,
          "2020-07-08": 0.32,
          "2020-07-09": 0.33,
          "2020-07-10": 0.3,
          "2020-07-11": 0.29,
          "2020-07-12": 0.28,
          "2020-07-13": 0.28,
          "2020-07-14": 0.28,
          "2020-07-15": 0.34,
          "2020-07-16": 0.28,
          "2020-07-17": 0.27,
          "2020-07-18": 0.28,
          "2020-07-19": 0.3,
          "2020-07-20": 0.34,
          "2020-07-21": 0.39,
          "2020-07-22": 0.28,
          "2020-07-23": 0.26,
          "2020-07-24": 0.26,
          "2020-07-25": 0.25,
          "2020-07-26": 0.23,
          "2020-07-27": 0.23,
          "2020-07-28": 0.22,
          "2020-07-29": 0.22,
          "2020-07-30": 0.22,
          "2020-07-31": 0.22,
          "2020-08-01": 0.22,
          "2020-08-02": 0.22,
          "2020-08-03": 0.22,
          "2020-08-04": 0.22,
          "2020-08-05": 0.26,
          "2020-08-06": 0.23,
          "2020-08-07": 0.23,
          "2020-08-08": 0.29,
          "2020-08-09": 0.38,
          "2020-08-10": 0.26,
          "2020-08-11": 0.61,
          "2020-08-12": 0.4,
          "2020-08-13": 0.89,
          "2020-08-14": 0.5,
          "2020-08-15": 0.35,
          "2020-08-16": 0.29,
          "2020-08-17": 0.27,
          "2020-08-18": 0.28,
          "2020-08-19": 0.39,
          "2020-08-20": 0.31,
          "2020-08-21": 0.26,
          "2020-08-22": 0.26,
          "2020-08-23": 0.25,
          "2020-08-24": 0.24,
          "2020-08-25": 0.24,
          "2020-08-26": 0.24,
          "2020-08-27": 0.24,
          "2020-08-28": 0.24,
          "2020-08-29": 0.24,
          "2020-08-30": 0.24,
          "2020-08-31": 0.24,
          "2020-09-01": 0.25,
          "2020-09-02": 0.27,
          "2020-09-03": 0.27,
          "2020-09-04": 0.28,
          "2020-09-05": 0.89,
          "2020-09-06": 0.59,
          "2020-09-07": 0.35,
          "2020-09-08": 0.24,
          "2020-09-09": 0.23,
          "2020-09-10": 0.24,
          "2020-09-11": 0.26,
          "2020-09-12": 0.27,
          "2020-09-13": 0.27,
          "2020-09-14": 0.41,
          "2020-09-15": 0.37,
          "2020-09-16": 0.42,
          "2020-09-17": 0.39,
          "2020-09-18": 0.3,
          "2020-09-19": 0.61,
          "2020-09-20": 0.81,
          "2020-09-21": 0.44,
          "2020-09-22": 0.38,
          "2020-09-23": 0.44,
          "2020-09-24": 0.42,
          "2020-09-25": 0.37,
          "2020-09-26": 0.45,
          "2020-09-27": 0.46,
          "2020-09-28": 0.59,
          "2020-09-29": 0.51,
          "2020-09-30": 0.91,
          "2020-10-01": 0.72,
          "2020-10-02": 0.43,
          "2020-10-03": 0.46,
          "2020-10-04": 0.68,
          "2020-10-05": 0.43,
          "2020-10-06": 0.47,
          "2020-10-07": 0.61,
          "2020-10-08": 0.8,
          "2020-10-09": 0.62,
          "2020-10-10": 0.51,
          "2020-10-11": 0.58,
          "2020-10-12": 0.45,
          "2020-10-13": 0.62,
          "2020-10-14": 0.98,
          "2020-10-15": 0.71,
          "2020-10-16": 0.75,
          "2020-10-17": 0.45,
          "2020-10-18": 0.52,
          "2020-10-19": 0.57,
          "2020-10-20": 0.47,
          "2020-10-21": 0.54,
          "2020-10-22": 0.72,
          "2020-10-23": 0.59,
          "2020-10-24": 0.5,
          "2020-10-25": 0.53,
          "2020-10-26": 0.96,
          "2020-10-27": 0.74,
          "2020-10-28": 0.68,
          "2020-10-29": 0.69,
          "2020-10-30": 0.53,
          "2020-10-31": 0.49,
          "2020-11-01": 0.95,
          "2020-11-02": 0.52,
          "2020-11-03": 0.4,
          "2020-11-04": 0.65,
          "2020-11-05": 0.5,
          "2020-11-06": 0.35,
          "2020-11-07": 0.34,
          "2020-11-08": 0.5,
          "2020-11-09": 0.55,
          "2020-11-10": 0.56,
          "2020-11-11": 0.6,
          "2020-11-12": 0.44,
          "2020-11-13": 0.4,
          "2020-11-14": 0.46,
          "2020-11-15": 0.35,
          "2020-11-16": 0.37,
          "2020-11-17": 0.38,
          "2020-11-18": 0.34,
          "2020-11-19": 0.32,
          "2020-11-20": 0.3,
          "2020-11-21": 0.58,
          "2020-11-22": 0.54,
          "2020-11-23": 0.35,
          "2020-11-24": 0.58,
          "2020-11-25": 0.7,
          "2020-11-26": 0.42,
          "2020-11-27": 0.64,
          "2020-11-28": 0.54,
          "2020-11-29": 0.45,
          "2020-11-30": 0.4,
          "2020-12-01": 0.38,
          "2020-12-02": 0.46,
          "2020-12-03": 0.5,
          "2020-12-04": 0.63,
          "2020-12-05": 0.97,
          "2020-12-06": 1.02,
          "2020-12-07": 0.8,
          "2020-12-08": 0.63,
          "2020-12-09": 0.63,
          "2020-12-10": 0.55,
          "2020-12-11": 0.39,
          "2020-12-12": 0.4,
          "2020-12-13": 0.78,
          "2020-12-14": 0.42,
          "2020-12-15": 0.36,
          "2020-12-16": 0.37,
          "2020-12-17": 0.68,
          "2020-12-18": 0.39,
          "2020-12-19": 0.62,
          "2020-12-20": 0.47,
          "2020-12-21": 0.43,
          "2020-12-22": 0.37,
          "2020-12-23": 0.33,
          "2020-12-24": 0.35,
          "2020-12-25": 0.33,
          "2020-12-26": 0.46,
          "2020-12-27": 0.45,
          "2020-12-28": 0.47,
          "2020-12-29": 0.44,
          "2020-12-30": 0.44,
          "2020-12-31": 0.45
        },
        "Reading_(+6hr)": "2.5 m",
        "reading_manual": {
          "2020-01-01": 8,
          "2020-01-02": 7,
          "2020-01-03": 9,
          "2020-01-04": 2,
          "2020-01-05": 1,
          "2020-01-06": 19,
          "2020-01-07": 11,
          "2020-01-08": 16,
          "2020-01-09": 14,
          "2020-01-10": 6,
          "2020-01-11": 0,
          "2020-01-12": 7,
          "2020-01-13": 3,
          "2020-01-14": 1,
          "2020-01-15": 16,
          "2020-01-16": 18,
          "2020-01-17": 4,
          "2020-01-18": 11,
          "2020-01-19": 13,
          "2020-01-20": 10,
          "2020-01-21": 8,
          "2020-01-22": 12,
          "2020-01-23": 6,
          "2020-01-24": 19,
          "2020-01-25": 9,
          "2020-01-26": 11,
          "2020-01-27": 1,
          "2020-01-28": 2,
          "2020-01-29": 7,
          "2020-01-30": 18,
          "2020-01-31": 2,
          "2020-02-01": 14,
          "2020-02-02": 6,
          "2020-02-03": 12,
          "2020-02-04": 13,
          "2020-02-05": 20,
          "2020-02-06": 5,
          "2020-02-07": 7,
          "2020-02-08": 13,
          "2020-02-09": 12,
          "2020-02-10": 3,
          "2020-02-11": 7,
          "2020-02-12": 14,
          "2020-02-13": 0,
          "2020-02-14": 8,
          "2020-02-15": 19,
          "2020-02-16": 6,
          "2020-02-17": 20,
          "2020-02-18": 6,
          "2020-02-19": 4,
          "2020-02-20": 9,
          "2020-02-21": 20,
          "2020-02-22": 9,
          "2020-02-23": 8,
          "2020-02-24": 14,
          "2020-02-25": 2,
          "2020-02-26": 3,
          "2020-02-27": 5,
          "2020-02-28": 9,
          "2020-02-29": 5,
          "2020-03-01": 12,
          "2020-03-02": 5,
          "2020-03-03": 5,
          "2020-03-04": 19,
          "2020-03-05": 1,
          "2020-03-06": 0,
          "2020-03-07": 14,
          "2020-03-08": 6,
          "2020-03-09": 2,
          "2020-03-10": 8,
          "2020-03-11": 19,
          "2020-03-12": 6,
          "2020-03-13": 18,
          "2020-03-14": 5,
          "2020-03-15": 19,
          "2020-03-16": 7,
          "2020-03-17": 11,
          "2020-03-18": 0,
          "2020-03-19": 1,
          "2020-03-20": 17,
          "2020-03-21": 14,
          "2020-03-22": 2,
          "2020-03-23": 9,
          "2020-03-24": 1,
          "2020-03-25": 1,
          "2020-03-26": 1,
          "2020-03-27": 7,
          "2020-03-28": 2,
          "2020-03-29": 16,
          "2020-03-30": 10,
          "2020-03-31": 16,
          "2020-04-01": 6,
          "2020-04-02": 14,
          "2020-04-03": 7,
          "2020-04-04": 4,
          "2020-04-05": 14,
          "2020-04-06": 0,
          "2020-04-07": 6,
          "2020-04-08": 5,
          "2020-04-09": 13,
          "2020-04-10": 19,
          "2020-04-11": 20,
          "2020-04-12": 19,
          "2020-04-13": 9,
          "2020-04-14": 6,
          "2020-04-15": 4,
          "2020-04-16": 15,
          "2020-04-17": 17,
          "2020-04-18": 5,
          "2020-04-19": 19,
          "2020-04-20": 3,
          "2020-04-21": 0,
          "2020-04-22": 19,
          "2020-04-23": 4,
          "2020-04-24": 18,
          "2020-04-25": 0,
          "2020-04-26": 1,
          "2020-04-27": 7,
          "2020-04-28": 16,
          "2020-04-29": 1,
          "2020-04-30": 17,
          "2020-05-01": 20,
          "2020-05-02": 17,
          "2020-05-03": 19,
          "2020-05-04": 12,
          "2020-05-05": 13,
          "2020-05-06": 0,
          "2020-05-07": 13,
          "2020-05-08": 4,
          "2020-05-09": 17,
          "2020-05-10": 10,
          "2020-05-11": 17,
          "2020-05-12": 11,
          "2020-05-13": 15,
          "2020-05-14": 10,
          "2020-05-15": 16,
          "2020-05-16": 13,
          "2020-05-17": 5,
          "2020-05-18": 2,
          "2020-05-19": 3,
          "2020-05-20": 12,
          "2020-05-21": 18,
          "2020-05-22": 8,
          "2020-05-23": 16,
          "2020-05-24": 17,
          "2020-05-25": 16,
          "2020-05-26": 13,
          "2020-05-27": 6,
          "2020-05-28": 10,
          "2020-05-29": 0,
          "2020-05-30": 17,
          "2020-05-31": 15,
          "2020-06-01": 9,
          "2020-06-02": 17,
          "2020-06-03": 3,
          "2020-06-04": 18,
          "2020-06-05": 11,
          "2020-06-06": 20,
          "2020-06-07": 14,
          "2020-06-08": 7,
          "2020-06-09": 2,
          "2020-06-10": 9,
          "2020-06-11": 19,
          "2020-06-12": 4,
          "2020-06-13": 4,
          "2020-06-14": 8,
          "2020-06-15": 13,
          "2020-06-16": 10,
          "2020-06-17": 14,
          "2020-06-18": 20,
          "2020-06-19": 6,
          "2020-06-20": 18,
          "2020-06-21": 8,
          "2020-06-22": 11,
          "2020-06-23": 15,
          "2020-06-24": 19,
          "2020-06-25": 5,
          "2020-06-26": 8,
          "2020-06-27": 13,
          "2020-06-28": 8,
          "2020-06-29": 8,
          "2020-06-30": 16,
          "2020-07-01": 7,
          "2020-07-02": 18,
          "2020-07-03": 12,
          "2020-07-04": 14,
          "2020-07-05": 18,
          "2020-07-06": 17,
          "2020-07-07": 4,
          "2020-07-08": 6,
          "2020-07-09": 2,
          "2020-07-10": 13,
          "2020-07-11": 19,
          "2020-07-12": 17,
          "2020-07-13": 20,
          "2020-07-14": 12,
          "2020-07-15": 12,
          "2020-07-16": 14,
          "2020-07-17": 17,
          "2020-07-18": 9,
          "2020-07-19": 5,
          "2020-07-20": 11,
          "2020-07-21": 15,
          "2020-07-22": 3,
          "2020-07-23": 12,
          "2020-07-24": 4,
          "2020-07-25": 8,
          "2020-07-26": 13,
          "2020-07-27": 13,
          "2020-07-28": 20,
          "2020-07-29": 12,
          "2020-07-30": 11,
          "2020-07-31": 5,
          "2020-08-01": 15,
          "2020-08-02": 4,
          "2020-08-03": 17,
          "2020-08-04": 18,
          "2020-08-05": 8,
          "2020-08-06": 13,
          "2020-08-07": 18,
          "2020-08-08": 4,
          "2020-08-09": 18,
          "2020-08-10": 12,
          "2020-08-11": 13,
          "2020-08-12": 17,
          "2020-08-13": 17,
          "2020-08-14": 0,
          "2020-08-15": 4,
          "2020-08-16": 11,
          "2020-08-17": 1,
          "2020-08-18": 6,
          "2020-08-19": 12,
          "2020-08-20": 5,
          "2020-08-21": 4,
          "2020-08-22": 3,
          "2020-08-23": 20,
          "2020-08-24": 1,
          "2020-08-25": 4,
          "2020-08-26": 9,
          "2020-08-27": 18,
          "2020-08-28": 5,
          "2020-08-29": 14,
          "2020-08-30": 2,
          "2020-08-31": 12,
          "2020-09-01": 12,
          "2020-09-02": 11,
          "2020-09-03": 13,
          "2020-09-04": 8,
          "2020-09-05": 18,
          "2020-09-06": 8,
          "2020-09-07": 17,
          "2020-09-08": 17,
          "2020-09-09": 15,
          "2020-09-10": 14,
          "2020-09-11": 14,
          "2020-09-12": 6,
          "2020-09-13": 8,
          "2020-09-14": 18,
          "2020-09-15": 10,
          "2020-09-16": 2,
          "2020-09-17": 15,
          "2020-09-18": 3,
          "2020-09-19": 12,
          "2020-09-20": 20,
          "2020-09-21": 9,
          "2020-09-22": 4,
          "2020-09-23": 6,
          "2020-09-24": 1,
          "2020-09-25": 2,
          "2020-09-26": 17,
          "2020-09-27": 20,
          "2020-09-28": 4,
          "2020-09-29": 5,
          "2020-09-30": 0,
          "2020-10-01": 4,
          "2020-10-02": 9,
          "2020-10-03": 16,
          "2020-10-04": 20,
          "2020-10-05": 0,
          "2020-10-06": 9,
          "2020-10-07": 9,
          "2020-10-08": 15,
          "2020-10-09": 9,
          "2020-10-10": 13,
          "2020-10-11": 19,
          "2020-10-12": 5,
          "2020-10-13": 6,
          "2020-10-14": 15,
          "2020-10-15": 11,
          "2020-10-16": 6,
          "2020-10-17": 12,
          "2020-10-18": 19,
          "2020-10-19": 5,
          "2020-10-20": 7,
          "2020-10-21": 19,
          "2020-10-22": 1,
          "2020-10-23": 19,
          "2020-10-24": 12,
          "2020-10-25": 13,
          "2020-10-26": 14,
          "2020-10-27": 17,
          "2020-10-28": 3,
          "2020-10-29": 7,
          "2020-10-30": 17,
          "2020-10-31": 19,
          "2020-11-01": 16,
          "2020-11-02": 9,
          "2020-11-03": 11,
          "2020-11-04": 18,
          "2020-11-05": 19,
          "2020-11-06": 5,
          "2020-11-07": 13,
          "2020-11-08": 7,
          "2020-11-09": 6,
          "2020-11-10": 12,
          "2020-11-11": 12,
          "2020-11-12": 11,
          "2020-11-13": 7,
          "2020-11-14": 12,
          "2020-11-15": 0,
          "2020-11-16": 3,
          "2020-11-17": 17,
          "2020-11-18": 14,
          "2020-11-19": 4,
          "2020-11-20": 12,
          "2020-11-21": 10,
          "2020-11-22": 1,
          "2020-11-23": 4,
          "2020-11-24": 13,
          "2020-11-25": 8,
          "2020-11-26": 5,
          "2020-11-27": 7,
          "2020-11-28": 2,
          "2020-11-29": 6,
          "2020-11-30": 8,
          "2020-12-01": 15,
          "2020-12-02": 11,
          "2020-12-03": 17,
          "2020-12-04": 15,
          "2020-12-05": 17,
          "2020-12-06": 16,
          "2020-12-07": 18,
          "2020-12-08": 2,
          "2020-12-09": 11,
          "2020-12-10": 10,
          "2020-12-11": 7,
          "2020-12-12": 7,
          "2020-12-13": 18,
          "2020-12-14": 12,
          "2020-12-15": 8,
          "2020-12-16": 14,
          "2020-12-17": 19,
          "2020-12-18": 16,
          "2020-12-19": 2,
          "2020-12-20": 10,
          "2020-12-21": 2,
          "2020-12-22": 1,
          "2020-12-23": 2,
          "2020-12-24": 20,
          "2020-12-25": 17,
          "2020-12-26": 1,
          "2020-12-27": 11,
          "2020-12-28": 16,
          "2020-12-29": 3,
          "2020-12-30": 18,
          "2020-12-31": 12
        }
      },
      "geometry": {
        "type": "Point",
        "coordinates": [
          106.92781587200005,
          -6.179148526879999
        ]
      }
    },
    {
      "type": "Feature",
      "properties": {
        "AWLR_Name": "Angke-Rawabuaya",
        "Device_ID": "AWLR-535",
        "Brand": "PT. INTI",
        "Longitude": 106.736876,
        "Latitude": -6.170134,
        "Catchment_Name": "DAS Angke",
        "Built_Year": "1979",
        "Provinsi": "DKI Jakarta",
        "Kota": "Jakarta Barat",
        "Kecamatan": "Kembangan",
        "Kelurahan": "Cengkareng",
        "Manager": "BBWS Ciliwung Cisadane",
        "River_Region": "WS Ciliwung Cisadane",
        "Station_Condition": "Poor",
        "Device_Condition": "Good",
        "Type": "Telemetri",
        "Elevation": "No Data",
        "Data_Frequency": "15 minutes",
        "Last_Maintenance": "20-08-2020",
        "Data_Completeness": "98%",
        "Reading": {
          "2020-01-01": 0.76,
          "2020-01-02": 0.75,
          "2020-01-03": 1.23,
          "2020-01-04": 1.64,
          "2020-01-05": 1.84,
          "2020-01-06": 1.87,
          "2020-01-07": 1.9,
          "2020-01-08": 1.99,
          "2020-01-09": 2.02,
          "2020-01-10": 1.9,
          "2020-01-11": 1.9,
          "2020-01-12": 1.99,
          "2020-01-13": 2.02,
          "2020-01-14": 2.04,
          "2020-01-15": 2.02,
          "2020-01-16": 2.04,
          "2020-01-17": 2.06,
          "2020-01-18": 2.06,
          "2020-01-19": 2.07,
          "2020-01-20": 2.13,
          "2020-01-21": 2.15,
          "2020-01-22": 2.18,
          "2020-01-23": 2.18,
          "2020-01-24": 2.1,
          "2020-01-25": 2.06,
          "2020-01-26": 2.09,
          "2020-01-27": 2.08,
          "2020-01-28": 2.11,
          "2020-01-29": 2.18,
          "2020-01-30": 2.2,
          "2020-01-31": 2.15,
          "2020-02-01": 1.7,
          "2020-02-02": 1.86,
          "2020-02-03": 1.78,
          "2020-02-04": 1.87,
          "2020-02-05": 1.94,
          "2020-02-06": 1.96,
          "2020-02-07": 1.91,
          "2020-02-08": 1.7,
          "2020-02-09": 1.82,
          "2020-02-10": 1.88,
          "2020-02-11": 1.91,
          "2020-02-12": 1.96,
          "2020-02-13": 2.03,
          "2020-02-14": 2.06,
          "2020-02-15": 2.09,
          "2020-02-16": 1.92,
          "2020-02-17": 1.88,
          "2020-02-18": 1.93,
          "2020-02-19": 1.98,
          "2020-02-20": 1.75,
          "2020-02-21": 1.79,
          "2020-02-22": 1.72,
          "2020-02-23": 1.82,
          "2020-02-24": 1.74,
          "2020-02-25": 0.99,
          "2020-02-26": 1.37,
          "2020-02-27": 1.55,
          "2020-02-28": 1.67,
          "2020-02-29": 1.75,
          "2020-03-01": 1.69,
          "2020-03-02": 1.7,
          "2020-03-03": 1.84,
          "2020-03-04": 1.88,
          "2020-03-05": 1.89,
          "2020-03-06": 1.97,
          "2020-03-07": 2.03,
          "2020-03-08": 2.06,
          "2020-03-09": 2.1,
          "2020-03-10": 2.13,
          "2020-03-11": 2.15,
          "2020-03-12": 2.15,
          "2020-03-13": 2.12,
          "2020-03-14": 2.13,
          "2020-03-15": 2.15,
          "2020-03-16": 2.16,
          "2020-03-17": 2.12,
          "2020-03-18": 1.95,
          "2020-03-19": 1.92,
          "2020-03-20": 1.91,
          "2020-03-21": 1.89,
          "2020-03-22": 1.74,
          "2020-03-23": 1.83,
          "2020-03-24": 1.87,
          "2020-03-25": 1.91,
          "2020-03-26": 1.95,
          "2020-03-27": 1.99,
          "2020-03-28": 2.01,
          "2020-03-29": 2.05,
          "2020-03-30": 2.08,
          "2020-03-31": 2.09,
          "2020-04-01": 2.13,
          "2020-04-02": 2.17,
          "2020-04-03": 2.19,
          "2020-04-04": 2.24,
          "2020-04-05": 2.29,
          "2020-04-06": 2.08,
          "2020-04-07": 1.9,
          "2020-04-08": 1.96,
          "2020-04-09": 2,
          "2020-04-10": 2.02,
          "2020-04-11": 2.02,
          "2020-04-12": 1.97,
          "2020-04-13": 1.9,
          "2020-04-14": 1.94,
          "2020-04-15": 1.98,
          "2020-04-16": 2.03,
          "2020-04-17": 2.07,
          "2020-04-18": 2.02,
          "2020-04-19": 1.98,
          "2020-04-20": 2.03,
          "2020-04-21": 2.07,
          "2020-04-22": 2.11,
          "2020-04-23": 2.15,
          "2020-04-24": 2.16,
          "2020-04-25": 2.19,
          "2020-04-26": 2.12,
          "2020-04-27": 1.74,
          "2020-04-28": 1.86,
          "2020-04-29": 1.89,
          "2020-04-30": 1.94,
          "2020-05-01": 2,
          "2020-05-02": 2.04,
          "2020-05-03": 2.08,
          "2020-05-04": 2.1,
          "2020-05-05": 2.12,
          "2020-05-06": 2.14,
          "2020-05-07": 2.11,
          "2020-05-08": 2.19,
          "2020-05-09": 2.22,
          "2020-05-10": 2.28,
          "2020-05-11": 2.33,
          "2020-05-12": 2.38,
          "2020-05-13": 2.29,
          "2020-05-14": 2.34,
          "2020-05-15": 2.4,
          "2020-05-16": 2.44,
          "2020-05-17": 2.49,
          "2020-05-18": 2.49,
          "2020-05-19": 2.48,
          "2020-05-20": 2.49,
          "2020-05-21": 2.5,
          "2020-05-22": 2.49,
          "2020-05-23": 2.41,
          "2020-05-24": 2.35,
          "2020-05-25": 2.27,
          "2020-05-26": 2.21,
          "2020-05-27": 2.13,
          "2020-05-28": 2.04,
          "2020-05-29": 1.96,
          "2020-05-30": 1.89,
          "2020-05-31": 1.83,
          "2020-06-01": 1.75,
          "2020-06-02": 1.66,
          "2020-06-03": 1.58,
          "2020-06-04": 1.49,
          "2020-06-05": 1.39,
          "2020-06-06": 1.29,
          "2020-06-07": 1.2,
          "2020-06-08": 1.13,
          "2020-06-09": 1.09,
          "2020-06-10": 1.08,
          "2020-06-11": 1.05,
          "2020-06-12": 1.03,
          "2020-06-13": 0.98,
          "2020-06-14": 0.95,
          "2020-06-15": 0.85,
          "2020-06-16": 0.85,
          "2020-06-17": 0.81,
          "2020-06-18": 0.76,
          "2020-06-19": 0.72,
          "2020-06-20": 0.68,
          "2020-06-21": 0.64,
          "2020-06-22": 0.61,
          "2020-06-23": 0.59,
          "2020-06-24": 0.56,
          "2020-06-25": 0.55,
          "2020-06-26": 0.51,
          "2020-06-27": 0.47,
          "2020-06-28": 0.44,
          "2020-06-29": 0.41,
          "2020-06-30": 0.37,
          "2020-07-01": 0.34,
          "2020-07-02": 0.32,
          "2020-07-03": 0.33,
          "2020-07-04": 0.32,
          "2020-07-05": 0.3,
          "2020-07-06": 0.3,
          "2020-07-07": 0.28,
          "2020-07-08": 0.25,
          "2020-07-09": 0.32,
          "2020-07-10": 0.32,
          "2020-07-11": 0.3,
          "2020-07-12": 0.25,
          "2020-07-13": 0.23,
          "2020-07-14": 0.23,
          "2020-07-15": 0.22,
          "2020-07-16": 0.22,
          "2020-07-17": 0.2,
          "2020-07-18": 0.19,
          "2020-07-19": 0.18,
          "2020-07-20": 0.18,
          "2020-07-21": 0.18,
          "2020-07-22": 0.18,
          "2020-07-23": 0.16,
          "2020-07-24": 0.1,
          "2020-07-25": 0.08,
          "2020-07-26": 0.06,
          "2020-07-27": 0.06,
          "2020-07-28": 0.06,
          "2020-07-29": 0.01,
          "2020-07-30": 0.01,
          "2020-07-31": 0.01,
          "2020-08-01": 0.02,
          "2020-08-02": 0.02,
          "2020-08-03": 0.02,
          "2020-08-04": 0.02,
          "2020-08-05": 0.02,
          "2020-08-06": 0.02,
          "2020-08-07": 0.02,
          "2020-08-08": 0.02,
          "2020-08-09": 0.02,
          "2020-08-10": 0.02,
          "2020-08-11": 0.02,
          "2020-08-12": 0.02,
          "2020-08-13": 0.02,
          "2020-08-14": 0.02,
          "2020-08-15": 0.02,
          "2020-08-16": 0.02,
          "2020-08-17": 0.02,
          "2020-08-18": 0.02,
          "2020-08-19": 0.02,
          "2020-08-20": 0.02,
          "2020-08-21": 0.02,
          "2020-08-22": 0.02,
          "2020-08-23": 0.02,
          "2020-08-24": 0.02,
          "2020-08-25": 0.02,
          "2020-08-26": 0.02,
          "2020-08-27": 0.02,
          "2020-08-28": 0.02,
          "2020-08-29": 0.02,
          "2020-08-30": 0.02,
          "2020-08-31": 0.02,
          "2020-09-01": 0.02,
          "2020-09-02": 0.02,
          "2020-09-03": 0.02,
          "2020-09-04": 0.02,
          "2020-09-05": 0.02,
          "2020-09-06": 0.02,
          "2020-09-07": 0.02,
          "2020-09-08": 0.02,
          "2020-09-09": 0.02,
          "2020-09-10": 0.02,
          "2020-09-11": 0.02,
          "2020-09-12": 0.02,
          "2020-09-13": 0.02,
          "2020-09-14": 0.02,
          "2020-09-15": 0.02,
          "2020-09-16": 0.02,
          "2020-09-17": 0.02,
          "2020-09-18": 0.02,
          "2020-09-19": 0.02,
          "2020-09-20": 0.02,
          "2020-09-21": 0.04,
          "2020-09-22": 1.77,
          "2020-09-23": 2.14,
          "2020-09-24": 2.2,
          "2020-09-25": 2.26,
          "2020-09-26": 2.34,
          "2020-09-27": 2.41,
          "2020-09-28": 2.46,
          "2020-09-29": 2.37,
          "2020-09-30": 2.24,
          "2020-10-01": 2.13,
          "2020-10-02": 2.03,
          "2020-10-03": 1.99,
          "2020-10-04": 2.05,
          "2020-10-05": 2.14,
          "2020-10-06": 2.18,
          "2020-10-07": 2.26,
          "2020-10-08": 2.38,
          "2020-10-09": 2.44,
          "2020-10-10": 2.21,
          "2020-10-11": 1.81,
          "2020-10-12": 1.99,
          "2020-10-13": 2.07,
          "2020-10-14": 2.11,
          "2020-10-15": 2.17,
          "2020-10-16": 2.18,
          "2020-10-17": 2.09,
          "2020-10-18": 2.17,
          "2020-10-19": 2.23,
          "2020-10-20": 2.2,
          "2020-10-21": 2.29,
          "2020-10-22": 2.41,
          "2020-10-23": 2.46,
          "2020-10-24": 2.29,
          "2020-10-25": 1.84,
          "2020-10-26": 2.27,
          "2020-10-27": 2.28,
          "2020-10-28": 2.38,
          "2020-10-29": 2.44,
          "2020-10-30": 2.44,
          "2020-10-31": 2.39,
          "2020-11-01": 2.34,
          "2020-11-02": 2.33,
          "2020-11-03": 2.28,
          "2020-11-04": 2.22,
          "2020-11-05": 2.2,
          "2020-11-06": 2.14,
          "2020-11-07": 2.13,
          "2020-11-08": 2.11,
          "2020-11-09": 2.05,
          "2020-11-10": 1.99,
          "2020-11-11": 1.93,
          "2020-11-12": 1.87,
          "2020-11-13": 1.78,
          "2020-11-14": 1.71,
          "2020-11-15": 1.6,
          "2020-11-16": 1.54,
          "2020-11-17": 1.43,
          "2020-11-18": 1.33,
          "2020-11-19": 1.25,
          "2020-11-20": 1.15,
          "2020-11-21": 1.05,
          "2020-11-22": 0.98,
          "2020-11-23": 1,
          "2020-11-24": 1,
          "2020-11-25": 0.97,
          "2020-11-26": 0.89,
          "2020-11-27": 0.82,
          "2020-11-28": 0.74,
          "2020-11-29": 0.66,
          "2020-11-30": 0.61,
          "2020-12-01": 0.55,
          "2020-12-02": 0.5,
          "2020-12-03": 0.45,
          "2020-12-04": 0.44,
          "2020-12-05": 0.43,
          "2020-12-06": 0.43,
          "2020-12-07": 0.56,
          "2020-12-08": 0.77,
          "2020-12-09": 0.88,
          "2020-12-10": 0.91,
          "2020-12-11": 0.91,
          "2020-12-12": 0.88,
          "2020-12-13": 0.85,
          "2020-12-14": 0.78,
          "2020-12-15": 0.75,
          "2020-12-16": 0.7,
          "2020-12-17": 0.66,
          "2020-12-18": 0.64,
          "2020-12-19": 0.6,
          "2020-12-20": 0.55,
          "2020-12-21": 0.54,
          "2020-12-22": 0.52,
          "2020-12-23": 0.46,
          "2020-12-24": 0.43,
          "2020-12-25": 0.43,
          "2020-12-26": 0.39,
          "2020-12-27": 0.34,
          "2020-12-28": 0.33,
          "2020-12-29": 0.32,
          "2020-12-30": 0.28,
          "2020-12-31": 0.24
        },
        "Reading_(+6hr)": "2.5 m",
        "reading_manual": {
          "2020-01-01": 9,
          "2020-01-02": 20,
          "2020-01-03": 1,
          "2020-01-04": 9,
          "2020-01-05": 9,
          "2020-01-06": 13,
          "2020-01-07": 11,
          "2020-01-08": 10,
          "2020-01-09": 11,
          "2020-01-10": 16,
          "2020-01-11": 0,
          "2020-01-12": 6,
          "2020-01-13": 18,
          "2020-01-14": 7,
          "2020-01-15": 8,
          "2020-01-16": 19,
          "2020-01-17": 17,
          "2020-01-18": 19,
          "2020-01-19": 16,
          "2020-01-20": 8,
          "2020-01-21": 12,
          "2020-01-22": 7,
          "2020-01-23": 6,
          "2020-01-24": 20,
          "2020-01-25": 17,
          "2020-01-26": 20,
          "2020-01-27": 20,
          "2020-01-28": 16,
          "2020-01-29": 19,
          "2020-01-30": 15,
          "2020-01-31": 7,
          "2020-02-01": 16,
          "2020-02-02": 4,
          "2020-02-03": 6,
          "2020-02-04": 20,
          "2020-02-05": 4,
          "2020-02-06": 19,
          "2020-02-07": 20,
          "2020-02-08": 4,
          "2020-02-09": 20,
          "2020-02-10": 11,
          "2020-02-11": 7,
          "2020-02-12": 15,
          "2020-02-13": 5,
          "2020-02-14": 20,
          "2020-02-15": 10,
          "2020-02-16": 12,
          "2020-02-17": 5,
          "2020-02-18": 14,
          "2020-02-19": 2,
          "2020-02-20": 17,
          "2020-02-21": 2,
          "2020-02-22": 4,
          "2020-02-23": 18,
          "2020-02-24": 0,
          "2020-02-25": 18,
          "2020-02-26": 20,
          "2020-02-27": 18,
          "2020-02-28": 4,
          "2020-02-29": 11,
          "2020-03-01": 20,
          "2020-03-02": 2,
          "2020-03-03": 5,
          "2020-03-04": 15,
          "2020-03-05": 18,
          "2020-03-06": 13,
          "2020-03-07": 14,
          "2020-03-08": 3,
          "2020-03-09": 6,
          "2020-03-10": 6,
          "2020-03-11": 7,
          "2020-03-12": 3,
          "2020-03-13": 17,
          "2020-03-14": 1,
          "2020-03-15": 15,
          "2020-03-16": 2,
          "2020-03-17": 14,
          "2020-03-18": 20,
          "2020-03-19": 15,
          "2020-03-20": 0,
          "2020-03-21": 6,
          "2020-03-22": 4,
          "2020-03-23": 4,
          "2020-03-24": 13,
          "2020-03-25": 10,
          "2020-03-26": 15,
          "2020-03-27": 5,
          "2020-03-28": 9,
          "2020-03-29": 14,
          "2020-03-30": 20,
          "2020-03-31": 1,
          "2020-04-01": 9,
          "2020-04-02": 20,
          "2020-04-03": 11,
          "2020-04-04": 8,
          "2020-04-05": 2,
          "2020-04-06": 19,
          "2020-04-07": 2,
          "2020-04-08": 11,
          "2020-04-09": 2,
          "2020-04-10": 19,
          "2020-04-11": 0,
          "2020-04-12": 20,
          "2020-04-13": 8,
          "2020-04-14": 10,
          "2020-04-15": 1,
          "2020-04-16": 1,
          "2020-04-17": 6,
          "2020-04-18": 0,
          "2020-04-19": 6,
          "2020-04-20": 0,
          "2020-04-21": 19,
          "2020-04-22": 12,
          "2020-04-23": 12,
          "2020-04-24": 20,
          "2020-04-25": 13,
          "2020-04-26": 16,
          "2020-04-27": 12,
          "2020-04-28": 18,
          "2020-04-29": 20,
          "2020-04-30": 0,
          "2020-05-01": 6,
          "2020-05-02": 3,
          "2020-05-03": 2,
          "2020-05-04": 6,
          "2020-05-05": 4,
          "2020-05-06": 18,
          "2020-05-07": 15,
          "2020-05-08": 10,
          "2020-05-09": 15,
          "2020-05-10": 12,
          "2020-05-11": 5,
          "2020-05-12": 2,
          "2020-05-13": 11,
          "2020-05-14": 9,
          "2020-05-15": 6,
          "2020-05-16": 5,
          "2020-05-17": 5,
          "2020-05-18": 3,
          "2020-05-19": 14,
          "2020-05-20": 5,
          "2020-05-21": 18,
          "2020-05-22": 15,
          "2020-05-23": 11,
          "2020-05-24": 2,
          "2020-05-25": 14,
          "2020-05-26": 11,
          "2020-05-27": 20,
          "2020-05-28": 9,
          "2020-05-29": 20,
          "2020-05-30": 8,
          "2020-05-31": 7,
          "2020-06-01": 14,
          "2020-06-02": 9,
          "2020-06-03": 1,
          "2020-06-04": 7,
          "2020-06-05": 15,
          "2020-06-06": 9,
          "2020-06-07": 14,
          "2020-06-08": 18,
          "2020-06-09": 14,
          "2020-06-10": 3,
          "2020-06-11": 14,
          "2020-06-12": 20,
          "2020-06-13": 10,
          "2020-06-14": 1,
          "2020-06-15": 13,
          "2020-06-16": 17,
          "2020-06-17": 18,
          "2020-06-18": 13,
          "2020-06-19": 11,
          "2020-06-20": 20,
          "2020-06-21": 20,
          "2020-06-22": 15,
          "2020-06-23": 15,
          "2020-06-24": 12,
          "2020-06-25": 13,
          "2020-06-26": 15,
          "2020-06-27": 11,
          "2020-06-28": 9,
          "2020-06-29": 17,
          "2020-06-30": 3,
          "2020-07-01": 17,
          "2020-07-02": 9,
          "2020-07-03": 19,
          "2020-07-04": 17,
          "2020-07-05": 6,
          "2020-07-06": 11,
          "2020-07-07": 19,
          "2020-07-08": 17,
          "2020-07-09": 6,
          "2020-07-10": 5,
          "2020-07-11": 11,
          "2020-07-12": 1,
          "2020-07-13": 11,
          "2020-07-14": 8,
          "2020-07-15": 17,
          "2020-07-16": 3,
          "2020-07-17": 15,
          "2020-07-18": 11,
          "2020-07-19": 8,
          "2020-07-20": 17,
          "2020-07-21": 9,
          "2020-07-22": 4,
          "2020-07-23": 17,
          "2020-07-24": 12,
          "2020-07-25": 2,
          "2020-07-26": 18,
          "2020-07-27": 4,
          "2020-07-28": 1,
          "2020-07-29": 19,
          "2020-07-30": 20,
          "2020-07-31": 8,
          "2020-08-01": 17,
          "2020-08-02": 19,
          "2020-08-03": 5,
          "2020-08-04": 3,
          "2020-08-05": 17,
          "2020-08-06": 14,
          "2020-08-07": 16,
          "2020-08-08": 11,
          "2020-08-09": 8,
          "2020-08-10": 10,
          "2020-08-11": 16,
          "2020-08-12": 6,
          "2020-08-13": 17,
          "2020-08-14": 17,
          "2020-08-15": 1,
          "2020-08-16": 14,
          "2020-08-17": 0,
          "2020-08-18": 20,
          "2020-08-19": 0,
          "2020-08-20": 7,
          "2020-08-21": 6,
          "2020-08-22": 20,
          "2020-08-23": 16,
          "2020-08-24": 20,
          "2020-08-25": 19,
          "2020-08-26": 6,
          "2020-08-27": 12,
          "2020-08-28": 5,
          "2020-08-29": 19,
          "2020-08-30": 14,
          "2020-08-31": 17,
          "2020-09-01": 16,
          "2020-09-02": 16,
          "2020-09-03": 15,
          "2020-09-04": 0,
          "2020-09-05": 10,
          "2020-09-06": 9,
          "2020-09-07": 16,
          "2020-09-08": 16,
          "2020-09-09": 5,
          "2020-09-10": 0,
          "2020-09-11": 19,
          "2020-09-12": 13,
          "2020-09-13": 11,
          "2020-09-14": 18,
          "2020-09-15": 0,
          "2020-09-16": 0,
          "2020-09-17": 3,
          "2020-09-18": 16,
          "2020-09-19": 17,
          "2020-09-20": 2,
          "2020-09-21": 0,
          "2020-09-22": 15,
          "2020-09-23": 2,
          "2020-09-24": 18,
          "2020-09-25": 6,
          "2020-09-26": 15,
          "2020-09-27": 3,
          "2020-09-28": 10,
          "2020-09-29": 13,
          "2020-09-30": 20,
          "2020-10-01": 8,
          "2020-10-02": 5,
          "2020-10-03": 13,
          "2020-10-04": 12,
          "2020-10-05": 2,
          "2020-10-06": 13,
          "2020-10-07": 6,
          "2020-10-08": 15,
          "2020-10-09": 15,
          "2020-10-10": 5,
          "2020-10-11": 20,
          "2020-10-12": 4,
          "2020-10-13": 12,
          "2020-10-14": 3,
          "2020-10-15": 1,
          "2020-10-16": 11,
          "2020-10-17": 4,
          "2020-10-18": 13,
          "2020-10-19": 15,
          "2020-10-20": 17,
          "2020-10-21": 4,
          "2020-10-22": 5,
          "2020-10-23": 18,
          "2020-10-24": 4,
          "2020-10-25": 2,
          "2020-10-26": 7,
          "2020-10-27": 17,
          "2020-10-28": 7,
          "2020-10-29": 5,
          "2020-10-30": 19,
          "2020-10-31": 8,
          "2020-11-01": 5,
          "2020-11-02": 4,
          "2020-11-03": 6,
          "2020-11-04": 7,
          "2020-11-05": 15,
          "2020-11-06": 13,
          "2020-11-07": 1,
          "2020-11-08": 13,
          "2020-11-09": 11,
          "2020-11-10": 16,
          "2020-11-11": 15,
          "2020-11-12": 2,
          "2020-11-13": 9,
          "2020-11-14": 4,
          "2020-11-15": 12,
          "2020-11-16": 10,
          "2020-11-17": 16,
          "2020-11-18": 11,
          "2020-11-19": 3,
          "2020-11-20": 10,
          "2020-11-21": 18,
          "2020-11-22": 8,
          "2020-11-23": 11,
          "2020-11-24": 19,
          "2020-11-25": 3,
          "2020-11-26": 20,
          "2020-11-27": 8,
          "2020-11-28": 18,
          "2020-11-29": 18,
          "2020-11-30": 17,
          "2020-12-01": 2,
          "2020-12-02": 2,
          "2020-12-03": 12,
          "2020-12-04": 16,
          "2020-12-05": 8,
          "2020-12-06": 6,
          "2020-12-07": 15,
          "2020-12-08": 2,
          "2020-12-09": 7,
          "2020-12-10": 11,
          "2020-12-11": 1,
          "2020-12-12": 1,
          "2020-12-13": 18,
          "2020-12-14": 3,
          "2020-12-15": 18,
          "2020-12-16": 8,
          "2020-12-17": 16,
          "2020-12-18": 16,
          "2020-12-19": 4,
          "2020-12-20": 0,
          "2020-12-21": 13,
          "2020-12-22": 4,
          "2020-12-23": 16,
          "2020-12-24": 9,
          "2020-12-25": 18,
          "2020-12-26": 17,
          "2020-12-27": 15,
          "2020-12-28": 7,
          "2020-12-29": 19,
          "2020-12-30": 12,
          "2020-12-31": 11
        }
      },
      "geometry": {
        "type": "Point",
        "coordinates": [
          106.73687615300025,
          -6.170134355819926
        ]
      }
    },
    {
      "type": "Feature",
      "properties": {
        "AWLR_Name": "PA 3 Marunda",
        "Device_ID": "AWLR-570",
        "Brand": "ICU",
        "Longitude": 106.9666,
        "Latitude": -6.110702,
        "Catchment_Name": "DAS Blencong",
        "Built_Year": "2014",
        "Provinsi": "DKI Jakarta",
        "Kota": "Jakarta Utara",
        "Kecamatan": "Cilincing",
        "Kelurahan": "Marunda",
        "Manager": "BBWS Ciliwung Cisadane",
        "River_Region": "WS Ciliwung Cisadane",
        "Station_Condition": "Poor",
        "Device_Condition": "Good",
        "Type": "Telemetri",
        "Elevation": "No Data",
        "Data_Frequency": "15 minutes",
        "Last_Maintenance": "20-08-2020",
        "Data_Completeness": "98%",
        "Reading": {
          "2020-01-01": 2.01,
          "2020-01-02": 1.81,
          "2020-01-03": 0.75,
          "2020-01-04": 0.55,
          "2020-01-05": 0.56,
          "2020-01-06": 0.37,
          "2020-01-07": 0.13,
          "2020-01-08": 0.06,
          "2020-01-09": 0.25,
          "2020-01-10": 0.17,
          "2020-01-11": 0.04,
          "2020-01-12": 0.09,
          "2020-01-13": 0.42,
          "2020-01-14": 0.61,
          "2020-01-15": 0.75,
          "2020-01-16": 0.75,
          "2020-01-17": 0.72,
          "2020-01-18": 1.12,
          "2020-01-19": 0.7,
          "2020-01-20": 0.74,
          "2020-01-21": 0.88,
          "2020-01-22": 0.79,
          "2020-01-23": 0.83,
          "2020-01-24": 1.24,
          "2020-01-25": 1,
          "2020-01-26": 0.96,
          "2020-01-27": 1.26,
          "2020-01-28": 0.98,
          "2020-01-29": 0.92,
          "2020-01-30": 1.14,
          "2020-01-31": 1.05,
          "2020-02-01": 1.55,
          "2020-02-02": 1.43,
          "2020-02-03": 1.25,
          "2020-02-04": 1.14,
          "2020-02-05": 1.04,
          "2020-02-06": 1.05,
          "2020-02-07": 1.16,
          "2020-02-08": 1.92,
          "2020-02-09": 1.15,
          "2020-02-10": 1.05,
          "2020-02-11": 1.06,
          "2020-02-12": 1.01,
          "2020-02-13": 0.98,
          "2020-02-14": 1.08,
          "2020-02-15": 1.04,
          "2020-02-16": 1.25,
          "2020-02-17": 1.14,
          "2020-02-18": 0.92,
          "2020-02-19": 0.96,
          "2020-02-20": 1.42,
          "2020-02-21": 1.19,
          "2020-02-22": 1.69,
          "2020-02-23": 1.66,
          "2020-02-24": 1.25,
          "2020-02-25": 1.8,
          "2020-02-26": 1.23,
          "2020-02-27": 1.12,
          "2020-02-28": 1.32,
          "2020-02-29": 1.28,
          "2020-03-01": 1.44,
          "2020-03-02": 1.31,
          "2020-03-03": 1.03,
          "2020-03-04": 1.08,
          "2020-03-05": 1.01,
          "2020-03-06": 1,
          "2020-03-07": 0.95,
          "2020-03-08": 0.9,
          "2020-03-09": 0.89,
          "2020-03-10": 0.89,
          "2020-03-11": 0.91,
          "2020-03-12": 1.04,
          "2020-03-13": 1.07,
          "2020-03-14": 0.9,
          "2020-03-15": 1.13,
          "2020-03-16": 1.03,
          "2020-03-17": 1.28,
          "2020-03-18": 0.96,
          "2020-03-19": 0.86,
          "2020-03-20": 1.43,
          "2020-03-21": 0.96,
          "2020-03-22": 1,
          "2020-03-23": 0.9,
          "2020-03-24": 0.89,
          "2020-03-25": 0.91,
          "2020-03-26": 0.88,
          "2020-03-27": 0.87,
          "2020-03-28": 0.93,
          "2020-03-29": 0.85,
          "2020-03-30": 1.05,
          "2020-03-31": 1.08,
          "2020-04-01": 1.08,
          "2020-04-02": 0.78,
          "2020-04-03": 0.8,
          "2020-04-04": 0.81,
          "2020-04-05": 0.93,
          "2020-04-06": 1.21,
          "2020-04-07": 0.8,
          "2020-04-08": 0.8,
          "2020-04-09": 0.83,
          "2020-04-10": 1.29,
          "2020-04-11": 1.09,
          "2020-04-12": 1,
          "2020-04-13": 1.42,
          "2020-04-14": 1.61,
          "2020-04-15": 1.61,
          "2020-04-16": 1.61,
          "2020-04-17": 1.61,
          "2020-04-18": 1.61,
          "2020-04-19": 1.13,
          "2020-04-20": 0.84,
          "2020-04-21": 0.84,
          "2020-04-22": 0.84,
          "2020-04-23": 0.84,
          "2020-04-24": 0.84,
          "2020-04-25": 0.84,
          "2020-04-26": 0.84,
          "2020-04-27": 0.88,
          "2020-04-28": 0.85,
          "2020-04-29": 0.81,
          "2020-04-30": 0.8,
          "2020-05-01": 0.82,
          "2020-05-02": 0.81,
          "2020-05-03": 0.81,
          "2020-05-04": 0.8,
          "2020-05-05": 0.8,
          "2020-05-06": 0.83,
          "2020-05-07": 0.82,
          "2020-05-08": 0.82,
          "2020-05-09": 0.83,
          "2020-05-10": 0.82,
          "2020-05-11": 0.82,
          "2020-05-12": 0.83,
          "2020-05-13": 0.82,
          "2020-05-14": 0.81,
          "2020-05-15": 0.82,
          "2020-05-16": 0.83,
          "2020-05-17": 0.89,
          "2020-05-18": 0.94,
          "2020-05-19": 1.2,
          "2020-05-20": 1.22,
          "2020-05-21": 1.53,
          "2020-05-22": 1.52,
          "2020-05-23": 1.52,
          "2020-05-24": 1.52,
          "2020-05-25": 1.29,
          "2020-05-26": 0.93,
          "2020-05-27": 0.85,
          "2020-05-28": 0.85,
          "2020-05-29": 0.93,
          "2020-05-30": 1.05,
          "2020-05-31": 1.07,
          "2020-06-01": 0.89,
          "2020-06-02": 0.88,
          "2020-06-03": 1.02,
          "2020-06-04": 0.84,
          "2020-06-05": 0.85,
          "2020-06-06": 0.87,
          "2020-06-07": 0.86,
          "2020-06-08": 0.85,
          "2020-06-09": 0.84,
          "2020-06-10": 0.85,
          "2020-06-11": 0.93,
          "2020-06-12": 1.01,
          "2020-06-13": 0.88,
          "2020-06-14": 0.81,
          "2020-06-15": 0.8,
          "2020-06-16": 0.83,
          "2020-06-17": 0.79,
          "2020-06-18": 0.8,
          "2020-06-19": 0.84,
          "2020-06-20": 0.81,
          "2020-06-21": 0.81,
          "2020-06-22": 0.85,
          "2020-06-23": 0.83,
          "2020-06-24": 0.96,
          "2020-06-25": 0.82,
          "2020-06-26": 0.8,
          "2020-06-27": 0.8,
          "2020-06-28": 0.78,
          "2020-06-29": 0.79,
          "2020-06-30": 0.79,
          "2020-07-01": 0.81,
          "2020-07-02": 0.86,
          "2020-07-03": 0.92,
          "2020-07-04": 1,
          "2020-07-05": 0.83,
          "2020-07-06": 0.77,
          "2020-07-07": 0.7,
          "2020-07-08": 0.63,
          "2020-07-09": 0.4,
          "2020-07-10": 0.31,
          "2020-07-11": 0.23,
          "2020-07-12": 0.2,
          "2020-07-13": 0.52,
          "2020-07-14": 0.59,
          "2020-07-15": 0.27,
          "2020-07-16": 0.13,
          "2020-07-17": 0.22,
          "2020-07-18": 0.77,
          "2020-07-19": 0.84,
          "2020-07-20": 0.74,
          "2020-07-21": 0.63,
          "2020-07-22": 0.19,
          "2020-07-23": 0.22,
          "2020-07-24": 0.16,
          "2020-07-25": 0.16,
          "2020-07-26": 0.16,
          "2020-07-27": 0.35,
          "2020-07-28": 0.58,
          "2020-07-29": 0.56,
          "2020-07-30": 0.57,
          "2020-07-31": 0.54,
          "2020-08-01": 0.52,
          "2020-08-02": 0.51,
          "2020-08-03": 0.51,
          "2020-08-04": 0.49,
          "2020-08-05": 0.47,
          "2020-08-06": 0.46,
          "2020-08-07": 0.49,
          "2020-08-08": 0.47,
          "2020-08-09": 0.7,
          "2020-08-10": 0.55,
          "2020-08-11": 0.95,
          "2020-08-12": 0.76,
          "2020-08-13": 1,
          "2020-08-14": 1.11,
          "2020-08-15": 0.8,
          "2020-08-16": 0.67,
          "2020-08-17": 0.67,
          "2020-08-18": 0.78,
          "2020-08-19": 0.81,
          "2020-08-20": 0.62,
          "2020-08-21": 0.49,
          "2020-08-22": 0.5,
          "2020-08-23": 0.52,
          "2020-08-24": 0.59,
          "2020-08-25": 0.62,
          "2020-08-26": 0.62,
          "2020-08-27": 0.59,
          "2020-08-28": 0.52,
          "2020-08-29": 0.56,
          "2020-08-30": 0.5,
          "2020-08-31": 0.62,
          "2020-09-01": 0.64,
          "2020-09-02": 0.62,
          "2020-09-03": 0.63,
          "2020-09-04": 0.64,
          "2020-09-05": 0.64,
          "2020-09-06": 0.72,
          "2020-09-07": 0.62,
          "2020-09-08": 0.65,
          "2020-09-09": 0.67,
          "2020-09-10": 0.68,
          "2020-09-11": 0.7,
          "2020-09-12": 0.7,
          "2020-09-13": 0.71,
          "2020-09-14": 0.7,
          "2020-09-15": 0.54,
          "2020-09-16": 0.34,
          "2020-09-17": 0.42,
          "2020-09-18": 0.58,
          "2020-09-19": 0.57,
          "2020-09-20": 0.63,
          "2020-09-21": 0.71,
          "2020-09-22": 0.3,
          "2020-09-23": 0.09,
          "2020-09-24": 0.13,
          "2020-09-25": 0.47,
          "2020-09-26": 0.54,
          "2020-09-27": 0.74,
          "2020-09-28": 0.65,
          "2020-09-29": 0.66,
          "2020-09-30": 0.7,
          "2020-10-01": 0.73,
          "2020-10-02": 0.77,
          "2020-10-03": 0.78,
          "2020-10-04": 0.8,
          "2020-10-05": 0.85,
          "2020-10-06": 0.87,
          "2020-10-07": 0.92,
          "2020-10-08": 0.87,
          "2020-10-09": 0.9,
          "2020-10-10": 0.9,
          "2020-10-11": 0.91,
          "2020-10-12": 0.96,
          "2020-10-13": 1.02,
          "2020-10-14": 0.92,
          "2020-10-15": 1,
          "2020-10-16": 1.16,
          "2020-10-17": 1.3,
          "2020-10-18": 1.03,
          "2020-10-19": 1.03,
          "2020-10-20": 0.92,
          "2020-10-21": 0.93,
          "2020-10-22": 0.97,
          "2020-10-23": 0.96,
          "2020-10-24": 0.98,
          "2020-10-25": 0.98,
          "2020-10-26": 0.96,
          "2020-10-27": 0.91,
          "2020-10-28": 0.9,
          "2020-10-29": 0.96,
          "2020-10-30": 1.01,
          "2020-10-31": 1,
          "2020-11-01": 1.07,
          "2020-11-02": 1.04,
          "2020-11-03": 1.05,
          "2020-11-04": 1.04,
          "2020-11-05": 0.88,
          "2020-11-06": 1.05,
          "2020-11-07": 1.05,
          "2020-11-08": 1.01,
          "2020-11-09": 0.99,
          "2020-11-10": 0.96,
          "2020-11-11": 0.85,
          "2020-11-12": 0.81,
          "2020-11-13": 0.83,
          "2020-11-14": 0.97,
          "2020-11-15": 0.91,
          "2020-11-16": 0.93,
          "2020-11-17": 0.99,
          "2020-11-18": 0.92,
          "2020-11-19": 0.9,
          "2020-11-20": 0.93,
          "2020-11-21": 0.91,
          "2020-11-22": 0.87,
          "2020-11-23": 0.81,
          "2020-11-24": 0.87,
          "2020-11-25": 0.92,
          "2020-11-26": 0.92,
          "2020-11-27": 0.88,
          "2020-11-28": 0.8,
          "2020-11-29": 0.78,
          "2020-11-30": 0.76,
          "2020-12-01": 0.76,
          "2020-12-02": 0.76,
          "2020-12-03": 0.76,
          "2020-12-04": 0.76,
          "2020-12-05": 0.76,
          "2020-12-06": 0.78,
          "2020-12-07": 1.08,
          "2020-12-08": 1.12,
          "2020-12-09": 0.85,
          "2020-12-10": 0.85,
          "2020-12-11": 0.76,
          "2020-12-12": 0.73,
          "2020-12-13": 0.74,
          "2020-12-14": 0.79,
          "2020-12-15": 0.73,
          "2020-12-16": 0.72,
          "2020-12-17": 0.9,
          "2020-12-18": 0.81,
          "2020-12-19": 0.92,
          "2020-12-20": 0.84,
          "2020-12-21": 0.83,
          "2020-12-22": 0.79,
          "2020-12-23": 0.79,
          "2020-12-24": 0.76,
          "2020-12-25": 0.82,
          "2020-12-26": 0.78,
          "2020-12-27": 0.78,
          "2020-12-28": 0.8,
          "2020-12-29": 0.72,
          "2020-12-30": 0.77,
          "2020-12-31": 0.85
        },
        "Reading_(+6hr)": "2.5 m",
        "reading_manual": {
          "2020-01-01": 11,
          "2020-01-02": 12,
          "2020-01-03": 15,
          "2020-01-04": 17,
          "2020-01-05": 15,
          "2020-01-06": 7,
          "2020-01-07": 5,
          "2020-01-08": 13,
          "2020-01-09": 3,
          "2020-01-10": 8,
          "2020-01-11": 17,
          "2020-01-12": 18,
          "2020-01-13": 11,
          "2020-01-14": 1,
          "2020-01-15": 17,
          "2020-01-16": 2,
          "2020-01-17": 8,
          "2020-01-18": 10,
          "2020-01-19": 5,
          "2020-01-20": 0,
          "2020-01-21": 8,
          "2020-01-22": 17,
          "2020-01-23": 7,
          "2020-01-24": 13,
          "2020-01-25": 7,
          "2020-01-26": 10,
          "2020-01-27": 16,
          "2020-01-28": 11,
          "2020-01-29": 3,
          "2020-01-30": 1,
          "2020-01-31": 16,
          "2020-02-01": 1,
          "2020-02-02": 0,
          "2020-02-03": 9,
          "2020-02-04": 19,
          "2020-02-05": 4,
          "2020-02-06": 6,
          "2020-02-07": 9,
          "2020-02-08": 5,
          "2020-02-09": 5,
          "2020-02-10": 18,
          "2020-02-11": 19,
          "2020-02-12": 16,
          "2020-02-13": 1,
          "2020-02-14": 2,
          "2020-02-15": 17,
          "2020-02-16": 2,
          "2020-02-17": 3,
          "2020-02-18": 8,
          "2020-02-19": 8,
          "2020-02-20": 3,
          "2020-02-21": 5,
          "2020-02-22": 10,
          "2020-02-23": 11,
          "2020-02-24": 20,
          "2020-02-25": 16,
          "2020-02-26": 0,
          "2020-02-27": 19,
          "2020-02-28": 6,
          "2020-02-29": 1,
          "2020-03-01": 0,
          "2020-03-02": 13,
          "2020-03-03": 4,
          "2020-03-04": 16,
          "2020-03-05": 1,
          "2020-03-06": 19,
          "2020-03-07": 6,
          "2020-03-08": 14,
          "2020-03-09": 3,
          "2020-03-10": 4,
          "2020-03-11": 17,
          "2020-03-12": 1,
          "2020-03-13": 10,
          "2020-03-14": 2,
          "2020-03-15": 5,
          "2020-03-16": 12,
          "2020-03-17": 8,
          "2020-03-18": 7,
          "2020-03-19": 7,
          "2020-03-20": 16,
          "2020-03-21": 11,
          "2020-03-22": 10,
          "2020-03-23": 9,
          "2020-03-24": 6,
          "2020-03-25": 9,
          "2020-03-26": 13,
          "2020-03-27": 15,
          "2020-03-28": 14,
          "2020-03-29": 0,
          "2020-03-30": 3,
          "2020-03-31": 1,
          "2020-04-01": 11,
          "2020-04-02": 0,
          "2020-04-03": 4,
          "2020-04-04": 16,
          "2020-04-05": 8,
          "2020-04-06": 1,
          "2020-04-07": 16,
          "2020-04-08": 5,
          "2020-04-09": 7,
          "2020-04-10": 8,
          "2020-04-11": 7,
          "2020-04-12": 11,
          "2020-04-13": 15,
          "2020-04-14": 0,
          "2020-04-15": 0,
          "2020-04-16": 2,
          "2020-04-17": 13,
          "2020-04-18": 2,
          "2020-04-19": 14,
          "2020-04-20": 5,
          "2020-04-21": 5,
          "2020-04-22": 10,
          "2020-04-23": 16,
          "2020-04-24": 4,
          "2020-04-25": 4,
          "2020-04-26": 19,
          "2020-04-27": 14,
          "2020-04-28": 2,
          "2020-04-29": 5,
          "2020-04-30": 1,
          "2020-05-01": 17,
          "2020-05-02": 12,
          "2020-05-03": 10,
          "2020-05-04": 6,
          "2020-05-05": 0,
          "2020-05-06": 4,
          "2020-05-07": 11,
          "2020-05-08": 20,
          "2020-05-09": 17,
          "2020-05-10": 13,
          "2020-05-11": 6,
          "2020-05-12": 8,
          "2020-05-13": 14,
          "2020-05-14": 8,
          "2020-05-15": 0,
          "2020-05-16": 5,
          "2020-05-17": 1,
          "2020-05-18": 16,
          "2020-05-19": 12,
          "2020-05-20": 1,
          "2020-05-21": 16,
          "2020-05-22": 14,
          "2020-05-23": 8,
          "2020-05-24": 5,
          "2020-05-25": 17,
          "2020-05-26": 17,
          "2020-05-27": 0,
          "2020-05-28": 1,
          "2020-05-29": 13,
          "2020-05-30": 20,
          "2020-05-31": 11,
          "2020-06-01": 3,
          "2020-06-02": 19,
          "2020-06-03": 4,
          "2020-06-04": 18,
          "2020-06-05": 9,
          "2020-06-06": 15,
          "2020-06-07": 16,
          "2020-06-08": 4,
          "2020-06-09": 20,
          "2020-06-10": 3,
          "2020-06-11": 5,
          "2020-06-12": 14,
          "2020-06-13": 6,
          "2020-06-14": 16,
          "2020-06-15": 0,
          "2020-06-16": 3,
          "2020-06-17": 16,
          "2020-06-18": 4,
          "2020-06-19": 6,
          "2020-06-20": 4,
          "2020-06-21": 3,
          "2020-06-22": 6,
          "2020-06-23": 17,
          "2020-06-24": 12,
          "2020-06-25": 2,
          "2020-06-26": 6,
          "2020-06-27": 20,
          "2020-06-28": 6,
          "2020-06-29": 6,
          "2020-06-30": 20,
          "2020-07-01": 10,
          "2020-07-02": 2,
          "2020-07-03": 20,
          "2020-07-04": 1,
          "2020-07-05": 1,
          "2020-07-06": 8,
          "2020-07-07": 9,
          "2020-07-08": 13,
          "2020-07-09": 9,
          "2020-07-10": 12,
          "2020-07-11": 16,
          "2020-07-12": 13,
          "2020-07-13": 5,
          "2020-07-14": 7,
          "2020-07-15": 7,
          "2020-07-16": 5,
          "2020-07-17": 18,
          "2020-07-18": 7,
          "2020-07-19": 11,
          "2020-07-20": 13,
          "2020-07-21": 17,
          "2020-07-22": 3,
          "2020-07-23": 13,
          "2020-07-24": 19,
          "2020-07-25": 8,
          "2020-07-26": 0,
          "2020-07-27": 4,
          "2020-07-28": 10,
          "2020-07-29": 14,
          "2020-07-30": 20,
          "2020-07-31": 6,
          "2020-08-01": 18,
          "2020-08-02": 9,
          "2020-08-03": 17,
          "2020-08-04": 10,
          "2020-08-05": 10,
          "2020-08-06": 20,
          "2020-08-07": 6,
          "2020-08-08": 9,
          "2020-08-09": 8,
          "2020-08-10": 0,
          "2020-08-11": 18,
          "2020-08-12": 4,
          "2020-08-13": 0,
          "2020-08-14": 2,
          "2020-08-15": 10,
          "2020-08-16": 6,
          "2020-08-17": 14,
          "2020-08-18": 9,
          "2020-08-19": 5,
          "2020-08-20": 18,
          "2020-08-21": 5,
          "2020-08-22": 5,
          "2020-08-23": 8,
          "2020-08-24": 19,
          "2020-08-25": 4,
          "2020-08-26": 8,
          "2020-08-27": 2,
          "2020-08-28": 6,
          "2020-08-29": 16,
          "2020-08-30": 18,
          "2020-08-31": 7,
          "2020-09-01": 6,
          "2020-09-02": 9,
          "2020-09-03": 8,
          "2020-09-04": 20,
          "2020-09-05": 0,
          "2020-09-06": 16,
          "2020-09-07": 0,
          "2020-09-08": 9,
          "2020-09-09": 12,
          "2020-09-10": 7,
          "2020-09-11": 14,
          "2020-09-12": 2,
          "2020-09-13": 13,
          "2020-09-14": 9,
          "2020-09-15": 2,
          "2020-09-16": 13,
          "2020-09-17": 14,
          "2020-09-18": 2,
          "2020-09-19": 13,
          "2020-09-20": 6,
          "2020-09-21": 4,
          "2020-09-22": 9,
          "2020-09-23": 9,
          "2020-09-24": 13,
          "2020-09-25": 3,
          "2020-09-26": 7,
          "2020-09-27": 13,
          "2020-09-28": 20,
          "2020-09-29": 11,
          "2020-09-30": 9,
          "2020-10-01": 4,
          "2020-10-02": 1,
          "2020-10-03": 18,
          "2020-10-04": 8,
          "2020-10-05": 9,
          "2020-10-06": 6,
          "2020-10-07": 0,
          "2020-10-08": 16,
          "2020-10-09": 19,
          "2020-10-10": 14,
          "2020-10-11": 3,
          "2020-10-12": 8,
          "2020-10-13": 16,
          "2020-10-14": 3,
          "2020-10-15": 12,
          "2020-10-16": 1,
          "2020-10-17": 5,
          "2020-10-18": 14,
          "2020-10-19": 20,
          "2020-10-20": 13,
          "2020-10-21": 3,
          "2020-10-22": 5,
          "2020-10-23": 3,
          "2020-10-24": 13,
          "2020-10-25": 9,
          "2020-10-26": 6,
          "2020-10-27": 12,
          "2020-10-28": 14,
          "2020-10-29": 0,
          "2020-10-30": 12,
          "2020-10-31": 0,
          "2020-11-01": 3,
          "2020-11-02": 17,
          "2020-11-03": 18,
          "2020-11-04": 7,
          "2020-11-05": 5,
          "2020-11-06": 7,
          "2020-11-07": 10,
          "2020-11-08": 18,
          "2020-11-09": 17,
          "2020-11-10": 10,
          "2020-11-11": 13,
          "2020-11-12": 13,
          "2020-11-13": 9,
          "2020-11-14": 18,
          "2020-11-15": 16,
          "2020-11-16": 4,
          "2020-11-17": 17,
          "2020-11-18": 10,
          "2020-11-19": 17,
          "2020-11-20": 20,
          "2020-11-21": 15,
          "2020-11-22": 12,
          "2020-11-23": 4,
          "2020-11-24": 20,
          "2020-11-25": 3,
          "2020-11-26": 15,
          "2020-11-27": 15,
          "2020-11-28": 18,
          "2020-11-29": 13,
          "2020-11-30": 7,
          "2020-12-01": 3,
          "2020-12-02": 11,
          "2020-12-03": 18,
          "2020-12-04": 19,
          "2020-12-05": 3,
          "2020-12-06": 2,
          "2020-12-07": 1,
          "2020-12-08": 9,
          "2020-12-09": 20,
          "2020-12-10": 18,
          "2020-12-11": 10,
          "2020-12-12": 1,
          "2020-12-13": 15,
          "2020-12-14": 8,
          "2020-12-15": 16,
          "2020-12-16": 1,
          "2020-12-17": 14,
          "2020-12-18": 12,
          "2020-12-19": 5,
          "2020-12-20": 2,
          "2020-12-21": 13,
          "2020-12-22": 12,
          "2020-12-23": 2,
          "2020-12-24": 1,
          "2020-12-25": 18,
          "2020-12-26": 20,
          "2020-12-27": 9,
          "2020-12-28": 13,
          "2020-12-29": 4,
          "2020-12-30": 15,
          "2020-12-31": 7
        }
      },
      "geometry": {
        "type": "Point",
        "coordinates": [
          106.96660022800006,
          -6.110701849009956
        ]
      }
    },
    {
      "type": "Feature",
      "properties": {
        "AWLR_Name": "Krukut-Margasatwa",
        "Device_ID": "AWLR-547",
        "Brand": "PT. INTI",
        "Longitude": 106.807991,
        "Latitude": -6.311331,
        "Catchment_Name": "DAS Krukut",
        "Built_Year": "1999",
        "Provinsi": "DKI Jakarta",
        "Kota": "Jakarta Selatan",
        "Kecamatan": "Jagakarsa",
        "Kelurahan": "Cilandak",
        "Manager": "BBWS Ciliwung Cisadane",
        "River_Region": "WS Ciliwung Cisadane",
        "Station_Condition": "Poor",
        "Device_Condition": "Good",
        "Type": "Telemetri",
        "Elevation": "No Data",
        "Data_Frequency": "15 minutes",
        "Last_Maintenance": "20-08-2020",
        "Data_Completeness": "98%",
        "Reading": {
          "2020-01-01": 1.84,
          "2020-01-02": 1.58,
          "2020-01-03": 0.81,
          "2020-01-04": 0.72,
          "2020-01-05": 0.71,
          "2020-01-06": 0.76,
          "2020-01-07": 0.69,
          "2020-01-08": 0.66,
          "2020-01-09": 0.94,
          "2020-01-10": 0.68,
          "2020-01-11": 0.63,
          "2020-01-12": 0.59,
          "2020-01-13": 0.58,
          "2020-01-14": 0.58,
          "2020-01-15": 0.57,
          "2020-01-16": 0.7,
          "2020-01-17": 0.7,
          "2020-01-18": 0.8,
          "2020-01-19": 0.62,
          "2020-01-20": 0.71,
          "2020-01-21": 0.72,
          "2020-01-22": 0.63,
          "2020-01-23": 0.73,
          "2020-01-24": 0.66,
          "2020-01-25": 0.73,
          "2020-01-26": 0.98,
          "2020-01-27": 0.78,
          "2020-01-28": 0.58,
          "2020-01-29": 0.58,
          "2020-01-30": 0.63,
          "2020-01-31": 0.64,
          "2020-02-01": 0.81,
          "2020-02-02": 0.77,
          "2020-02-03": 0.72,
          "2020-02-04": 0.63,
          "2020-02-05": 0.62,
          "2020-02-06": 0.61,
          "2020-02-07": 0.69,
          "2020-02-08": 0.93,
          "2020-02-09": 0.7,
          "2020-02-10": 0.76,
          "2020-02-11": 0.75,
          "2020-02-12": 0.69,
          "2020-02-13": 0.7,
          "2020-02-14": 0.77,
          "2020-02-15": 0.69,
          "2020-02-16": 0.66,
          "2020-02-17": 0.61,
          "2020-02-18": 0.6,
          "2020-02-19": 0.65,
          "2020-02-20": 0.86,
          "2020-02-21": 0.74,
          "2020-02-22": 0.84,
          "2020-02-23": 0.7,
          "2020-02-24": 0.92,
          "2020-02-25": 0.9,
          "2020-02-26": 0.7,
          "2020-02-27": 0.63,
          "2020-02-28": 0.75,
          "2020-02-29": 0.81,
          "2020-03-01": 1.13,
          "2020-03-02": 0.76,
          "2020-03-03": 0.62,
          "2020-03-04": 0.61,
          "2020-03-05": 0.61,
          "2020-03-06": 0.59,
          "2020-03-07": 0.56,
          "2020-03-08": 0.51,
          "2020-03-09": 0.53,
          "2020-03-10": 0.51,
          "2020-03-11": 0.55,
          "2020-03-12": 0.63,
          "2020-03-13": 0.58,
          "2020-03-14": 0.62,
          "2020-03-15": 0.57,
          "2020-03-16": 1.37,
          "2020-03-17": 0.95,
          "2020-03-18": 0.78,
          "2020-03-19": 0.75,
          "2020-03-20": 0.83,
          "2020-03-21": 0.74,
          "2020-03-22": 0.75,
          "2020-03-23": 0.76,
          "2020-03-24": 0.7,
          "2020-03-25": 0.77,
          "2020-03-26": 0.78,
          "2020-03-27": 0.97,
          "2020-03-28": 0.89,
          "2020-03-29": 0.86,
          "2020-03-30": 0.86,
          "2020-03-31": 0.8,
          "2020-04-01": 0.64,
          "2020-04-02": 0.62,
          "2020-04-03": 0.64,
          "2020-04-04": 0.71,
          "2020-04-05": 1.1,
          "2020-04-06": 0.7,
          "2020-04-07": 0.65,
          "2020-04-08": 0.69,
          "2020-04-09": 0.64,
          "2020-04-10": 0.78,
          "2020-04-11": 0.69,
          "2020-04-12": 0.63,
          "2020-04-13": 0.76,
          "2020-04-14": 0.9,
          "2020-04-15": 0.79,
          "2020-04-16": 0.73,
          "2020-04-17": 0.76,
          "2020-04-18": 0.77,
          "2020-04-19": 0.76,
          "2020-04-20": 0.79,
          "2020-04-21": 0.75,
          "2020-04-22": 0.69,
          "2020-04-23": 0.66,
          "2020-04-24": 0.78,
          "2020-04-25": 0.71,
          "2020-04-26": 1.18,
          "2020-04-27": 0.96,
          "2020-04-28": 1.08,
          "2020-04-29": 0.92,
          "2020-04-30": 0.86,
          "2020-05-01": 0.74,
          "2020-05-02": 0.77,
          "2020-05-03": 0.68,
          "2020-05-04": 0.68,
          "2020-05-05": 0.68,
          "2020-05-06": 1.16,
          "2020-05-07": 0.73,
          "2020-05-08": 0.7,
          "2020-05-09": 0.63,
          "2020-05-10": 0.89,
          "2020-05-11": 0.97,
          "2020-05-12": 0.94,
          "2020-05-13": 0.8,
          "2020-05-14": 0.7,
          "2020-05-15": 0.68,
          "2020-05-16": 0.67,
          "2020-05-17": 0.69,
          "2020-05-18": 1.27,
          "2020-05-19": 0.88,
          "2020-05-20": 1.16,
          "2020-05-21": 0.97,
          "2020-05-22": 0.85,
          "2020-05-23": 0.86,
          "2020-05-24": 0.74,
          "2020-05-25": 0.64,
          "2020-05-26": 0.62,
          "2020-05-27": 0.61,
          "2020-05-28": 0.61,
          "2020-05-29": 0.6,
          "2020-05-30": 0.59,
          "2020-05-31": 0.55,
          "2020-06-01": 0.57,
          "2020-06-02": 0.58,
          "2020-06-03": 0.63,
          "2020-06-04": 0.63,
          "2020-06-05": 0.64,
          "2020-06-06": 0.66,
          "2020-06-07": 0.65,
          "2020-06-08": 0.62,
          "2020-06-09": 0.65,
          "2020-06-10": 0.59,
          "2020-06-11": 0.69,
          "2020-06-12": 0.7,
          "2020-06-13": 0.65,
          "2020-06-14": 0.59,
          "2020-06-15": 0.61,
          "2020-06-16": 0.6,
          "2020-06-17": 0.57,
          "2020-06-18": 0.58,
          "2020-06-19": 0.61,
          "2020-06-20": 0.6,
          "2020-06-21": 0.6,
          "2020-06-22": 0.58,
          "2020-06-23": 0.56,
          "2020-06-24": 0.57,
          "2020-06-25": 0.61,
          "2020-06-26": 0.56,
          "2020-06-27": 0.57,
          "2020-06-28": 0.56,
          "2020-06-29": 0.55,
          "2020-06-30": 0.53,
          "2020-07-01": 0.54,
          "2020-07-02": 0.63,
          "2020-07-03": 0.75,
          "2020-07-04": 0.68,
          "2020-07-05": 0.55,
          "2020-07-06": 0.56,
          "2020-07-07": 0.55,
          "2020-07-08": 0.63,
          "2020-07-09": 0.56,
          "2020-07-10": 0.53,
          "2020-07-11": 0.52,
          "2020-07-12": 0.55,
          "2020-07-13": 0.7,
          "2020-07-14": 0.65,
          "2020-07-15": 0.65,
          "2020-07-16": 0.57,
          "2020-07-17": 0.51,
          "2020-07-18": 0.47,
          "2020-07-19": 0.47,
          "2020-07-20": 0.48,
          "2020-07-21": 0.46,
          "2020-07-22": 0.49,
          "2020-07-23": 0.48,
          "2020-07-24": 0.45,
          "2020-07-25": 0.44,
          "2020-07-26": 0.42,
          "2020-07-27": 0.43,
          "2020-07-28": 0.45,
          "2020-07-29": 0.45,
          "2020-07-30": 0.46,
          "2020-07-31": 0.44,
          "2020-08-01": 0.43,
          "2020-08-02": 0.41,
          "2020-08-03": 0.4,
          "2020-08-04": 0.41,
          "2020-08-05": 0.42,
          "2020-08-06": 0.41,
          "2020-08-07": 0.42,
          "2020-08-08": 0.49,
          "2020-08-09": 0.43,
          "2020-08-10": 0.51,
          "2020-08-11": 0.66,
          "2020-08-12": 0.44,
          "2020-08-13": 0.84,
          "2020-08-14": 0.67,
          "2020-08-15": 0.59,
          "2020-08-16": 0.5,
          "2020-08-17": 0.5,
          "2020-08-18": 0.52,
          "2020-08-19": 0.52,
          "2020-08-20": 0.49,
          "2020-08-21": 0.46,
          "2020-08-22": 0.41,
          "2020-08-23": 0.41,
          "2020-08-24": 0.42,
          "2020-08-25": 0.43,
          "2020-08-26": 0.42,
          "2020-08-27": 0.41,
          "2020-08-28": 0.43,
          "2020-08-29": 0.48,
          "2020-08-30": 0.43,
          "2020-08-31": 0.47,
          "2020-09-01": 0.44,
          "2020-09-02": 0.41,
          "2020-09-03": 0.41,
          "2020-09-04": 0.43,
          "2020-09-05": 0.43,
          "2020-09-06": 0.52,
          "2020-09-07": 0.5,
          "2020-09-08": 0.58,
          "2020-09-09": 0.45,
          "2020-09-10": 0.42,
          "2020-09-11": 0.41,
          "2020-09-12": 0.38,
          "2020-09-13": 0.45,
          "2020-09-14": 0.57,
          "2020-09-15": 1.01,
          "2020-09-16": 0.6,
          "2020-09-17": 0.53,
          "2020-09-18": 0.42,
          "2020-09-19": 0.41,
          "2020-09-20": 0.42,
          "2020-09-21": 0.59,
          "2020-09-22": 0.54,
          "2020-09-23": 0.42,
          "2020-09-24": 0.39,
          "2020-09-25": 0.4,
          "2020-09-26": 0.42,
          "2020-09-27": 0.56,
          "2020-09-28": 0.52,
          "2020-09-29": 0.41,
          "2020-09-30": 0.43,
          "2020-10-01": 0.48,
          "2020-10-02": 0.63,
          "2020-10-03": 0.58,
          "2020-10-04": 1.18,
          "2020-10-05": 1.65,
          "2020-10-06": 0.72,
          "2020-10-07": 0.57,
          "2020-10-08": 0.95,
          "2020-10-09": 0.77,
          "2020-10-10": 1.48,
          "2020-10-11": 0.92,
          "2020-10-12": 0.55,
          "2020-10-13": 0.7,
          "2020-10-14": 0.64,
          "2020-10-15": 0.65,
          "2020-10-16": 0.7,
          "2020-10-17": 0.71,
          "2020-10-18": 0.71,
          "2020-10-19": 0.69,
          "2020-10-20": 0.65,
          "2020-10-21": 0.76,
          "2020-10-22": 0.64,
          "2020-10-23": 0.57,
          "2020-10-24": 0.58,
          "2020-10-25": 0.84,
          "2020-10-26": 0.57,
          "2020-10-27": 0.54,
          "2020-10-28": 0.57,
          "2020-10-29": 0.64,
          "2020-10-30": 0.68,
          "2020-10-31": 0.63,
          "2020-11-01": 0.81,
          "2020-11-02": 0.63,
          "2020-11-03": 1.07,
          "2020-11-04": 0.73,
          "2020-11-05": 0.7,
          "2020-11-06": 0.62,
          "2020-11-07": 0.69,
          "2020-11-08": 0.6,
          "2020-11-09": 0.53,
          "2020-11-10": 0.63,
          "2020-11-11": 0.59,
          "2020-11-12": 0.6,
          "2020-11-13": 0.63,
          "2020-11-14": 0.7,
          "2020-11-15": 0.64,
          "2020-11-16": 0.64,
          "2020-11-17": 0.61,
          "2020-11-18": 0.67,
          "2020-11-19": 0.52,
          "2020-11-20": 0.61,
          "2020-11-21": 0.65,
          "2020-11-22": 0.61,
          "2020-11-23": 0.56,
          "2020-11-24": 0.69,
          "2020-11-25": 0.51,
          "2020-11-26": 0.46,
          "2020-11-27": 0.46,
          "2020-11-28": 0.48,
          "2020-11-29": 0.53,
          "2020-11-30": 0.55,
          "2020-12-01": 0.46,
          "2020-12-02": 0.45,
          "2020-12-03": 0.53,
          "2020-12-04": 0.47,
          "2020-12-05": 0.52,
          "2020-12-06": 0.6,
          "2020-12-07": 0.69,
          "2020-12-08": 0.61,
          "2020-12-09": 0.53,
          "2020-12-10": 0.59,
          "2020-12-11": 0.51,
          "2020-12-12": 0.47,
          "2020-12-13": 0.47,
          "2020-12-14": 0.47,
          "2020-12-15": 0.45,
          "2020-12-16": 0.44,
          "2020-12-17": 0.69,
          "2020-12-18": 0.56,
          "2020-12-19": 0.63,
          "2020-12-20": 0.55,
          "2020-12-21": 0.52,
          "2020-12-22": 0.48,
          "2020-12-23": 0.45,
          "2020-12-24": 0.5,
          "2020-12-25": 0.54,
          "2020-12-26": 0.5,
          "2020-12-27": 0.48,
          "2020-12-28": 0.43,
          "2020-12-29": 0.44,
          "2020-12-30": 0.45,
          "2020-12-31": 0.45
        },
        "Reading_(+6hr)": "2.5 m",
        "reading_manual": {
          "2020-01-01": 11,
          "2020-01-02": 19,
          "2020-01-03": 20,
          "2020-01-04": 1,
          "2020-01-05": 14,
          "2020-01-06": 19,
          "2020-01-07": 1,
          "2020-01-08": 1,
          "2020-01-09": 1,
          "2020-01-10": 0,
          "2020-01-11": 15,
          "2020-01-12": 9,
          "2020-01-13": 18,
          "2020-01-14": 13,
          "2020-01-15": 8,
          "2020-01-16": 18,
          "2020-01-17": 15,
          "2020-01-18": 8,
          "2020-01-19": 4,
          "2020-01-20": 19,
          "2020-01-21": 2,
          "2020-01-22": 4,
          "2020-01-23": 0,
          "2020-01-24": 13,
          "2020-01-25": 13,
          "2020-01-26": 15,
          "2020-01-27": 9,
          "2020-01-28": 13,
          "2020-01-29": 16,
          "2020-01-30": 3,
          "2020-01-31": 20,
          "2020-02-01": 4,
          "2020-02-02": 11,
          "2020-02-03": 16,
          "2020-02-04": 13,
          "2020-02-05": 7,
          "2020-02-06": 8,
          "2020-02-07": 13,
          "2020-02-08": 13,
          "2020-02-09": 9,
          "2020-02-10": 15,
          "2020-02-11": 15,
          "2020-02-12": 1,
          "2020-02-13": 2,
          "2020-02-14": 4,
          "2020-02-15": 14,
          "2020-02-16": 6,
          "2020-02-17": 1,
          "2020-02-18": 9,
          "2020-02-19": 13,
          "2020-02-20": 0,
          "2020-02-21": 18,
          "2020-02-22": 8,
          "2020-02-23": 16,
          "2020-02-24": 12,
          "2020-02-25": 18,
          "2020-02-26": 11,
          "2020-02-27": 10,
          "2020-02-28": 19,
          "2020-02-29": 7,
          "2020-03-01": 18,
          "2020-03-02": 18,
          "2020-03-03": 19,
          "2020-03-04": 11,
          "2020-03-05": 4,
          "2020-03-06": 1,
          "2020-03-07": 2,
          "2020-03-08": 13,
          "2020-03-09": 11,
          "2020-03-10": 0,
          "2020-03-11": 16,
          "2020-03-12": 15,
          "2020-03-13": 16,
          "2020-03-14": 4,
          "2020-03-15": 6,
          "2020-03-16": 15,
          "2020-03-17": 1,
          "2020-03-18": 1,
          "2020-03-19": 20,
          "2020-03-20": 8,
          "2020-03-21": 1,
          "2020-03-22": 14,
          "2020-03-23": 20,
          "2020-03-24": 13,
          "2020-03-25": 0,
          "2020-03-26": 2,
          "2020-03-27": 15,
          "2020-03-28": 7,
          "2020-03-29": 3,
          "2020-03-30": 18,
          "2020-03-31": 17,
          "2020-04-01": 13,
          "2020-04-02": 19,
          "2020-04-03": 8,
          "2020-04-04": 2,
          "2020-04-05": 15,
          "2020-04-06": 20,
          "2020-04-07": 3,
          "2020-04-08": 7,
          "2020-04-09": 1,
          "2020-04-10": 2,
          "2020-04-11": 14,
          "2020-04-12": 16,
          "2020-04-13": 10,
          "2020-04-14": 7,
          "2020-04-15": 12,
          "2020-04-16": 6,
          "2020-04-17": 13,
          "2020-04-18": 11,
          "2020-04-19": 2,
          "2020-04-20": 16,
          "2020-04-21": 0,
          "2020-04-22": 19,
          "2020-04-23": 5,
          "2020-04-24": 1,
          "2020-04-25": 11,
          "2020-04-26": 6,
          "2020-04-27": 4,
          "2020-04-28": 20,
          "2020-04-29": 13,
          "2020-04-30": 6,
          "2020-05-01": 4,
          "2020-05-02": 19,
          "2020-05-03": 11,
          "2020-05-04": 2,
          "2020-05-05": 18,
          "2020-05-06": 16,
          "2020-05-07": 4,
          "2020-05-08": 10,
          "2020-05-09": 18,
          "2020-05-10": 17,
          "2020-05-11": 1,
          "2020-05-12": 9,
          "2020-05-13": 19,
          "2020-05-14": 9,
          "2020-05-15": 13,
          "2020-05-16": 13,
          "2020-05-17": 8,
          "2020-05-18": 19,
          "2020-05-19": 17,
          "2020-05-20": 11,
          "2020-05-21": 16,
          "2020-05-22": 14,
          "2020-05-23": 7,
          "2020-05-24": 9,
          "2020-05-25": 19,
          "2020-05-26": 19,
          "2020-05-27": 9,
          "2020-05-28": 15,
          "2020-05-29": 12,
          "2020-05-30": 14,
          "2020-05-31": 11,
          "2020-06-01": 8,
          "2020-06-02": 0,
          "2020-06-03": 9,
          "2020-06-04": 15,
          "2020-06-05": 2,
          "2020-06-06": 19,
          "2020-06-07": 11,
          "2020-06-08": 2,
          "2020-06-09": 16,
          "2020-06-10": 8,
          "2020-06-11": 13,
          "2020-06-12": 18,
          "2020-06-13": 7,
          "2020-06-14": 13,
          "2020-06-15": 12,
          "2020-06-16": 14,
          "2020-06-17": 8,
          "2020-06-18": 19,
          "2020-06-19": 3,
          "2020-06-20": 18,
          "2020-06-21": 2,
          "2020-06-22": 13,
          "2020-06-23": 19,
          "2020-06-24": 7,
          "2020-06-25": 17,
          "2020-06-26": 0,
          "2020-06-27": 19,
          "2020-06-28": 5,
          "2020-06-29": 8,
          "2020-06-30": 5,
          "2020-07-01": 13,
          "2020-07-02": 14,
          "2020-07-03": 10,
          "2020-07-04": 2,
          "2020-07-05": 15,
          "2020-07-06": 2,
          "2020-07-07": 19,
          "2020-07-08": 10,
          "2020-07-09": 4,
          "2020-07-10": 11,
          "2020-07-11": 6,
          "2020-07-12": 17,
          "2020-07-13": 17,
          "2020-07-14": 2,
          "2020-07-15": 15,
          "2020-07-16": 6,
          "2020-07-17": 4,
          "2020-07-18": 10,
          "2020-07-19": 10,
          "2020-07-20": 9,
          "2020-07-21": 5,
          "2020-07-22": 16,
          "2020-07-23": 0,
          "2020-07-24": 3,
          "2020-07-25": 9,
          "2020-07-26": 4,
          "2020-07-27": 14,
          "2020-07-28": 20,
          "2020-07-29": 7,
          "2020-07-30": 3,
          "2020-07-31": 17,
          "2020-08-01": 14,
          "2020-08-02": 10,
          "2020-08-03": 17,
          "2020-08-04": 16,
          "2020-08-05": 14,
          "2020-08-06": 15,
          "2020-08-07": 17,
          "2020-08-08": 12,
          "2020-08-09": 5,
          "2020-08-10": 14,
          "2020-08-11": 16,
          "2020-08-12": 14,
          "2020-08-13": 7,
          "2020-08-14": 8,
          "2020-08-15": 3,
          "2020-08-16": 2,
          "2020-08-17": 3,
          "2020-08-18": 18,
          "2020-08-19": 0,
          "2020-08-20": 20,
          "2020-08-21": 19,
          "2020-08-22": 17,
          "2020-08-23": 20,
          "2020-08-24": 19,
          "2020-08-25": 18,
          "2020-08-26": 8,
          "2020-08-27": 18,
          "2020-08-28": 4,
          "2020-08-29": 0,
          "2020-08-30": 1,
          "2020-08-31": 17,
          "2020-09-01": 19,
          "2020-09-02": 3,
          "2020-09-03": 16,
          "2020-09-04": 18,
          "2020-09-05": 10,
          "2020-09-06": 1,
          "2020-09-07": 2,
          "2020-09-08": 9,
          "2020-09-09": 20,
          "2020-09-10": 3,
          "2020-09-11": 13,
          "2020-09-12": 15,
          "2020-09-13": 17,
          "2020-09-14": 20,
          "2020-09-15": 6,
          "2020-09-16": 1,
          "2020-09-17": 1,
          "2020-09-18": 12,
          "2020-09-19": 17,
          "2020-09-20": 15,
          "2020-09-21": 1,
          "2020-09-22": 20,
          "2020-09-23": 19,
          "2020-09-24": 13,
          "2020-09-25": 1,
          "2020-09-26": 15,
          "2020-09-27": 5,
          "2020-09-28": 11,
          "2020-09-29": 3,
          "2020-09-30": 10,
          "2020-10-01": 7,
          "2020-10-02": 20,
          "2020-10-03": 7,
          "2020-10-04": 8,
          "2020-10-05": 14,
          "2020-10-06": 16,
          "2020-10-07": 12,
          "2020-10-08": 14,
          "2020-10-09": 10,
          "2020-10-10": 2,
          "2020-10-11": 9,
          "2020-10-12": 5,
          "2020-10-13": 17,
          "2020-10-14": 18,
          "2020-10-15": 2,
          "2020-10-16": 10,
          "2020-10-17": 18,
          "2020-10-18": 4,
          "2020-10-19": 1,
          "2020-10-20": 2,
          "2020-10-21": 3,
          "2020-10-22": 18,
          "2020-10-23": 17,
          "2020-10-24": 10,
          "2020-10-25": 20,
          "2020-10-26": 3,
          "2020-10-27": 5,
          "2020-10-28": 12,
          "2020-10-29": 14,
          "2020-10-30": 19,
          "2020-10-31": 0,
          "2020-11-01": 10,
          "2020-11-02": 7,
          "2020-11-03": 1,
          "2020-11-04": 10,
          "2020-11-05": 4,
          "2020-11-06": 3,
          "2020-11-07": 2,
          "2020-11-08": 13,
          "2020-11-09": 9,
          "2020-11-10": 7,
          "2020-11-11": 4,
          "2020-11-12": 16,
          "2020-11-13": 5,
          "2020-11-14": 20,
          "2020-11-15": 9,
          "2020-11-16": 5,
          "2020-11-17": 17,
          "2020-11-18": 6,
          "2020-11-19": 11,
          "2020-11-20": 15,
          "2020-11-21": 6,
          "2020-11-22": 5,
          "2020-11-23": 5,
          "2020-11-24": 12,
          "2020-11-25": 4,
          "2020-11-26": 0,
          "2020-11-27": 2,
          "2020-11-28": 10,
          "2020-11-29": 15,
          "2020-11-30": 20,
          "2020-12-01": 4,
          "2020-12-02": 2,
          "2020-12-03": 18,
          "2020-12-04": 0,
          "2020-12-05": 2,
          "2020-12-06": 9,
          "2020-12-07": 1,
          "2020-12-08": 7,
          "2020-12-09": 20,
          "2020-12-10": 5,
          "2020-12-11": 7,
          "2020-12-12": 7,
          "2020-12-13": 2,
          "2020-12-14": 19,
          "2020-12-15": 15,
          "2020-12-16": 14,
          "2020-12-17": 8,
          "2020-12-18": 13,
          "2020-12-19": 3,
          "2020-12-20": 5,
          "2020-12-21": 18,
          "2020-12-22": 11,
          "2020-12-23": 5,
          "2020-12-24": 5,
          "2020-12-25": 3,
          "2020-12-26": 14,
          "2020-12-27": 4,
          "2020-12-28": 4,
          "2020-12-29": 2,
          "2020-12-30": 12,
          "2020-12-31": 1
        }
      },
      "geometry": {
        "type": "Point",
        "coordinates": [
          106.80799111099998,
          -6.311330833550016
        ]
      }
    },
    {
      "type": "Feature",
      "properties": {
        "AWLR_Name": "Tanah Kusir",
        "Device_ID": "AWLR-569",
        "Brand": "PT. INTI",
        "Longitude": 106.768271,
        "Latitude": -6.244344,
        "Catchment_Name": "DAS Angke",
        "Built_Year": "2004",
        "Provinsi": "DKI Jakarta",
        "Kota": "Jakarta Selatan",
        "Kecamatan": "Kebayoran Lama",
        "Kelurahan": "Pesanggrahan",
        "Manager": "BBWS Ciliwung Cisadane",
        "River_Region": "WS Ciliwung Cisadane",
        "Station_Condition": "Poor",
        "Device_Condition": "Good",
        "Type": "Telemetri",
        "Elevation": "No Data",
        "Data_Frequency": "15 minutes",
        "Last_Maintenance": "20-08-2020",
        "Data_Completeness": "98%",
        "Reading": {
          "2020-01-01": 0.35,
          "2020-01-02": 0.34,
          "2020-01-03": 0.3,
          "2020-01-04": 0.34,
          "2020-01-05": 0.41,
          "2020-01-06": 0.42,
          "2020-01-07": 0.31,
          "2020-01-08": 0.34,
          "2020-01-09": 0.38,
          "2020-01-10": 0.36,
          "2020-01-11": 0.3,
          "2020-01-12": 0.29,
          "2020-01-13": 0.27,
          "2020-01-14": 0.34,
          "2020-01-15": 0.3,
          "2020-01-16": 0.32,
          "2020-01-17": 0.36,
          "2020-01-18": 0.46,
          "2020-01-19": 0.32,
          "2020-01-20": 0.38,
          "2020-01-21": 0.31,
          "2020-01-22": 0.27,
          "2020-01-23": 0.38,
          "2020-01-24": 0.47,
          "2020-01-25": 0.32,
          "2020-01-26": 0.38,
          "2020-01-27": 0.32,
          "2020-01-28": 0.29,
          "2020-01-29": 0.29,
          "2020-01-30": 0.28,
          "2020-01-31": 0.38,
          "2020-02-01": 0.53,
          "2020-02-02": 0.42,
          "2020-02-03": 0.41,
          "2020-02-04": 0.32,
          "2020-02-05": 0.28,
          "2020-02-06": 0.29,
          "2020-02-07": 0.52,
          "2020-02-08": 0.56,
          "2020-02-09": 0.2,
          "2020-02-10": 0.39,
          "2020-02-11": 0.32,
          "2020-02-12": 0.31,
          "2020-02-13": 0.3,
          "2020-02-14": 0.28,
          "2020-02-15": 0.33,
          "2020-02-16": 0.43,
          "2020-02-17": 0.35,
          "2020-02-18": 0.36,
          "2020-02-19": 0.52,
          "2020-02-20": 0.58,
          "2020-02-21": 0.56,
          "2020-02-22": 0.64,
          "2020-02-23": 0.48,
          "2020-02-24": 0.76,
          "2020-02-25": 1.02,
          "2020-02-26": 0.6,
          "2020-02-27": 0.64,
          "2020-02-28": 0.62,
          "2020-02-29": 0.61,
          "2020-03-01": 0.51,
          "2020-03-02": 0.43,
          "2020-03-03": 0.37,
          "2020-03-04": 0.46,
          "2020-03-05": 0.37,
          "2020-03-06": 0.36,
          "2020-03-07": 0.36,
          "2020-03-08": 0.34,
          "2020-03-09": 0.31,
          "2020-03-10": 0.3,
          "2020-03-11": 0.26,
          "2020-03-12": 0.29,
          "2020-03-13": 0.38,
          "2020-03-14": 0.36,
          "2020-03-15": 0.35,
          "2020-03-16": 0.49,
          "2020-03-17": 0.36,
          "2020-03-18": 0.31,
          "2020-03-19": 0.42,
          "2020-03-20": 0.54,
          "2020-03-21": 0.45,
          "2020-03-22": 0.42,
          "2020-03-23": 0.38,
          "2020-03-24": 0.41,
          "2020-03-25": 0.35,
          "2020-03-26": 0.3,
          "2020-03-27": 0.29,
          "2020-03-28": 0.29,
          "2020-03-29": 0.32,
          "2020-03-30": 0.31,
          "2020-03-31": 0.3,
          "2020-04-01": 0.31,
          "2020-04-02": 0.32,
          "2020-04-03": 0.33,
          "2020-04-04": 0.35,
          "2020-04-05": 0.35,
          "2020-04-06": 0.42,
          "2020-04-07": 0.29,
          "2020-04-08": 0.28,
          "2020-04-09": 0.29,
          "2020-04-10": 0.32,
          "2020-04-11": 0.31,
          "2020-04-12": 0.35,
          "2020-04-13": 0.47,
          "2020-04-14": 0.44,
          "2020-04-15": 0.41,
          "2020-04-16": 0.34,
          "2020-04-17": 0.32,
          "2020-04-18": 0.33,
          "2020-04-19": 0.27,
          "2020-04-20": 0.29,
          "2020-04-21": 0.28,
          "2020-04-22": 0.27,
          "2020-04-23": 0.27,
          "2020-04-24": 0.29,
          "2020-04-25": 0.27,
          "2020-04-26": 0.3,
          "2020-04-27": 0.34,
          "2020-04-28": 0.4,
          "2020-04-29": 0.32,
          "2020-04-30": 0.53,
          "2020-05-01": 0.34,
          "2020-05-02": 0.3,
          "2020-05-03": 0.27,
          "2020-05-04": 0.27,
          "2020-05-05": 0.25,
          "2020-05-06": 0.26,
          "2020-05-07": 0.25,
          "2020-05-08": 0.27,
          "2020-05-09": 0.26,
          "2020-05-10": 0.39,
          "2020-05-11": 0.28,
          "2020-05-12": 0.33,
          "2020-05-13": 0.3,
          "2020-05-14": 0.27,
          "2020-05-15": 0.28,
          "2020-05-16": 0.27,
          "2020-05-17": 0.26,
          "2020-05-18": 0.39,
          "2020-05-19": 0.3,
          "2020-05-20": 0.37,
          "2020-05-21": 0.32,
          "2020-05-22": 0.3,
          "2020-05-23": 0.33,
          "2020-05-24": 0.32,
          "2020-05-25": 0.33,
          "2020-05-26": 0.32,
          "2020-05-27": 0.33,
          "2020-05-28": 0.37,
          "2020-05-29": 0.39,
          "2020-05-30": 0.45,
          "2020-05-31": 0.3,
          "2020-06-01": 0.27,
          "2020-06-02": 0.29,
          "2020-06-03": 0.32,
          "2020-06-04": 0.27,
          "2020-06-05": 0.26,
          "2020-06-06": 0.26,
          "2020-06-07": 0.26,
          "2020-06-08": 0.26,
          "2020-06-09": 0.37,
          "2020-06-10": 0.26,
          "2020-06-11": 0.39,
          "2020-06-12": 0.28,
          "2020-06-13": 0.25,
          "2020-06-14": 0.24,
          "2020-06-15": 0.26,
          "2020-06-16": 0.27,
          "2020-06-17": 0.25,
          "2020-06-18": 0.27,
          "2020-06-19": 0.27,
          "2020-06-20": 0.27,
          "2020-06-21": 0.27,
          "2020-06-22": 0.37,
          "2020-06-23": 0.27,
          "2020-06-24": 0.34,
          "2020-06-25": 0.26,
          "2020-06-26": 0.25,
          "2020-06-27": 0.24,
          "2020-06-28": 0.21,
          "2020-06-29": 0.22,
          "2020-06-30": 0.22,
          "2020-07-01": 0.17,
          "2020-07-02": 0.19,
          "2020-07-03": 0.21,
          "2020-07-04": 0.19,
          "2020-07-05": 0.09,
          "2020-07-06": 0.22,
          "2020-07-07": 0.23,
          "2020-07-08": 0.27,
          "2020-07-09": 0.25,
          "2020-07-10": 0.24,
          "2020-07-11": 0.18,
          "2020-07-12": 0.18,
          "2020-07-13": 0.59,
          "2020-07-14": 0.48,
          "2020-07-15": 0.25,
          "2020-07-16": 0.22,
          "2020-07-17": 0.25,
          "2020-07-18": 0.18,
          "2020-07-19": 0.18,
          "2020-07-20": 0.2,
          "2020-07-21": 0.33,
          "2020-07-22": 0.23,
          "2020-07-23": 0.22,
          "2020-07-24": 0.24,
          "2020-07-25": 0.22,
          "2020-07-26": 0.19,
          "2020-07-27": 0.23,
          "2020-07-28": 0.18,
          "2020-07-29": 0.23,
          "2020-07-30": 0.18,
          "2020-07-31": 0.18,
          "2020-08-01": 0.18,
          "2020-08-02": 0.25,
          "2020-08-03": 0.22,
          "2020-08-04": 0.18,
          "2020-08-05": 0.31,
          "2020-08-06": 0.19,
          "2020-08-07": 0.19,
          "2020-08-08": 0.23,
          "2020-08-09": 0.24,
          "2020-08-10": 0.2,
          "2020-08-11": 0.18,
          "2020-08-12": 0.24,
          "2020-08-13": 0.45,
          "2020-08-14": 0.42,
          "2020-08-15": 0.71,
          "2020-08-16": 0.39,
          "2020-08-17": 0.27,
          "2020-08-18": 0.22,
          "2020-08-19": 0.21,
          "2020-08-20": 0.24,
          "2020-08-21": 0.23,
          "2020-08-22": 0.22,
          "2020-08-23": 0.22,
          "2020-08-24": 0.23,
          "2020-08-25": 0.2,
          "2020-08-26": 0.24,
          "2020-08-27": 0.19,
          "2020-08-28": 0.16,
          "2020-08-29": 0.16,
          "2020-08-30": 0.16,
          "2020-08-31": 0.18,
          "2020-09-01": 0.16,
          "2020-09-02": 0.19,
          "2020-09-03": 0.2,
          "2020-09-04": 0.19,
          "2020-09-05": 0.15,
          "2020-09-06": 0.18,
          "2020-09-07": 0.2,
          "2020-09-08": 0.19,
          "2020-09-09": 0.19,
          "2020-09-10": 0.19,
          "2020-09-11": 0.18,
          "2020-09-12": 0.19,
          "2020-09-13": 0.19,
          "2020-09-14": 0.55,
          "2020-09-15": 0.29,
          "2020-09-16": 0.2,
          "2020-09-17": 0.23,
          "2020-09-18": 0.2,
          "2020-09-19": 0.21,
          "2020-09-20": 0.27,
          "2020-09-21": 0.27,
          "2020-09-22": 0.27,
          "2020-09-23": 0.19,
          "2020-09-24": 0.18,
          "2020-09-25": 0.18,
          "2020-09-26": 0.2,
          "2020-09-27": 0.19,
          "2020-09-28": 0.21,
          "2020-09-29": 0.21,
          "2020-09-30": 0.18,
          "2020-10-01": 0.16,
          "2020-10-02": 0.16,
          "2020-10-03": 0.2,
          "2020-10-04": 0.55,
          "2020-10-05": 0.26,
          "2020-10-06": 0.24,
          "2020-10-07": 0.23,
          "2020-10-08": 0.24,
          "2020-10-09": 0.27,
          "2020-10-10": 0.3,
          "2020-10-11": 0.26,
          "2020-10-12": 0.23,
          "2020-10-13": 0.24,
          "2020-10-14": 0.2,
          "2020-10-15": 0.2,
          "2020-10-16": 0.41,
          "2020-10-17": 0.34,
          "2020-10-18": 0.25,
          "2020-10-19": 0.43,
          "2020-10-20": 0.33,
          "2020-10-21": 0.24,
          "2020-10-22": 0.22,
          "2020-10-23": 0.21,
          "2020-10-24": 0.21,
          "2020-10-25": 0.3,
          "2020-10-26": 0.37,
          "2020-10-27": 0.35,
          "2020-10-28": 0.27,
          "2020-10-29": 0.21,
          "2020-10-30": 0.2,
          "2020-10-31": 0.2,
          "2020-11-01": 0.35,
          "2020-11-02": 0.24,
          "2020-11-03": 0.22,
          "2020-11-04": 0.2,
          "2020-11-05": 0.25,
          "2020-11-06": 0.3,
          "2020-11-07": 0.22,
          "2020-11-08": 0.36,
          "2020-11-09": 0.25,
          "2020-11-10": 0.23,
          "2020-11-11": 0.22,
          "2020-11-12": 0.23,
          "2020-11-13": 0.21,
          "2020-11-14": 0.2,
          "2020-11-15": 0.19,
          "2020-11-16": 0.2,
          "2020-11-17": 0.22,
          "2020-11-18": 0.21,
          "2020-11-19": 0.2,
          "2020-11-20": 0.36,
          "2020-11-21": 0.24,
          "2020-11-22": 0.16,
          "2020-11-23": 0.22,
          "2020-11-24": 0.19,
          "2020-11-25": 0.36,
          "2020-11-26": 0.25,
          "2020-11-27": 0.46,
          "2020-11-28": 0.26,
          "2020-11-29": 0.24,
          "2020-11-30": 0.26,
          "2020-12-01": 0.26,
          "2020-12-02": 0.26,
          "2020-12-03": 0.24,
          "2020-12-04": 0.34,
          "2020-12-05": 0.44,
          "2020-12-06": 0.41,
          "2020-12-07": 0.43,
          "2020-12-08": 0.28,
          "2020-12-09": 0.25,
          "2020-12-10": 0.23,
          "2020-12-11": 0.24,
          "2020-12-12": 0.23,
          "2020-12-13": 0.26,
          "2020-12-14": 0.25,
          "2020-12-15": 0.24,
          "2020-12-16": 0.26,
          "2020-12-17": 0.26,
          "2020-12-18": 0.23,
          "2020-12-19": 0.34,
          "2020-12-20": 0.26,
          "2020-12-21": 0.22,
          "2020-12-22": 0.23,
          "2020-12-23": 0.23,
          "2020-12-24": 0.23,
          "2020-12-25": 0.23,
          "2020-12-26": 0.23,
          "2020-12-27": 0.22,
          "2020-12-28": 0.21,
          "2020-12-29": 0.2,
          "2020-12-30": 0.22,
          "2020-12-31": 0.26
        },
        "Reading_(+6hr)": "2.5 m",
        "reading_manual": {
          "2020-01-01": 12,
          "2020-01-02": 16,
          "2020-01-03": 6,
          "2020-01-04": 2,
          "2020-01-05": 6,
          "2020-01-06": 8,
          "2020-01-07": 6,
          "2020-01-08": 17,
          "2020-01-09": 3,
          "2020-01-10": 2,
          "2020-01-11": 10,
          "2020-01-12": 13,
          "2020-01-13": 18,
          "2020-01-14": 18,
          "2020-01-15": 16,
          "2020-01-16": 18,
          "2020-01-17": 6,
          "2020-01-18": 10,
          "2020-01-19": 7,
          "2020-01-20": 7,
          "2020-01-21": 5,
          "2020-01-22": 18,
          "2020-01-23": 3,
          "2020-01-24": 5,
          "2020-01-25": 4,
          "2020-01-26": 4,
          "2020-01-27": 16,
          "2020-01-28": 3,
          "2020-01-29": 11,
          "2020-01-30": 4,
          "2020-01-31": 2,
          "2020-02-01": 5,
          "2020-02-02": 3,
          "2020-02-03": 10,
          "2020-02-04": 6,
          "2020-02-05": 9,
          "2020-02-06": 11,
          "2020-02-07": 19,
          "2020-02-08": 11,
          "2020-02-09": 9,
          "2020-02-10": 6,
          "2020-02-11": 6,
          "2020-02-12": 6,
          "2020-02-13": 10,
          "2020-02-14": 0,
          "2020-02-15": 14,
          "2020-02-16": 10,
          "2020-02-17": 11,
          "2020-02-18": 0,
          "2020-02-19": 14,
          "2020-02-20": 12,
          "2020-02-21": 11,
          "2020-02-22": 15,
          "2020-02-23": 15,
          "2020-02-24": 18,
          "2020-02-25": 12,
          "2020-02-26": 12,
          "2020-02-27": 7,
          "2020-02-28": 5,
          "2020-02-29": 18,
          "2020-03-01": 17,
          "2020-03-02": 5,
          "2020-03-03": 11,
          "2020-03-04": 20,
          "2020-03-05": 6,
          "2020-03-06": 11,
          "2020-03-07": 15,
          "2020-03-08": 20,
          "2020-03-09": 12,
          "2020-03-10": 10,
          "2020-03-11": 7,
          "2020-03-12": 10,
          "2020-03-13": 17,
          "2020-03-14": 11,
          "2020-03-15": 17,
          "2020-03-16": 2,
          "2020-03-17": 12,
          "2020-03-18": 1,
          "2020-03-19": 6,
          "2020-03-20": 2,
          "2020-03-21": 14,
          "2020-03-22": 7,
          "2020-03-23": 9,
          "2020-03-24": 13,
          "2020-03-25": 19,
          "2020-03-26": 9,
          "2020-03-27": 2,
          "2020-03-28": 18,
          "2020-03-29": 3,
          "2020-03-30": 9,
          "2020-03-31": 3,
          "2020-04-01": 11,
          "2020-04-02": 18,
          "2020-04-03": 5,
          "2020-04-04": 10,
          "2020-04-05": 8,
          "2020-04-06": 8,
          "2020-04-07": 17,
          "2020-04-08": 18,
          "2020-04-09": 9,
          "2020-04-10": 1,
          "2020-04-11": 13,
          "2020-04-12": 0,
          "2020-04-13": 14,
          "2020-04-14": 7,
          "2020-04-15": 14,
          "2020-04-16": 18,
          "2020-04-17": 3,
          "2020-04-18": 6,
          "2020-04-19": 10,
          "2020-04-20": 4,
          "2020-04-21": 20,
          "2020-04-22": 6,
          "2020-04-23": 1,
          "2020-04-24": 17,
          "2020-04-25": 10,
          "2020-04-26": 17,
          "2020-04-27": 1,
          "2020-04-28": 16,
          "2020-04-29": 0,
          "2020-04-30": 16,
          "2020-05-01": 14,
          "2020-05-02": 10,
          "2020-05-03": 4,
          "2020-05-04": 5,
          "2020-05-05": 13,
          "2020-05-06": 1,
          "2020-05-07": 2,
          "2020-05-08": 5,
          "2020-05-09": 0,
          "2020-05-10": 20,
          "2020-05-11": 19,
          "2020-05-12": 17,
          "2020-05-13": 11,
          "2020-05-14": 14,
          "2020-05-15": 20,
          "2020-05-16": 13,
          "2020-05-17": 14,
          "2020-05-18": 18,
          "2020-05-19": 3,
          "2020-05-20": 10,
          "2020-05-21": 8,
          "2020-05-22": 14,
          "2020-05-23": 3,
          "2020-05-24": 19,
          "2020-05-25": 1,
          "2020-05-26": 18,
          "2020-05-27": 3,
          "2020-05-28": 15,
          "2020-05-29": 11,
          "2020-05-30": 11,
          "2020-05-31": 8,
          "2020-06-01": 8,
          "2020-06-02": 12,
          "2020-06-03": 3,
          "2020-06-04": 15,
          "2020-06-05": 12,
          "2020-06-06": 15,
          "2020-06-07": 9,
          "2020-06-08": 6,
          "2020-06-09": 9,
          "2020-06-10": 13,
          "2020-06-11": 18,
          "2020-06-12": 11,
          "2020-06-13": 10,
          "2020-06-14": 4,
          "2020-06-15": 0,
          "2020-06-16": 11,
          "2020-06-17": 17,
          "2020-06-18": 7,
          "2020-06-19": 14,
          "2020-06-20": 4,
          "2020-06-21": 11,
          "2020-06-22": 19,
          "2020-06-23": 11,
          "2020-06-24": 14,
          "2020-06-25": 4,
          "2020-06-26": 16,
          "2020-06-27": 12,
          "2020-06-28": 15,
          "2020-06-29": 14,
          "2020-06-30": 3,
          "2020-07-01": 2,
          "2020-07-02": 4,
          "2020-07-03": 8,
          "2020-07-04": 16,
          "2020-07-05": 9,
          "2020-07-06": 4,
          "2020-07-07": 7,
          "2020-07-08": 1,
          "2020-07-09": 6,
          "2020-07-10": 20,
          "2020-07-11": 12,
          "2020-07-12": 18,
          "2020-07-13": 8,
          "2020-07-14": 0,
          "2020-07-15": 12,
          "2020-07-16": 5,
          "2020-07-17": 13,
          "2020-07-18": 17,
          "2020-07-19": 5,
          "2020-07-20": 9,
          "2020-07-21": 15,
          "2020-07-22": 4,
          "2020-07-23": 9,
          "2020-07-24": 12,
          "2020-07-25": 6,
          "2020-07-26": 18,
          "2020-07-27": 16,
          "2020-07-28": 20,
          "2020-07-29": 14,
          "2020-07-30": 7,
          "2020-07-31": 12,
          "2020-08-01": 19,
          "2020-08-02": 4,
          "2020-08-03": 4,
          "2020-08-04": 0,
          "2020-08-05": 4,
          "2020-08-06": 7,
          "2020-08-07": 6,
          "2020-08-08": 16,
          "2020-08-09": 14,
          "2020-08-10": 8,
          "2020-08-11": 15,
          "2020-08-12": 1,
          "2020-08-13": 6,
          "2020-08-14": 13,
          "2020-08-15": 11,
          "2020-08-16": 15,
          "2020-08-17": 5,
          "2020-08-18": 0,
          "2020-08-19": 13,
          "2020-08-20": 10,
          "2020-08-21": 6,
          "2020-08-22": 16,
          "2020-08-23": 0,
          "2020-08-24": 5,
          "2020-08-25": 4,
          "2020-08-26": 4,
          "2020-08-27": 19,
          "2020-08-28": 4,
          "2020-08-29": 8,
          "2020-08-30": 2,
          "2020-08-31": 16,
          "2020-09-01": 17,
          "2020-09-02": 7,
          "2020-09-03": 17,
          "2020-09-04": 6,
          "2020-09-05": 4,
          "2020-09-06": 6,
          "2020-09-07": 9,
          "2020-09-08": 2,
          "2020-09-09": 12,
          "2020-09-10": 14,
          "2020-09-11": 12,
          "2020-09-12": 10,
          "2020-09-13": 2,
          "2020-09-14": 8,
          "2020-09-15": 3,
          "2020-09-16": 14,
          "2020-09-17": 3,
          "2020-09-18": 0,
          "2020-09-19": 9,
          "2020-09-20": 9,
          "2020-09-21": 20,
          "2020-09-22": 13,
          "2020-09-23": 1,
          "2020-09-24": 4,
          "2020-09-25": 4,
          "2020-09-26": 17,
          "2020-09-27": 11,
          "2020-09-28": 17,
          "2020-09-29": 17,
          "2020-09-30": 18,
          "2020-10-01": 15,
          "2020-10-02": 2,
          "2020-10-03": 9,
          "2020-10-04": 3,
          "2020-10-05": 0,
          "2020-10-06": 3,
          "2020-10-07": 15,
          "2020-10-08": 10,
          "2020-10-09": 18,
          "2020-10-10": 11,
          "2020-10-11": 2,
          "2020-10-12": 10,
          "2020-10-13": 9,
          "2020-10-14": 16,
          "2020-10-15": 4,
          "2020-10-16": 13,
          "2020-10-17": 8,
          "2020-10-18": 13,
          "2020-10-19": 2,
          "2020-10-20": 1,
          "2020-10-21": 2,
          "2020-10-22": 0,
          "2020-10-23": 8,
          "2020-10-24": 14,
          "2020-10-25": 1,
          "2020-10-26": 3,
          "2020-10-27": 2,
          "2020-10-28": 6,
          "2020-10-29": 6,
          "2020-10-30": 12,
          "2020-10-31": 14,
          "2020-11-01": 10,
          "2020-11-02": 7,
          "2020-11-03": 17,
          "2020-11-04": 17,
          "2020-11-05": 3,
          "2020-11-06": 6,
          "2020-11-07": 17,
          "2020-11-08": 4,
          "2020-11-09": 19,
          "2020-11-10": 1,
          "2020-11-11": 16,
          "2020-11-12": 19,
          "2020-11-13": 17,
          "2020-11-14": 20,
          "2020-11-15": 12,
          "2020-11-16": 15,
          "2020-11-17": 16,
          "2020-11-18": 13,
          "2020-11-19": 7,
          "2020-11-20": 2,
          "2020-11-21": 6,
          "2020-11-22": 17,
          "2020-11-23": 7,
          "2020-11-24": 2,
          "2020-11-25": 7,
          "2020-11-26": 2,
          "2020-11-27": 7,
          "2020-11-28": 1,
          "2020-11-29": 20,
          "2020-11-30": 9,
          "2020-12-01": 9,
          "2020-12-02": 16,
          "2020-12-03": 8,
          "2020-12-04": 3,
          "2020-12-05": 10,
          "2020-12-06": 13,
          "2020-12-07": 20,
          "2020-12-08": 2,
          "2020-12-09": 2,
          "2020-12-10": 14,
          "2020-12-11": 20,
          "2020-12-12": 12,
          "2020-12-13": 1,
          "2020-12-14": 7,
          "2020-12-15": 4,
          "2020-12-16": 4,
          "2020-12-17": 8,
          "2020-12-18": 8,
          "2020-12-19": 13,
          "2020-12-20": 19,
          "2020-12-21": 0,
          "2020-12-22": 18,
          "2020-12-23": 1,
          "2020-12-24": 6,
          "2020-12-25": 7,
          "2020-12-26": 0,
          "2020-12-27": 9,
          "2020-12-28": 7,
          "2020-12-29": 11,
          "2020-12-30": 5,
          "2020-12-31": 18
        }
      },
      "geometry": {
        "type": "Point",
        "coordinates": [
          106.76827137400005,
          -6.244344444239971
        ]
      }
    },
    {
      "type": "Feature",
      "properties": {
        "AWLR_Name": "Ciliwung-Mt_Haryono",
        "Device_ID": "AWLR-544",
        "Brand": "Campbell",
        "Longitude": 106.862358,
        "Latitude": -6.242683,
        "Catchment_Name": "DAS Ciliwung",
        "Built_Year": "2004",
        "Provinsi": "DKI Jakarta",
        "Kota": "Jakarta Selatan",
        "Kecamatan": "Tebet",
        "Kelurahan": "Tebet",
        "Manager": "BBWS Ciliwung Cisadane",
        "River_Region": "WS Ciliwung Cisadane",
        "Station_Condition": "Poor",
        "Device_Condition": "Good",
        "Type": "Telemetri",
        "Elevation": "No Data",
        "Data_Frequency": "15 minutes",
        "Last_Maintenance": "20-08-2020",
        "Data_Completeness": "98%",
        "Reading": {
          "2020-01-01": 4.13,
          "2020-01-02": 6.06,
          "2020-01-03": 5.34,
          "2020-01-04": 2.35,
          "2020-01-05": 2.22,
          "2020-01-06": 2.35,
          "2020-01-07": 2.45,
          "2020-01-08": 2.48,
          "2020-01-09": 3.58,
          "2020-01-10": 3.03,
          "2020-01-11": 2.51,
          "2020-01-12": 2.31,
          "2020-01-13": 2.17,
          "2020-01-14": 2.12,
          "2020-01-15": 2.09,
          "2020-01-16": 2.5,
          "2020-01-17": 2.55,
          "2020-01-18": 2.68,
          "2020-01-19": 2.21,
          "2020-01-20": 2.96,
          "2020-01-21": 2.6,
          "2020-01-22": 2.51,
          "2020-01-23": 2.5,
          "2020-01-24": 2.81,
          "2020-01-25": 2.28,
          "2020-01-26": 2.68,
          "2020-01-27": 2.49,
          "2020-01-28": 2.27,
          "2020-01-29": 2.21,
          "2020-01-30": 2.48,
          "2020-01-31": 2.21,
          "2020-02-01": 2.77,
          "2020-02-02": 2.56,
          "2020-02-03": 2.4,
          "2020-02-04": 2.19,
          "2020-02-05": 2.37,
          "2020-02-06": 2.68,
          "2020-02-07": 2.95,
          "2020-02-08": 5.1,
          "2020-02-09": 3.2,
          "2020-02-10": 2.91,
          "2020-02-11": 3.17,
          "2020-02-12": 3.25,
          "2020-02-13": 3.13,
          "2020-02-14": 2.39,
          "2020-02-15": 2.41,
          "2020-02-16": 3.17,
          "2020-02-17": 2.8,
          "2020-02-18": 2.83,
          "2020-02-19": 2.78,
          "2020-02-20": 4.47,
          "2020-02-21": 3.59,
          "2020-02-22": 3.82,
          "2020-02-23": 3.41,
          "2020-02-24": 4.43,
          "2020-02-25": 4.8,
          "2020-02-26": 3.81,
          "2020-02-27": 3.22,
          "2020-02-28": 3.12,
          "2020-02-29": 3.2,
          "2020-03-01": 4.1,
          "2020-03-02": 3.76,
          "2020-03-03": 2.98,
          "2020-03-04": 3.15,
          "2020-03-05": 2.99,
          "2020-03-06": 2.68,
          "2020-03-07": 2.63,
          "2020-03-08": 2.52,
          "2020-03-09": 2.42,
          "2020-03-10": 2.32,
          "2020-03-11": 2.38,
          "2020-03-12": 2.61,
          "2020-03-13": 2.71,
          "2020-03-14": 2.77,
          "2020-03-15": 2.62,
          "2020-03-16": 3.83,
          "2020-03-17": 3.31,
          "2020-03-18": 2.98,
          "2020-03-19": 2.93,
          "2020-03-20": 3.07,
          "2020-03-21": 2.83,
          "2020-03-22": 2.96,
          "2020-03-23": 3.2,
          "2020-03-24": 2.9,
          "2020-03-25": 3.81,
          "2020-03-26": 3.44,
          "2020-03-27": 3.76,
          "2020-03-28": 3.21,
          "2020-03-29": 3.29,
          "2020-03-30": 3.47,
          "2020-03-31": 3.36,
          "2020-04-01": 3.05,
          "2020-04-02": 2.81,
          "2020-04-03": 2.6,
          "2020-04-04": 2.67,
          "2020-04-05": 3.4,
          "2020-04-06": 3.19,
          "2020-04-07": 2.99,
          "2020-04-08": 2.77,
          "2020-04-09": 2.63,
          "2020-04-10": 2.98,
          "2020-04-11": 2.78,
          "2020-04-12": 2.6,
          "2020-04-13": 2.84,
          "2020-04-14": 2.59,
          "2020-04-15": 2.54,
          "2020-04-16": 2.66,
          "2020-04-17": 2.74,
          "2020-04-18": 3.37,
          "2020-04-19": 2.98,
          "2020-04-20": 2.58,
          "2020-04-21": 2.66,
          "2020-04-22": 2.39,
          "2020-04-23": 2.29,
          "2020-04-24": 2.33,
          "2020-04-25": 2.24,
          "2020-04-26": 2.66,
          "2020-04-27": 2.7,
          "2020-04-28": 2.91,
          "2020-04-29": 3.38,
          "2020-04-30": 2.88,
          "2020-05-01": 2.79,
          "2020-05-02": 3.46,
          "2020-05-03": 3.38,
          "2020-05-04": 2.38,
          "2020-05-05": 2.33,
          "2020-05-06": 3.38,
          "2020-05-07": 2.71,
          "2020-05-08": 2.41,
          "2020-05-09": 2.37,
          "2020-05-10": 2.7,
          "2020-05-11": 2.41,
          "2020-05-12": 2.37,
          "2020-05-13": 2.37,
          "2020-05-14": 2.15,
          "2020-05-15": 2.08,
          "2020-05-16": 2.02,
          "2020-05-17": 2.23,
          "2020-05-18": 3.93,
          "2020-05-19": 3.22,
          "2020-05-20": 3.06,
          "2020-05-21": 3.78,
          "2020-05-22": 2.8,
          "2020-05-23": 2.78,
          "2020-05-24": 2.66,
          "2020-05-25": 2.72,
          "2020-05-26": 2.74,
          "2020-05-27": 2.8,
          "2020-05-28": 2.7,
          "2020-05-29": 3.12,
          "2020-05-30": 2.74,
          "2020-05-31": 2.67,
          "2020-06-01": 2.11,
          "2020-06-02": 2.42,
          "2020-06-03": 2.78,
          "2020-06-04": 2.18,
          "2020-06-05": 2.14,
          "2020-06-06": 2.39,
          "2020-06-07": 2.01,
          "2020-06-08": 2.05,
          "2020-06-09": 2.11,
          "2020-06-10": 1.97,
          "2020-06-11": 2.19,
          "2020-06-12": 2.2,
          "2020-06-13": 2.08,
          "2020-06-14": 1.93,
          "2020-06-15": 1.91,
          "2020-06-16": 1.96,
          "2020-06-17": 1.92,
          "2020-06-18": 1.84,
          "2020-06-19": 2.17,
          "2020-06-20": 1.83,
          "2020-06-21": 1.71,
          "2020-06-22": 1.89,
          "2020-06-23": 1.91,
          "2020-06-24": 2.17,
          "2020-06-25": 1.86,
          "2020-06-26": 1.79,
          "2020-06-27": 1.79,
          "2020-06-28": 1.76,
          "2020-06-29": 1.72,
          "2020-06-30": 1.72,
          "2020-07-01": 1.71,
          "2020-07-02": 1.94,
          "2020-07-03": 2.14,
          "2020-07-04": 2.13,
          "2020-07-05": 2.12,
          "2020-07-06": 2.12,
          "2020-07-07": 1.86,
          "2020-07-08": 1.72,
          "2020-07-09": 2,
          "2020-07-10": 1.74,
          "2020-07-11": 1.69,
          "2020-07-12": 1.68,
          "2020-07-13": 1.77,
          "2020-07-14": 1.73,
          "2020-07-15": 1.76,
          "2020-07-16": 1.72,
          "2020-07-17": 2.45,
          "2020-07-18": 2.45,
          "2020-07-19": 2.45,
          "2020-07-20": 1.53,
          "2020-07-21": 1.58,
          "2020-07-22": 1.82,
          "2020-07-23": 1.55,
          "2020-07-24": 1.55,
          "2020-07-25": 1.46,
          "2020-07-26": 1.46,
          "2020-07-27": 1.5,
          "2020-07-28": 1.51,
          "2020-07-29": 1.48,
          "2020-07-30": 1.33,
          "2020-07-31": 1.29,
          "2020-08-01": 1.29,
          "2020-08-02": 1.3,
          "2020-08-03": 1.51,
          "2020-08-04": 1.51,
          "2020-08-05": 1.51,
          "2020-08-06": 1.57,
          "2020-08-07": 1.49,
          "2020-08-08": 1.82,
          "2020-08-09": 2.16,
          "2020-08-10": 1.86,
          "2020-08-11": 1.87,
          "2020-08-12": 1.78,
          "2020-08-13": 2.57,
          "2020-08-14": 2.27,
          "2020-08-15": 2.14,
          "2020-08-16": 2.14,
          "2020-08-17": 1.96,
          "2020-08-18": 1.54,
          "2020-08-19": 1.61,
          "2020-08-20": 1.34,
          "2020-08-21": 1.3,
          "2020-08-22": 1.5,
          "2020-08-23": 1.56,
          "2020-08-24": 1.38,
          "2020-08-25": 1.32,
          "2020-08-26": 1.29,
          "2020-08-27": 1.26,
          "2020-08-28": 1.25,
          "2020-08-29": 1.21,
          "2020-08-30": 1.2,
          "2020-08-31": 1.2,
          "2020-09-01": 1.49,
          "2020-09-02": 1.51,
          "2020-09-03": 1.52,
          "2020-09-04": 1.53,
          "2020-09-05": 1.62,
          "2020-09-06": 1.82,
          "2020-09-07": 1.59,
          "2020-09-08": 1.59,
          "2020-09-09": 1.51,
          "2020-09-10": 1.51,
          "2020-09-11": 1.59,
          "2020-09-12": 1.53,
          "2020-09-13": 1.62,
          "2020-09-14": 2.14,
          "2020-09-15": 2.14,
          "2020-09-16": 1.76,
          "2020-09-17": 1.89,
          "2020-09-18": 1.67,
          "2020-09-19": 1.62,
          "2020-09-20": 1.62,
          "2020-09-21": 2.31,
          "2020-09-22": 3.16,
          "2020-09-23": 2.37,
          "2020-09-24": 1.91,
          "2020-09-25": 1.78,
          "2020-09-26": 1.68,
          "2020-09-27": 2.05,
          "2020-09-28": 2.25,
          "2020-09-29": 1.77,
          "2020-09-30": 1.63,
          "2020-10-01": 1.6,
          "2020-10-02": 1.95,
          "2020-10-03": 2.14,
          "2020-10-04": 2.91,
          "2020-10-05": 2.98,
          "2020-10-06": 2.06,
          "2020-10-07": 2.05,
          "2020-10-08": 2.7,
          "2020-10-09": 2.62,
          "2020-10-10": 3.07,
          "2020-10-11": 2.72,
          "2020-10-12": 1.97,
          "2020-10-13": 2.02,
          "2020-10-14": 2.01,
          "2020-10-15": 2.07,
          "2020-10-16": 2.12,
          "2020-10-17": 2.09,
          "2020-10-18": 2.31,
          "2020-10-19": 2.5,
          "2020-10-20": 2.51,
          "2020-10-21": 2.58,
          "2020-10-22": 2.26,
          "2020-10-23": 2.01,
          "2020-10-24": 2.78,
          "2020-10-25": 3.32,
          "2020-10-26": 2.8,
          "2020-10-27": 2.71,
          "2020-10-28": 2.68,
          "2020-10-29": 2.61,
          "2020-10-30": 2.21,
          "2020-10-31": 2.7,
          "2020-11-01": 3.13,
          "2020-11-02": 2.34,
          "2020-11-03": 2.22,
          "2020-11-04": 2.38,
          "2020-11-05": 2.42,
          "2020-11-06": 2.27,
          "2020-11-07": 2.14,
          "2020-11-08": 2.33,
          "2020-11-09": 2.13,
          "2020-11-10": 2.24,
          "2020-11-11": 2.48,
          "2020-11-12": 2.73,
          "2020-11-13": 2.14,
          "2020-11-14": 2.05,
          "2020-11-15": 2.23,
          "2020-11-16": 2.08,
          "2020-11-17": 2.2,
          "2020-11-18": 2.65,
          "2020-11-19": 2.66,
          "2020-11-20": 2.66,
          "2020-11-21": 2.35,
          "2020-11-22": 2.27,
          "2020-11-23": 2.19,
          "2020-11-24": 2.22,
          "2020-11-25": 2.32,
          "2020-11-26": 1.97,
          "2020-11-27": 1.91,
          "2020-11-28": 1.89,
          "2020-11-29": 1.92,
          "2020-11-30": 1.98,
          "2020-12-01": 2.06,
          "2020-12-02": 1.96,
          "2020-12-03": 2.04,
          "2020-12-04": 1.93,
          "2020-12-05": 1.99,
          "2020-12-06": 3.38,
          "2020-12-07": 3.71,
          "2020-12-08": 2.78,
          "2020-12-09": 2.3,
          "2020-12-10": 2.28,
          "2020-12-11": 2.28,
          "2020-12-12": 2.22,
          "2020-12-13": 2.04,
          "2020-12-14": 2.01,
          "2020-12-15": 2.06,
          "2020-12-16": 2.05,
          "2020-12-17": 2.28,
          "2020-12-18": 2.02,
          "2020-12-19": 2.05,
          "2020-12-20": 1.93,
          "2020-12-21": 1.9,
          "2020-12-22": 1.97,
          "2020-12-23": 2.04,
          "2020-12-24": 1.93,
          "2020-12-25": 1.99,
          "2020-12-26": 1.85,
          "2020-12-27": 1.91,
          "2020-12-28": 1.85,
          "2020-12-29": 1.76,
          "2020-12-30": 1.77,
          "2020-12-31": 1.74
        },
        "Reading_(+6hr)": "2.5 m",
        "reading_manual": {
          "2020-01-01": 5,
          "2020-01-02": 8,
          "2020-01-03": 11,
          "2020-01-04": 2,
          "2020-01-05": 20,
          "2020-01-06": 1,
          "2020-01-07": 1,
          "2020-01-08": 11,
          "2020-01-09": 17,
          "2020-01-10": 10,
          "2020-01-11": 17,
          "2020-01-12": 5,
          "2020-01-13": 9,
          "2020-01-14": 16,
          "2020-01-15": 19,
          "2020-01-16": 0,
          "2020-01-17": 11,
          "2020-01-18": 0,
          "2020-01-19": 16,
          "2020-01-20": 15,
          "2020-01-21": 3,
          "2020-01-22": 14,
          "2020-01-23": 12,
          "2020-01-24": 12,
          "2020-01-25": 10,
          "2020-01-26": 14,
          "2020-01-27": 20,
          "2020-01-28": 3,
          "2020-01-29": 9,
          "2020-01-30": 8,
          "2020-01-31": 12,
          "2020-02-01": 2,
          "2020-02-02": 11,
          "2020-02-03": 11,
          "2020-02-04": 20,
          "2020-02-05": 19,
          "2020-02-06": 12,
          "2020-02-07": 0,
          "2020-02-08": 9,
          "2020-02-09": 1,
          "2020-02-10": 5,
          "2020-02-11": 13,
          "2020-02-12": 7,
          "2020-02-13": 15,
          "2020-02-14": 11,
          "2020-02-15": 2,
          "2020-02-16": 9,
          "2020-02-17": 15,
          "2020-02-18": 13,
          "2020-02-19": 13,
          "2020-02-20": 7,
          "2020-02-21": 1,
          "2020-02-22": 17,
          "2020-02-23": 0,
          "2020-02-24": 18,
          "2020-02-25": 6,
          "2020-02-26": 19,
          "2020-02-27": 1,
          "2020-02-28": 18,
          "2020-02-29": 7,
          "2020-03-01": 13,
          "2020-03-02": 11,
          "2020-03-03": 7,
          "2020-03-04": 4,
          "2020-03-05": 11,
          "2020-03-06": 11,
          "2020-03-07": 2,
          "2020-03-08": 18,
          "2020-03-09": 7,
          "2020-03-10": 8,
          "2020-03-11": 5,
          "2020-03-12": 8,
          "2020-03-13": 11,
          "2020-03-14": 0,
          "2020-03-15": 15,
          "2020-03-16": 7,
          "2020-03-17": 17,
          "2020-03-18": 12,
          "2020-03-19": 12,
          "2020-03-20": 19,
          "2020-03-21": 11,
          "2020-03-22": 0,
          "2020-03-23": 1,
          "2020-03-24": 13,
          "2020-03-25": 13,
          "2020-03-26": 2,
          "2020-03-27": 5,
          "2020-03-28": 13,
          "2020-03-29": 18,
          "2020-03-30": 11,
          "2020-03-31": 18,
          "2020-04-01": 1,
          "2020-04-02": 17,
          "2020-04-03": 15,
          "2020-04-04": 11,
          "2020-04-05": 14,
          "2020-04-06": 4,
          "2020-04-07": 8,
          "2020-04-08": 14,
          "2020-04-09": 7,
          "2020-04-10": 13,
          "2020-04-11": 5,
          "2020-04-12": 5,
          "2020-04-13": 9,
          "2020-04-14": 1,
          "2020-04-15": 20,
          "2020-04-16": 5,
          "2020-04-17": 4,
          "2020-04-18": 18,
          "2020-04-19": 12,
          "2020-04-20": 15,
          "2020-04-21": 9,
          "2020-04-22": 17,
          "2020-04-23": 20,
          "2020-04-24": 11,
          "2020-04-25": 16,
          "2020-04-26": 12,
          "2020-04-27": 3,
          "2020-04-28": 13,
          "2020-04-29": 18,
          "2020-04-30": 1,
          "2020-05-01": 17,
          "2020-05-02": 5,
          "2020-05-03": 9,
          "2020-05-04": 8,
          "2020-05-05": 17,
          "2020-05-06": 9,
          "2020-05-07": 3,
          "2020-05-08": 7,
          "2020-05-09": 13,
          "2020-05-10": 17,
          "2020-05-11": 9,
          "2020-05-12": 7,
          "2020-05-13": 5,
          "2020-05-14": 3,
          "2020-05-15": 8,
          "2020-05-16": 12,
          "2020-05-17": 2,
          "2020-05-18": 5,
          "2020-05-19": 17,
          "2020-05-20": 5,
          "2020-05-21": 12,
          "2020-05-22": 6,
          "2020-05-23": 10,
          "2020-05-24": 18,
          "2020-05-25": 10,
          "2020-05-26": 2,
          "2020-05-27": 9,
          "2020-05-28": 11,
          "2020-05-29": 12,
          "2020-05-30": 19,
          "2020-05-31": 13,
          "2020-06-01": 14,
          "2020-06-02": 8,
          "2020-06-03": 7,
          "2020-06-04": 8,
          "2020-06-05": 15,
          "2020-06-06": 10,
          "2020-06-07": 17,
          "2020-06-08": 16,
          "2020-06-09": 13,
          "2020-06-10": 6,
          "2020-06-11": 17,
          "2020-06-12": 12,
          "2020-06-13": 7,
          "2020-06-14": 2,
          "2020-06-15": 8,
          "2020-06-16": 9,
          "2020-06-17": 3,
          "2020-06-18": 17,
          "2020-06-19": 12,
          "2020-06-20": 11,
          "2020-06-21": 8,
          "2020-06-22": 17,
          "2020-06-23": 11,
          "2020-06-24": 14,
          "2020-06-25": 3,
          "2020-06-26": 19,
          "2020-06-27": 6,
          "2020-06-28": 11,
          "2020-06-29": 11,
          "2020-06-30": 14,
          "2020-07-01": 20,
          "2020-07-02": 20,
          "2020-07-03": 11,
          "2020-07-04": 20,
          "2020-07-05": 20,
          "2020-07-06": 20,
          "2020-07-07": 16,
          "2020-07-08": 17,
          "2020-07-09": 0,
          "2020-07-10": 16,
          "2020-07-11": 8,
          "2020-07-12": 10,
          "2020-07-13": 7,
          "2020-07-14": 1,
          "2020-07-15": 18,
          "2020-07-16": 4,
          "2020-07-17": 7,
          "2020-07-18": 1,
          "2020-07-19": 4,
          "2020-07-20": 18,
          "2020-07-21": 19,
          "2020-07-22": 18,
          "2020-07-23": 12,
          "2020-07-24": 1,
          "2020-07-25": 18,
          "2020-07-26": 9,
          "2020-07-27": 9,
          "2020-07-28": 9,
          "2020-07-29": 12,
          "2020-07-30": 18,
          "2020-07-31": 20,
          "2020-08-01": 20,
          "2020-08-02": 6,
          "2020-08-03": 4,
          "2020-08-04": 12,
          "2020-08-05": 10,
          "2020-08-06": 2,
          "2020-08-07": 16,
          "2020-08-08": 9,
          "2020-08-09": 5,
          "2020-08-10": 7,
          "2020-08-11": 20,
          "2020-08-12": 20,
          "2020-08-13": 0,
          "2020-08-14": 15,
          "2020-08-15": 6,
          "2020-08-16": 6,
          "2020-08-17": 4,
          "2020-08-18": 7,
          "2020-08-19": 3,
          "2020-08-20": 13,
          "2020-08-21": 14,
          "2020-08-22": 7,
          "2020-08-23": 13,
          "2020-08-24": 9,
          "2020-08-25": 7,
          "2020-08-26": 8,
          "2020-08-27": 9,
          "2020-08-28": 4,
          "2020-08-29": 8,
          "2020-08-30": 10,
          "2020-08-31": 1,
          "2020-09-01": 6,
          "2020-09-02": 10,
          "2020-09-03": 12,
          "2020-09-04": 15,
          "2020-09-05": 4,
          "2020-09-06": 9,
          "2020-09-07": 2,
          "2020-09-08": 16,
          "2020-09-09": 10,
          "2020-09-10": 9,
          "2020-09-11": 1,
          "2020-09-12": 12,
          "2020-09-13": 12,
          "2020-09-14": 1,
          "2020-09-15": 3,
          "2020-09-16": 15,
          "2020-09-17": 17,
          "2020-09-18": 20,
          "2020-09-19": 14,
          "2020-09-20": 18,
          "2020-09-21": 12,
          "2020-09-22": 7,
          "2020-09-23": 17,
          "2020-09-24": 6,
          "2020-09-25": 10,
          "2020-09-26": 4,
          "2020-09-27": 3,
          "2020-09-28": 5,
          "2020-09-29": 16,
          "2020-09-30": 11,
          "2020-10-01": 15,
          "2020-10-02": 19,
          "2020-10-03": 10,
          "2020-10-04": 4,
          "2020-10-05": 18,
          "2020-10-06": 1,
          "2020-10-07": 8,
          "2020-10-08": 10,
          "2020-10-09": 7,
          "2020-10-10": 8,
          "2020-10-11": 19,
          "2020-10-12": 4,
          "2020-10-13": 10,
          "2020-10-14": 0,
          "2020-10-15": 6,
          "2020-10-16": 11,
          "2020-10-17": 17,
          "2020-10-18": 2,
          "2020-10-19": 8,
          "2020-10-20": 12,
          "2020-10-21": 1,
          "2020-10-22": 13,
          "2020-10-23": 10,
          "2020-10-24": 20,
          "2020-10-25": 8,
          "2020-10-26": 19,
          "2020-10-27": 14,
          "2020-10-28": 3,
          "2020-10-29": 13,
          "2020-10-30": 14,
          "2020-10-31": 2,
          "2020-11-01": 17,
          "2020-11-02": 4,
          "2020-11-03": 4,
          "2020-11-04": 1,
          "2020-11-05": 4,
          "2020-11-06": 8,
          "2020-11-07": 7,
          "2020-11-08": 15,
          "2020-11-09": 5,
          "2020-11-10": 17,
          "2020-11-11": 8,
          "2020-11-12": 5,
          "2020-11-13": 5,
          "2020-11-14": 16,
          "2020-11-15": 17,
          "2020-11-16": 19,
          "2020-11-17": 4,
          "2020-11-18": 0,
          "2020-11-19": 15,
          "2020-11-20": 1,
          "2020-11-21": 6,
          "2020-11-22": 4,
          "2020-11-23": 15,
          "2020-11-24": 11,
          "2020-11-25": 0,
          "2020-11-26": 0,
          "2020-11-27": 11,
          "2020-11-28": 16,
          "2020-11-29": 14,
          "2020-11-30": 11,
          "2020-12-01": 10,
          "2020-12-02": 14,
          "2020-12-03": 14,
          "2020-12-04": 18,
          "2020-12-05": 3,
          "2020-12-06": 4,
          "2020-12-07": 17,
          "2020-12-08": 17,
          "2020-12-09": 18,
          "2020-12-10": 4,
          "2020-12-11": 6,
          "2020-12-12": 13,
          "2020-12-13": 19,
          "2020-12-14": 1,
          "2020-12-15": 12,
          "2020-12-16": 2,
          "2020-12-17": 2,
          "2020-12-18": 2,
          "2020-12-19": 19,
          "2020-12-20": 9,
          "2020-12-21": 6,
          "2020-12-22": 15,
          "2020-12-23": 11,
          "2020-12-24": 18,
          "2020-12-25": 16,
          "2020-12-26": 12,
          "2020-12-27": 20,
          "2020-12-28": 4,
          "2020-12-29": 3,
          "2020-12-30": 19,
          "2020-12-31": 16
        }
      },
      "geometry": {
        "type": "Point",
        "coordinates": [
          106.86235833300009,
          -6.242683333469984
        ]
      }
    },
    {
      "type": "Feature",
      "properties": {
        "AWLR_Name": "Krukut-Bendungan_Hilir",
        "Device_ID": "AWLR-552",
        "Brand": "PT. INTI",
        "Longitude": 106.816425,
        "Latitude": -6.215428,
        "Catchment_Name": "DAS Krukut",
        "Built_Year": "1998",
        "Provinsi": "DKI Jakarta",
        "Kota": "Jakarta Pusat",
        "Kecamatan": "Tanah Abang",
        "Kelurahan": "Tanah Abang",
        "Manager": "BBWS Ciliwung Cisadane",
        "River_Region": "WS Ciliwung Cisadane",
        "Station_Condition": "Poor",
        "Device_Condition": "Good",
        "Type": "Telemetri",
        "Elevation": "No Data",
        "Data_Frequency": "15 minutes",
        "Last_Maintenance": "20-08-2020",
        "Data_Completeness": "98%",
        "Reading": {
          "2020-01-01": 2.01,
          "2020-01-02": 1.81,
          "2020-01-03": 0.75,
          "2020-01-04": 0.55,
          "2020-01-05": 0.56,
          "2020-01-06": 0.37,
          "2020-01-07": 0.13,
          "2020-01-08": 0.06,
          "2020-01-09": 0.25,
          "2020-01-10": 0.17,
          "2020-01-11": 0.04,
          "2020-01-12": 0.09,
          "2020-01-13": 0.42,
          "2020-01-14": 0.61,
          "2020-01-15": 0.75,
          "2020-01-16": 0.75,
          "2020-01-17": 0.72,
          "2020-01-18": 1.12,
          "2020-01-19": 0.7,
          "2020-01-20": 0.74,
          "2020-01-21": 0.88,
          "2020-01-22": 0.79,
          "2020-01-23": 0.83,
          "2020-01-24": 1.24,
          "2020-01-25": 1,
          "2020-01-26": 0.96,
          "2020-01-27": 1.26,
          "2020-01-28": 0.98,
          "2020-01-29": 0.92,
          "2020-01-30": 1.14,
          "2020-01-31": 1.05,
          "2020-02-01": 1.55,
          "2020-02-02": 1.43,
          "2020-02-03": 1.25,
          "2020-02-04": 1.14,
          "2020-02-05": 1.04,
          "2020-02-06": 1.05,
          "2020-02-07": 1.16,
          "2020-02-08": 1.92,
          "2020-02-09": 1.15,
          "2020-02-10": 1.05,
          "2020-02-11": 1.06,
          "2020-02-12": 1.01,
          "2020-02-13": 0.98,
          "2020-02-14": 1.08,
          "2020-02-15": 1.04,
          "2020-02-16": 1.25,
          "2020-02-17": 1.14,
          "2020-02-18": 0.92,
          "2020-02-19": 0.96,
          "2020-02-20": 1.42,
          "2020-02-21": 1.19,
          "2020-02-22": 1.69,
          "2020-02-23": 1.66,
          "2020-02-24": 1.25,
          "2020-02-25": 1.8,
          "2020-02-26": 1.23,
          "2020-02-27": 1.12,
          "2020-02-28": 1.32,
          "2020-02-29": 1.28,
          "2020-03-01": 1.44,
          "2020-03-02": 1.31,
          "2020-03-03": 1.03,
          "2020-03-04": 1.08,
          "2020-03-05": 1.01,
          "2020-03-06": 1,
          "2020-03-07": 0.95,
          "2020-03-08": 0.9,
          "2020-03-09": 0.89,
          "2020-03-10": 0.89,
          "2020-03-11": 0.91,
          "2020-03-12": 1.04,
          "2020-03-13": 1.07,
          "2020-03-14": 0.9,
          "2020-03-15": 1.13,
          "2020-03-16": 1.03,
          "2020-03-17": 1.28,
          "2020-03-18": 0.96,
          "2020-03-19": 0.86,
          "2020-03-20": 1.43,
          "2020-03-21": 0.96,
          "2020-03-22": 1,
          "2020-03-23": 0.9,
          "2020-03-24": 0.89,
          "2020-03-25": 0.91,
          "2020-03-26": 0.88,
          "2020-03-27": 0.87,
          "2020-03-28": 0.93,
          "2020-03-29": 0.85,
          "2020-03-30": 1.05,
          "2020-03-31": 1.08,
          "2020-04-01": 1.08,
          "2020-04-02": 0.78,
          "2020-04-03": 0.8,
          "2020-04-04": 0.81,
          "2020-04-05": 0.93,
          "2020-04-06": 1.21,
          "2020-04-07": 0.8,
          "2020-04-08": 0.8,
          "2020-04-09": 0.83,
          "2020-04-10": 1.29,
          "2020-04-11": 1.09,
          "2020-04-12": 1,
          "2020-04-13": 1.42,
          "2020-04-14": 1.61,
          "2020-04-15": 1.61,
          "2020-04-16": 1.61,
          "2020-04-17": 1.61,
          "2020-04-18": 1.61,
          "2020-04-19": 1.13,
          "2020-04-20": 0.84,
          "2020-04-21": 0.84,
          "2020-04-22": 0.84,
          "2020-04-23": 0.84,
          "2020-04-24": 0.84,
          "2020-04-25": 0.84,
          "2020-04-26": 0.84,
          "2020-04-27": 0.88,
          "2020-04-28": 0.85,
          "2020-04-29": 0.81,
          "2020-04-30": 0.8,
          "2020-05-01": 0.82,
          "2020-05-02": 0.81,
          "2020-05-03": 0.81,
          "2020-05-04": 0.8,
          "2020-05-05": 0.8,
          "2020-05-06": 0.83,
          "2020-05-07": 0.82,
          "2020-05-08": 0.82,
          "2020-05-09": 0.83,
          "2020-05-10": 0.82,
          "2020-05-11": 0.82,
          "2020-05-12": 0.83,
          "2020-05-13": 0.82,
          "2020-05-14": 0.81,
          "2020-05-15": 0.82,
          "2020-05-16": 0.83,
          "2020-05-17": 0.89,
          "2020-05-18": 0.94,
          "2020-05-19": 1.2,
          "2020-05-20": 1.22,
          "2020-05-21": 1.53,
          "2020-05-22": 1.52,
          "2020-05-23": 1.52,
          "2020-05-24": 1.52,
          "2020-05-25": 1.29,
          "2020-05-26": 0.93,
          "2020-05-27": 0.85,
          "2020-05-28": 0.85,
          "2020-05-29": 0.93,
          "2020-05-30": 1.05,
          "2020-05-31": 1.07,
          "2020-06-01": 0.89,
          "2020-06-02": 0.88,
          "2020-06-03": 1.02,
          "2020-06-04": 0.84,
          "2020-06-05": 0.85,
          "2020-06-06": 0.87,
          "2020-06-07": 0.86,
          "2020-06-08": 0.85,
          "2020-06-09": 0.84,
          "2020-06-10": 0.85,
          "2020-06-11": 0.93,
          "2020-06-12": 1.01,
          "2020-06-13": 0.88,
          "2020-06-14": 0.81,
          "2020-06-15": 0.8,
          "2020-06-16": 0.83,
          "2020-06-17": 0.79,
          "2020-06-18": 0.8,
          "2020-06-19": 0.84,
          "2020-06-20": 0.81,
          "2020-06-21": 0.81,
          "2020-06-22": 0.85,
          "2020-06-23": 0.83,
          "2020-06-24": 0.96,
          "2020-06-25": 0.82,
          "2020-06-26": 0.8,
          "2020-06-27": 0.8,
          "2020-06-28": 0.78,
          "2020-06-29": 0.79,
          "2020-06-30": 0.79,
          "2020-07-01": 0.81,
          "2020-07-02": 0.86,
          "2020-07-03": 0.92,
          "2020-07-04": 1,
          "2020-07-05": 0.83,
          "2020-07-06": 0.77,
          "2020-07-07": 0.7,
          "2020-07-08": 0.63,
          "2020-07-09": 0.4,
          "2020-07-10": 0.31,
          "2020-07-11": 0.23,
          "2020-07-12": 0.2,
          "2020-07-13": 0.52,
          "2020-07-14": 0.59,
          "2020-07-15": 0.27,
          "2020-07-16": 0.13,
          "2020-07-17": 0.22,
          "2020-07-18": 0.77,
          "2020-07-19": 0.84,
          "2020-07-20": 0.74,
          "2020-07-21": 0.63,
          "2020-07-22": 0.19,
          "2020-07-23": 0.22,
          "2020-07-24": 0.16,
          "2020-07-25": 0.16,
          "2020-07-26": 0.16,
          "2020-07-27": 0.35,
          "2020-07-28": 0.58,
          "2020-07-29": 0.56,
          "2020-07-30": 0.57,
          "2020-07-31": 0.54,
          "2020-08-01": 0.52,
          "2020-08-02": 0.51,
          "2020-08-03": 0.51,
          "2020-08-04": 0.49,
          "2020-08-05": 0.47,
          "2020-08-06": 0.46,
          "2020-08-07": 0.49,
          "2020-08-08": 0.47,
          "2020-08-09": 0.7,
          "2020-08-10": 0.55,
          "2020-08-11": 0.95,
          "2020-08-12": 0.76,
          "2020-08-13": 1,
          "2020-08-14": 1.11,
          "2020-08-15": 0.8,
          "2020-08-16": 0.67,
          "2020-08-17": 0.67,
          "2020-08-18": 0.78,
          "2020-08-19": 0.81,
          "2020-08-20": 0.62,
          "2020-08-21": 0.49,
          "2020-08-22": 0.5,
          "2020-08-23": 0.52,
          "2020-08-24": 0.59,
          "2020-08-25": 0.62,
          "2020-08-26": 0.62,
          "2020-08-27": 0.59,
          "2020-08-28": 0.52,
          "2020-08-29": 0.56,
          "2020-08-30": 0.5,
          "2020-08-31": 0.62,
          "2020-09-01": 0.64,
          "2020-09-02": 0.62,
          "2020-09-03": 0.63,
          "2020-09-04": 0.64,
          "2020-09-05": 0.64,
          "2020-09-06": 0.72,
          "2020-09-07": 0.62,
          "2020-09-08": 0.65,
          "2020-09-09": 0.67,
          "2020-09-10": 0.68,
          "2020-09-11": 0.7,
          "2020-09-12": 0.7,
          "2020-09-13": 0.71,
          "2020-09-14": 0.7,
          "2020-09-15": 0.54,
          "2020-09-16": 0.34,
          "2020-09-17": 0.42,
          "2020-09-18": 0.58,
          "2020-09-19": 0.57,
          "2020-09-20": 0.63,
          "2020-09-21": 0.71,
          "2020-09-22": 0.3,
          "2020-09-23": 0.09,
          "2020-09-24": 0.13,
          "2020-09-25": 0.47,
          "2020-09-26": 0.54,
          "2020-09-27": 0.74,
          "2020-09-28": 0.65,
          "2020-09-29": 0.66,
          "2020-09-30": 0.7,
          "2020-10-01": 0.73,
          "2020-10-02": 0.77,
          "2020-10-03": 0.78,
          "2020-10-04": 0.8,
          "2020-10-05": 0.85,
          "2020-10-06": 0.87,
          "2020-10-07": 0.92,
          "2020-10-08": 0.87,
          "2020-10-09": 0.9,
          "2020-10-10": 0.9,
          "2020-10-11": 0.91,
          "2020-10-12": 0.96,
          "2020-10-13": 1.02,
          "2020-10-14": 0.92,
          "2020-10-15": 1,
          "2020-10-16": 1.16,
          "2020-10-17": 1.3,
          "2020-10-18": 1.03,
          "2020-10-19": 1.03,
          "2020-10-20": 0.92,
          "2020-10-21": 0.93,
          "2020-10-22": 0.97,
          "2020-10-23": 0.96,
          "2020-10-24": 0.98,
          "2020-10-25": 0.98,
          "2020-10-26": 0.96,
          "2020-10-27": 0.91,
          "2020-10-28": 0.9,
          "2020-10-29": 0.96,
          "2020-10-30": 1.01,
          "2020-10-31": 1,
          "2020-11-01": 1.07,
          "2020-11-02": 1.04,
          "2020-11-03": 1.05,
          "2020-11-04": 1.04,
          "2020-11-05": 0.88,
          "2020-11-06": 1.05,
          "2020-11-07": 1.05,
          "2020-11-08": 1.01,
          "2020-11-09": 0.99,
          "2020-11-10": 0.96,
          "2020-11-11": 0.85,
          "2020-11-12": 0.81,
          "2020-11-13": 0.83,
          "2020-11-14": 0.97,
          "2020-11-15": 0.91,
          "2020-11-16": 0.93,
          "2020-11-17": 0.99,
          "2020-11-18": 0.92,
          "2020-11-19": 0.9,
          "2020-11-20": 0.93,
          "2020-11-21": 0.91,
          "2020-11-22": 0.87,
          "2020-11-23": 0.81,
          "2020-11-24": 0.87,
          "2020-11-25": 0.92,
          "2020-11-26": 0.92,
          "2020-11-27": 0.88,
          "2020-11-28": 0.8,
          "2020-11-29": 0.78,
          "2020-11-30": 0.76,
          "2020-12-01": 0.76,
          "2020-12-02": 0.76,
          "2020-12-03": 0.76,
          "2020-12-04": 0.76,
          "2020-12-05": 0.76,
          "2020-12-06": 0.78,
          "2020-12-07": 1.08,
          "2020-12-08": 1.12,
          "2020-12-09": 0.85,
          "2020-12-10": 0.85,
          "2020-12-11": 0.76,
          "2020-12-12": 0.73,
          "2020-12-13": 0.74,
          "2020-12-14": 0.79,
          "2020-12-15": 0.73,
          "2020-12-16": 0.72,
          "2020-12-17": 0.9,
          "2020-12-18": 0.81,
          "2020-12-19": 0.92,
          "2020-12-20": 0.84,
          "2020-12-21": 0.83,
          "2020-12-22": 0.79,
          "2020-12-23": 0.79,
          "2020-12-24": 0.76,
          "2020-12-25": 0.82,
          "2020-12-26": 0.78,
          "2020-12-27": 0.78,
          "2020-12-28": 0.8,
          "2020-12-29": 0.72,
          "2020-12-30": 0.77,
          "2020-12-31": 0.85
        },
        "Reading_(+6hr)": "2.5 m",
        "reading_manual": {
          "2020-01-01": 13,
          "2020-01-02": 20,
          "2020-01-03": 6,
          "2020-01-04": 17,
          "2020-01-05": 1,
          "2020-01-06": 11,
          "2020-01-07": 8,
          "2020-01-08": 3,
          "2020-01-09": 14,
          "2020-01-10": 8,
          "2020-01-11": 6,
          "2020-01-12": 12,
          "2020-01-13": 0,
          "2020-01-14": 17,
          "2020-01-15": 10,
          "2020-01-16": 9,
          "2020-01-17": 18,
          "2020-01-18": 9,
          "2020-01-19": 11,
          "2020-01-20": 5,
          "2020-01-21": 5,
          "2020-01-22": 13,
          "2020-01-23": 15,
          "2020-01-24": 19,
          "2020-01-25": 11,
          "2020-01-26": 3,
          "2020-01-27": 19,
          "2020-01-28": 20,
          "2020-01-29": 10,
          "2020-01-30": 9,
          "2020-01-31": 12,
          "2020-02-01": 5,
          "2020-02-02": 1,
          "2020-02-03": 12,
          "2020-02-04": 13,
          "2020-02-05": 17,
          "2020-02-06": 11,
          "2020-02-07": 2,
          "2020-02-08": 19,
          "2020-02-09": 20,
          "2020-02-10": 20,
          "2020-02-11": 17,
          "2020-02-12": 11,
          "2020-02-13": 4,
          "2020-02-14": 20,
          "2020-02-15": 12,
          "2020-02-16": 9,
          "2020-02-17": 1,
          "2020-02-18": 18,
          "2020-02-19": 3,
          "2020-02-20": 4,
          "2020-02-21": 1,
          "2020-02-22": 15,
          "2020-02-23": 14,
          "2020-02-24": 17,
          "2020-02-25": 20,
          "2020-02-26": 17,
          "2020-02-27": 19,
          "2020-02-28": 13,
          "2020-02-29": 7,
          "2020-03-01": 8,
          "2020-03-02": 17,
          "2020-03-03": 3,
          "2020-03-04": 0,
          "2020-03-05": 0,
          "2020-03-06": 18,
          "2020-03-07": 0,
          "2020-03-08": 14,
          "2020-03-09": 6,
          "2020-03-10": 11,
          "2020-03-11": 20,
          "2020-03-12": 18,
          "2020-03-13": 6,
          "2020-03-14": 5,
          "2020-03-15": 15,
          "2020-03-16": 14,
          "2020-03-17": 7,
          "2020-03-18": 14,
          "2020-03-19": 15,
          "2020-03-20": 13,
          "2020-03-21": 20,
          "2020-03-22": 3,
          "2020-03-23": 12,
          "2020-03-24": 14,
          "2020-03-25": 12,
          "2020-03-26": 14,
          "2020-03-27": 9,
          "2020-03-28": 10,
          "2020-03-29": 2,
          "2020-03-30": 4,
          "2020-03-31": 20,
          "2020-04-01": 11,
          "2020-04-02": 1,
          "2020-04-03": 19,
          "2020-04-04": 4,
          "2020-04-05": 15,
          "2020-04-06": 15,
          "2020-04-07": 16,
          "2020-04-08": 4,
          "2020-04-09": 8,
          "2020-04-10": 18,
          "2020-04-11": 17,
          "2020-04-12": 10,
          "2020-04-13": 7,
          "2020-04-14": 7,
          "2020-04-15": 12,
          "2020-04-16": 12,
          "2020-04-17": 13,
          "2020-04-18": 8,
          "2020-04-19": 18,
          "2020-04-20": 7,
          "2020-04-21": 7,
          "2020-04-22": 4,
          "2020-04-23": 13,
          "2020-04-24": 11,
          "2020-04-25": 14,
          "2020-04-26": 18,
          "2020-04-27": 10,
          "2020-04-28": 14,
          "2020-04-29": 11,
          "2020-04-30": 3,
          "2020-05-01": 2,
          "2020-05-02": 18,
          "2020-05-03": 7,
          "2020-05-04": 11,
          "2020-05-05": 16,
          "2020-05-06": 17,
          "2020-05-07": 0,
          "2020-05-08": 11,
          "2020-05-09": 14,
          "2020-05-10": 17,
          "2020-05-11": 12,
          "2020-05-12": 3,
          "2020-05-13": 4,
          "2020-05-14": 18,
          "2020-05-15": 7,
          "2020-05-16": 7,
          "2020-05-17": 3,
          "2020-05-18": 18,
          "2020-05-19": 2,
          "2020-05-20": 1,
          "2020-05-21": 11,
          "2020-05-22": 19,
          "2020-05-23": 10,
          "2020-05-24": 20,
          "2020-05-25": 17,
          "2020-05-26": 16,
          "2020-05-27": 5,
          "2020-05-28": 0,
          "2020-05-29": 1,
          "2020-05-30": 20,
          "2020-05-31": 14,
          "2020-06-01": 19,
          "2020-06-02": 5,
          "2020-06-03": 3,
          "2020-06-04": 7,
          "2020-06-05": 16,
          "2020-06-06": 8,
          "2020-06-07": 17,
          "2020-06-08": 20,
          "2020-06-09": 8,
          "2020-06-10": 15,
          "2020-06-11": 9,
          "2020-06-12": 18,
          "2020-06-13": 17,
          "2020-06-14": 7,
          "2020-06-15": 14,
          "2020-06-16": 9,
          "2020-06-17": 15,
          "2020-06-18": 1,
          "2020-06-19": 10,
          "2020-06-20": 11,
          "2020-06-21": 9,
          "2020-06-22": 12,
          "2020-06-23": 16,
          "2020-06-24": 4,
          "2020-06-25": 9,
          "2020-06-26": 11,
          "2020-06-27": 10,
          "2020-06-28": 3,
          "2020-06-29": 15,
          "2020-06-30": 9,
          "2020-07-01": 3,
          "2020-07-02": 16,
          "2020-07-03": 2,
          "2020-07-04": 17,
          "2020-07-05": 9,
          "2020-07-06": 18,
          "2020-07-07": 16,
          "2020-07-08": 12,
          "2020-07-09": 14,
          "2020-07-10": 0,
          "2020-07-11": 5,
          "2020-07-12": 3,
          "2020-07-13": 5,
          "2020-07-14": 19,
          "2020-07-15": 20,
          "2020-07-16": 9,
          "2020-07-17": 11,
          "2020-07-18": 8,
          "2020-07-19": 2,
          "2020-07-20": 12,
          "2020-07-21": 5,
          "2020-07-22": 11,
          "2020-07-23": 18,
          "2020-07-24": 9,
          "2020-07-25": 19,
          "2020-07-26": 5,
          "2020-07-27": 4,
          "2020-07-28": 17,
          "2020-07-29": 9,
          "2020-07-30": 7,
          "2020-07-31": 11,
          "2020-08-01": 18,
          "2020-08-02": 4,
          "2020-08-03": 9,
          "2020-08-04": 14,
          "2020-08-05": 10,
          "2020-08-06": 19,
          "2020-08-07": 20,
          "2020-08-08": 6,
          "2020-08-09": 4,
          "2020-08-10": 13,
          "2020-08-11": 4,
          "2020-08-12": 13,
          "2020-08-13": 7,
          "2020-08-14": 20,
          "2020-08-15": 18,
          "2020-08-16": 19,
          "2020-08-17": 14,
          "2020-08-18": 3,
          "2020-08-19": 9,
          "2020-08-20": 11,
          "2020-08-21": 17,
          "2020-08-22": 20,
          "2020-08-23": 0,
          "2020-08-24": 17,
          "2020-08-25": 10,
          "2020-08-26": 6,
          "2020-08-27": 17,
          "2020-08-28": 4,
          "2020-08-29": 17,
          "2020-08-30": 15,
          "2020-08-31": 13,
          "2020-09-01": 6,
          "2020-09-02": 8,
          "2020-09-03": 17,
          "2020-09-04": 15,
          "2020-09-05": 13,
          "2020-09-06": 10,
          "2020-09-07": 19,
          "2020-09-08": 8,
          "2020-09-09": 17,
          "2020-09-10": 13,
          "2020-09-11": 19,
          "2020-09-12": 1,
          "2020-09-13": 2,
          "2020-09-14": 16,
          "2020-09-15": 17,
          "2020-09-16": 1,
          "2020-09-17": 18,
          "2020-09-18": 3,
          "2020-09-19": 3,
          "2020-09-20": 12,
          "2020-09-21": 7,
          "2020-09-22": 8,
          "2020-09-23": 4,
          "2020-09-24": 5,
          "2020-09-25": 16,
          "2020-09-26": 6,
          "2020-09-27": 11,
          "2020-09-28": 3,
          "2020-09-29": 8,
          "2020-09-30": 1,
          "2020-10-01": 20,
          "2020-10-02": 5,
          "2020-10-03": 11,
          "2020-10-04": 2,
          "2020-10-05": 0,
          "2020-10-06": 20,
          "2020-10-07": 3,
          "2020-10-08": 11,
          "2020-10-09": 11,
          "2020-10-10": 1,
          "2020-10-11": 17,
          "2020-10-12": 16,
          "2020-10-13": 10,
          "2020-10-14": 11,
          "2020-10-15": 5,
          "2020-10-16": 8,
          "2020-10-17": 6,
          "2020-10-18": 0,
          "2020-10-19": 11,
          "2020-10-20": 17,
          "2020-10-21": 14,
          "2020-10-22": 11,
          "2020-10-23": 15,
          "2020-10-24": 15,
          "2020-10-25": 2,
          "2020-10-26": 18,
          "2020-10-27": 14,
          "2020-10-28": 12,
          "2020-10-29": 18,
          "2020-10-30": 2,
          "2020-10-31": 4,
          "2020-11-01": 11,
          "2020-11-02": 17,
          "2020-11-03": 18,
          "2020-11-04": 9,
          "2020-11-05": 18,
          "2020-11-06": 0,
          "2020-11-07": 13,
          "2020-11-08": 7,
          "2020-11-09": 1,
          "2020-11-10": 13,
          "2020-11-11": 10,
          "2020-11-12": 20,
          "2020-11-13": 6,
          "2020-11-14": 1,
          "2020-11-15": 9,
          "2020-11-16": 9,
          "2020-11-17": 14,
          "2020-11-18": 6,
          "2020-11-19": 11,
          "2020-11-20": 10,
          "2020-11-21": 0,
          "2020-11-22": 15,
          "2020-11-23": 0,
          "2020-11-24": 12,
          "2020-11-25": 20,
          "2020-11-26": 2,
          "2020-11-27": 15,
          "2020-11-28": 3,
          "2020-11-29": 13,
          "2020-11-30": 12,
          "2020-12-01": 11,
          "2020-12-02": 12,
          "2020-12-03": 15,
          "2020-12-04": 2,
          "2020-12-05": 13,
          "2020-12-06": 20,
          "2020-12-07": 13,
          "2020-12-08": 4,
          "2020-12-09": 20,
          "2020-12-10": 13,
          "2020-12-11": 11,
          "2020-12-12": 11,
          "2020-12-13": 9,
          "2020-12-14": 13,
          "2020-12-15": 1,
          "2020-12-16": 17,
          "2020-12-17": 8,
          "2020-12-18": 13,
          "2020-12-19": 8,
          "2020-12-20": 19,
          "2020-12-21": 5,
          "2020-12-22": 14,
          "2020-12-23": 15,
          "2020-12-24": 19,
          "2020-12-25": 19,
          "2020-12-26": 4,
          "2020-12-27": 7,
          "2020-12-28": 13,
          "2020-12-29": 20,
          "2020-12-30": 10,
          "2020-12-31": 9
        }
      },
      "geometry": {
        "type": "Point",
        "coordinates": [
          106.816425,
          -6.215427778069966
        ]
      }
    },
    {
      "type": "Feature",
      "properties": {
        "AWLR_Name": "Karet Bivak",
        "Device_ID": "AWLR-565",
        "Brand": "PT. INTI",
        "Longitude": 106.811266,
        "Latitude": -6.207147,
        "Catchment_Name": "DAS Krukut",
        "Built_Year": "1999",
        "Provinsi": "DKI Jakarta",
        "Kota": "Jakarta Pusat",
        "Kecamatan": "Tanah Abang",
        "Kelurahan": "Tanah Abang",
        "Manager": "BBWS Ciliwung Cisadane",
        "River_Region": "WS Ciliwung Cisadane",
        "Station_Condition": "Poor",
        "Device_Condition": "Good",
        "Type": "Telemetri",
        "Elevation": "No Data",
        "Data_Frequency": "15 minutes",
        "Last_Maintenance": "20-08-2020",
        "Data_Completeness": "98%",
        "Reading": {
          "2020-01-01": 2.01,
          "2020-01-02": 1.81,
          "2020-01-03": 0.75,
          "2020-01-04": 0.55,
          "2020-01-05": 0.56,
          "2020-01-06": 0.37,
          "2020-01-07": 0.13,
          "2020-01-08": 0.06,
          "2020-01-09": 0.25,
          "2020-01-10": 0.17,
          "2020-01-11": 0.04,
          "2020-01-12": 0.09,
          "2020-01-13": 0.42,
          "2020-01-14": 0.62,
          "2020-01-15": 0.61,
          "2020-01-16": 0.75,
          "2020-01-17": 0.72,
          "2020-01-18": 1.12,
          "2020-01-19": 0.7,
          "2020-01-20": 0.74,
          "2020-01-21": 0.88,
          "2020-01-22": 0.79,
          "2020-01-23": 0.83,
          "2020-01-24": 1.24,
          "2020-01-25": 1,
          "2020-01-26": 0.96,
          "2020-01-27": 1.26,
          "2020-01-28": 0.98,
          "2020-01-29": 0.92,
          "2020-01-30": 1.14,
          "2020-01-31": 1.05,
          "2020-02-01": 1.55,
          "2020-02-02": 1.43,
          "2020-02-03": 1.25,
          "2020-02-04": 1.14,
          "2020-02-05": 1.04,
          "2020-02-06": 1.05,
          "2020-02-07": 1.16,
          "2020-02-08": 1.05,
          "2020-02-09": 1.16,
          "2020-02-10": 1.05,
          "2020-02-11": 1.06,
          "2020-02-12": 1.01,
          "2020-02-13": 0.98,
          "2020-02-14": 1.08,
          "2020-02-15": 1.04,
          "2020-02-16": 1.25,
          "2020-02-17": 1.14,
          "2020-02-18": 0.92,
          "2020-02-19": 0.96,
          "2020-02-20": 1.42,
          "2020-02-21": 1.19,
          "2020-02-22": 1.69,
          "2020-02-23": 1.66,
          "2020-02-24": 1.25,
          "2020-02-25": 1.8,
          "2020-02-26": 1.23,
          "2020-02-27": 1.12,
          "2020-02-28": 1.32,
          "2020-02-29": 1.28,
          "2020-03-01": 1,
          "2020-03-02": 0.93,
          "2020-03-03": 0.6,
          "2020-03-04": 0.5,
          "2020-03-05": 0.53,
          "2020-03-06": 0.37,
          "2020-03-07": 0.3,
          "2020-03-08": 0.2,
          "2020-03-09": 0.3,
          "2020-03-10": 0.2,
          "2020-03-11": 0.3,
          "2020-03-12": 0.3,
          "2020-03-13": 0.3,
          "2020-03-14": 0.3,
          "2020-03-15": 0.3,
          "2020-03-16": 0.47,
          "2020-03-17": 1.87,
          "2020-03-18": 1.63,
          "2020-03-19": 1.5,
          "2020-03-20": 1.5,
          "2020-03-21": 1.6,
          "2020-03-22": 1.7,
          "2020-03-23": 1.77,
          "2020-03-24": 1.6,
          "2020-03-25": 1.67,
          "2020-03-26": 1.83,
          "2020-03-27": 1.77,
          "2020-03-28": 1.9,
          "2020-03-29": 1.37,
          "2020-03-30": 1.63,
          "2020-03-31": 1.23,
          "2020-04-01": 1.4,
          "2020-04-02": 1.2,
          "2020-04-03": 1.1,
          "2020-04-04": 0.9,
          "2020-04-05": 0.8,
          "2020-04-06": 1.2,
          "2020-04-07": 1.2,
          "2020-04-08": 1.07,
          "2020-04-09": 0.9,
          "2020-04-10": 0.93,
          "2020-04-11": 0.83,
          "2020-04-12": 0.5,
          "2020-04-13": 0.8,
          "2020-04-14": 0.8,
          "2020-04-15": 0.8,
          "2020-04-16": 0.8,
          "2020-04-17": 0.87,
          "2020-04-18": 1.5,
          "2020-04-19": 1.57,
          "2020-04-20": 0.7,
          "2020-04-21": 0.7,
          "2020-04-22": 0.6,
          "2020-04-23": 0.5,
          "2020-04-24": 0.5,
          "2020-04-25": 0.5,
          "2020-04-26": 0.4,
          "2020-04-27": 0.5,
          "2020-04-28": 0.5,
          "2020-04-29": 0.57,
          "2020-04-30": 0.5,
          "2020-05-01": 0.5,
          "2020-05-02": 0.5,
          "2020-05-03": 0.4,
          "2020-05-04": 0.4,
          "2020-05-05": 0.5,
          "2020-05-06": 0.5,
          "2020-05-07": 0.5,
          "2020-05-08": 0.7,
          "2020-05-09": 0.6,
          "2020-05-10": 0.5,
          "2020-05-11": 0.43,
          "2020-05-12": 0.5,
          "2020-05-13": 0.5,
          "2020-05-14": 0.5,
          "2020-05-15": 0.5,
          "2020-05-16": 0.5,
          "2020-05-17": 0.6,
          "2020-05-18": 0.67,
          "2020-05-19": 1.57,
          "2020-05-20": 0.57,
          "2020-05-21": 1.7,
          "2020-05-22": 0.63,
          "2020-05-23": 0.6,
          "2020-05-24": 0.6,
          "2020-05-25": 0.6,
          "2020-05-26": 0.6,
          "2020-05-27": 0.5,
          "2020-05-28": 0.5,
          "2020-05-29": 0.5,
          "2020-05-30": 0.5,
          "2020-05-31": 0.6,
          "2020-06-01": 0.57,
          "2020-06-02": 0.5,
          "2020-06-03": 0.5,
          "2020-06-04": 0.5,
          "2020-06-05": 0.53,
          "2020-06-06": 0.47,
          "2020-06-07": 0.4,
          "2020-06-08": 0.4,
          "2020-06-09": 0.47,
          "2020-06-10": 0.5,
          "2020-06-11": 0.5,
          "2020-06-12": 0.47,
          "2020-06-13": 0.43,
          "2020-06-14": 0.43,
          "2020-06-15": 0.3,
          "2020-06-16": 0.37,
          "2020-06-17": 0.37,
          "2020-06-18": 0.4,
          "2020-06-19": 0.33,
          "2020-06-20": 0.3,
          "2020-06-21": 0.27,
          "2020-06-22": 0.2,
          "2020-06-23": 0.2,
          "2020-06-24": 0.2,
          "2020-06-25": 0.3,
          "2020-06-26": 0.3,
          "2020-06-27": 0.27,
          "2020-06-28": 0.2,
          "2020-06-29": 0.2,
          "2020-06-30": 0.2,
          "2020-07-01": 0.2,
          "2020-07-02": 0.2,
          "2020-07-03": 0.5,
          "2020-07-04": 0.33,
          "2020-07-05": 0.3,
          "2020-07-06": 0.2,
          "2020-07-07": 0.13,
          "2020-07-08": 0.17,
          "2020-07-09": 0.1,
          "2020-07-10": 0.1,
          "2020-07-11": 0.2,
          "2020-07-12": 0.2,
          "2020-07-13": 0.1,
          "2020-07-14": 0.1,
          "2020-07-15": 0.11,
          "2020-07-16": 0.1,
          "2020-07-17": 0.1,
          "2020-07-18": 0.1,
          "2020-07-19": 0.09,
          "2020-07-20": 0.1,
          "2020-07-21": 0.09,
          "2020-07-22": 0.2,
          "2020-07-23": 0.27,
          "2020-07-24": 0.17,
          "2020-07-25": 0.1,
          "2020-07-26": 0.08,
          "2020-07-27": 0.08,
          "2020-07-28": 0.06,
          "2020-07-29": 0.03,
          "2020-07-30": 0.05,
          "2020-07-31": 0.04,
          "2020-08-01": 0.04,
          "2020-08-02": 0.06,
          "2020-08-03": 0.02,
          "2020-08-04": 0.04,
          "2020-08-05": 0.04,
          "2020-08-06": 0.04,
          "2020-08-07": 0.04,
          "2020-08-08": 0.03,
          "2020-08-09": 0.32,
          "2020-08-10": 0.36,
          "2020-08-11": 0.07,
          "2020-08-12": 0.23,
          "2020-08-13": 0.68,
          "2020-08-14": 0.59,
          "2020-08-15": 0.22,
          "2020-08-16": 0.06,
          "2020-08-17": 0.2,
          "2020-08-18": 0.11,
          "2020-08-19": 0.12,
          "2020-08-20": 0.1,
          "2020-08-21": 0.01,
          "2020-08-22": 0,
          "2020-08-23": 0,
          "2020-08-24": 0.01,
          "2020-08-25": 0,
          "2020-08-26": 0.04,
          "2020-08-27": 0,
          "2020-08-28": 0,
          "2020-08-29": 0,
          "2020-08-30": 0,
          "2020-08-31": 0,
          "2020-09-01": 0,
          "2020-09-02": 0,
          "2020-09-03": 0,
          "2020-09-04": 0,
          "2020-09-05": 0,
          "2020-09-06": 0.2,
          "2020-09-07": 0.05,
          "2020-09-08": 0.03,
          "2020-09-09": 0.02,
          "2020-09-10": 0.1,
          "2020-09-11": 0.06,
          "2020-09-12": 0,
          "2020-09-13": 0.3,
          "2020-09-14": 0.76,
          "2020-09-15": 0.64,
          "2020-09-16": 0.59,
          "2020-09-17": 0.41,
          "2020-09-18": 0.32,
          "2020-09-19": 0.26,
          "2020-09-20": 0.23,
          "2020-09-21": 0.37,
          "2020-09-22": 1.02,
          "2020-09-23": 0.7,
          "2020-09-24": 0.21,
          "2020-09-25": 0.09,
          "2020-09-26": 0.08,
          "2020-09-27": 0.11,
          "2020-09-28": 0.89,
          "2020-09-29": 0.14,
          "2020-09-30": 0.09,
          "2020-10-01": 0.09,
          "2020-10-02": 0.13,
          "2020-10-03": 0.6,
          "2020-10-04": 0.28,
          "2020-10-05": 1.61,
          "2020-10-06": 0.28,
          "2020-10-07": 0.19,
          "2020-10-08": 0.47,
          "2020-10-09": 0.76,
          "2020-10-10": 0.37,
          "2020-10-11": 1.14,
          "2020-10-12": 0.68,
          "2020-10-13": 0.45,
          "2020-10-14": 0.35,
          "2020-10-15": 0.29,
          "2020-10-16": 0.54,
          "2020-10-17": 0.2,
          "2020-10-18": 0.33,
          "2020-10-19": 0.48,
          "2020-10-20": 0.42,
          "2020-10-21": 0.36,
          "2020-10-22": 0.4,
          "2020-10-23": 0.78,
          "2020-10-24": 1.28,
          "2020-10-25": 1.04,
          "2020-10-26": 0.69,
          "2020-10-27": 0.7,
          "2020-10-28": 0.47,
          "2020-10-29": 0.81,
          "2020-10-30": 0.39,
          "2020-10-31": 0.37,
          "2020-11-01": 1.09,
          "2020-11-02": 0.43,
          "2020-11-03": 0.32,
          "2020-11-04": 0.58,
          "2020-11-05": 0.6,
          "2020-11-06": 0.48,
          "2020-11-07": 0.65,
          "2020-11-08": 0.91,
          "2020-11-09": 0.55,
          "2020-11-10": 0.19,
          "2020-11-11": 0.45,
          "2020-11-12": 0.71,
          "2020-11-13": 0.33,
          "2020-11-14": 0.25,
          "2020-11-15": 0.59,
          "2020-11-16": 0.25,
          "2020-11-17": 0.32,
          "2020-11-18": 0.48,
          "2020-11-19": 0.32,
          "2020-11-20": 0.3,
          "2020-11-21": 0.34,
          "2020-11-22": 0.46,
          "2020-11-23": 0.33,
          "2020-11-24": 0.33,
          "2020-11-25": 0.33,
          "2020-11-26": 0.56,
          "2020-11-27": 0.26,
          "2020-11-28": 0.15,
          "2020-11-29": 0.23,
          "2020-11-30": 0.2,
          "2020-12-01": 0.23,
          "2020-12-02": 0.15,
          "2020-12-03": 0.18,
          "2020-12-04": 0.19,
          "2020-12-05": 0.18,
          "2020-12-06": 0.94,
          "2020-12-07": 1.3,
          "2020-12-08": 0.6,
          "2020-12-09": 0.46,
          "2020-12-10": 0.4,
          "2020-12-11": 0.22,
          "2020-12-12": 0.33,
          "2020-12-13": 0.3,
          "2020-12-14": 0.3,
          "2020-12-15": 0.21,
          "2020-12-16": 0.24,
          "2020-12-17": 0.44,
          "2020-12-18": 0.22,
          "2020-12-19": 0.29,
          "2020-12-20": 0.13,
          "2020-12-21": 0.19,
          "2020-12-22": 0.21,
          "2020-12-23": 0.23,
          "2020-12-24": 0.15,
          "2020-12-25": 0.2,
          "2020-12-26": 0.2,
          "2020-12-27": 0.17,
          "2020-12-28": 0.13,
          "2020-12-29": 0.13,
          "2020-12-30": 0.13,
          "2020-12-31": 0.15
        },
        "Reading_(+6hr)": "2.5 m",
        "reading_manual": {
          "2020-01-01": 20,
          "2020-01-02": 5,
          "2020-01-03": 19,
          "2020-01-04": 10,
          "2020-01-05": 8,
          "2020-01-06": 20,
          "2020-01-07": 17,
          "2020-01-08": 3,
          "2020-01-09": 0,
          "2020-01-10": 20,
          "2020-01-11": 2,
          "2020-01-12": 11,
          "2020-01-13": 16,
          "2020-01-14": 20,
          "2020-01-15": 20,
          "2020-01-16": 13,
          "2020-01-17": 11,
          "2020-01-18": 20,
          "2020-01-19": 17,
          "2020-01-20": 17,
          "2020-01-21": 0,
          "2020-01-22": 17,
          "2020-01-23": 3,
          "2020-01-24": 17,
          "2020-01-25": 20,
          "2020-01-26": 9,
          "2020-01-27": 16,
          "2020-01-28": 20,
          "2020-01-29": 5,
          "2020-01-30": 16,
          "2020-01-31": 17,
          "2020-02-01": 13,
          "2020-02-02": 13,
          "2020-02-03": 0,
          "2020-02-04": 8,
          "2020-02-05": 13,
          "2020-02-06": 0,
          "2020-02-07": 15,
          "2020-02-08": 1,
          "2020-02-09": 4,
          "2020-02-10": 10,
          "2020-02-11": 6,
          "2020-02-12": 7,
          "2020-02-13": 19,
          "2020-02-14": 19,
          "2020-02-15": 16,
          "2020-02-16": 8,
          "2020-02-17": 14,
          "2020-02-18": 10,
          "2020-02-19": 13,
          "2020-02-20": 20,
          "2020-02-21": 4,
          "2020-02-22": 13,
          "2020-02-23": 20,
          "2020-02-24": 11,
          "2020-02-25": 7,
          "2020-02-26": 15,
          "2020-02-27": 17,
          "2020-02-28": 12,
          "2020-02-29": 20,
          "2020-03-01": 8,
          "2020-03-02": 13,
          "2020-03-03": 11,
          "2020-03-04": 2,
          "2020-03-05": 0,
          "2020-03-06": 8,
          "2020-03-07": 20,
          "2020-03-08": 19,
          "2020-03-09": 14,
          "2020-03-10": 2,
          "2020-03-11": 7,
          "2020-03-12": 2,
          "2020-03-13": 8,
          "2020-03-14": 12,
          "2020-03-15": 17,
          "2020-03-16": 8,
          "2020-03-17": 17,
          "2020-03-18": 5,
          "2020-03-19": 3,
          "2020-03-20": 20,
          "2020-03-21": 20,
          "2020-03-22": 20,
          "2020-03-23": 16,
          "2020-03-24": 13,
          "2020-03-25": 2,
          "2020-03-26": 8,
          "2020-03-27": 15,
          "2020-03-28": 0,
          "2020-03-29": 9,
          "2020-03-30": 16,
          "2020-03-31": 20,
          "2020-04-01": 18,
          "2020-04-02": 15,
          "2020-04-03": 18,
          "2020-04-04": 16,
          "2020-04-05": 10,
          "2020-04-06": 12,
          "2020-04-07": 14,
          "2020-04-08": 6,
          "2020-04-09": 7,
          "2020-04-10": 12,
          "2020-04-11": 2,
          "2020-04-12": 19,
          "2020-04-13": 2,
          "2020-04-14": 10,
          "2020-04-15": 3,
          "2020-04-16": 10,
          "2020-04-17": 15,
          "2020-04-18": 19,
          "2020-04-19": 12,
          "2020-04-20": 12,
          "2020-04-21": 13,
          "2020-04-22": 12,
          "2020-04-23": 8,
          "2020-04-24": 15,
          "2020-04-25": 18,
          "2020-04-26": 8,
          "2020-04-27": 1,
          "2020-04-28": 16,
          "2020-04-29": 15,
          "2020-04-30": 8,
          "2020-05-01": 12,
          "2020-05-02": 17,
          "2020-05-03": 0,
          "2020-05-04": 4,
          "2020-05-05": 10,
          "2020-05-06": 11,
          "2020-05-07": 4,
          "2020-05-08": 7,
          "2020-05-09": 6,
          "2020-05-10": 8,
          "2020-05-11": 11,
          "2020-05-12": 9,
          "2020-05-13": 1,
          "2020-05-14": 12,
          "2020-05-15": 9,
          "2020-05-16": 9,
          "2020-05-17": 16,
          "2020-05-18": 20,
          "2020-05-19": 20,
          "2020-05-20": 4,
          "2020-05-21": 2,
          "2020-05-22": 4,
          "2020-05-23": 1,
          "2020-05-24": 17,
          "2020-05-25": 4,
          "2020-05-26": 1,
          "2020-05-27": 10,
          "2020-05-28": 7,
          "2020-05-29": 19,
          "2020-05-30": 14,
          "2020-05-31": 18,
          "2020-06-01": 14,
          "2020-06-02": 7,
          "2020-06-03": 13,
          "2020-06-04": 2,
          "2020-06-05": 14,
          "2020-06-06": 5,
          "2020-06-07": 3,
          "2020-06-08": 16,
          "2020-06-09": 0,
          "2020-06-10": 14,
          "2020-06-11": 16,
          "2020-06-12": 1,
          "2020-06-13": 6,
          "2020-06-14": 13,
          "2020-06-15": 14,
          "2020-06-16": 10,
          "2020-06-17": 6,
          "2020-06-18": 14,
          "2020-06-19": 16,
          "2020-06-20": 16,
          "2020-06-21": 20,
          "2020-06-22": 6,
          "2020-06-23": 8,
          "2020-06-24": 17,
          "2020-06-25": 11,
          "2020-06-26": 8,
          "2020-06-27": 6,
          "2020-06-28": 0,
          "2020-06-29": 12,
          "2020-06-30": 15,
          "2020-07-01": 8,
          "2020-07-02": 5,
          "2020-07-03": 8,
          "2020-07-04": 2,
          "2020-07-05": 20,
          "2020-07-06": 0,
          "2020-07-07": 5,
          "2020-07-08": 19,
          "2020-07-09": 13,
          "2020-07-10": 20,
          "2020-07-11": 15,
          "2020-07-12": 12,
          "2020-07-13": 7,
          "2020-07-14": 12,
          "2020-07-15": 3,
          "2020-07-16": 18,
          "2020-07-17": 1,
          "2020-07-18": 16,
          "2020-07-19": 14,
          "2020-07-20": 19,
          "2020-07-21": 10,
          "2020-07-22": 12,
          "2020-07-23": 4,
          "2020-07-24": 9,
          "2020-07-25": 8,
          "2020-07-26": 4,
          "2020-07-27": 6,
          "2020-07-28": 15,
          "2020-07-29": 2,
          "2020-07-30": 16,
          "2020-07-31": 17,
          "2020-08-01": 9,
          "2020-08-02": 6,
          "2020-08-03": 13,
          "2020-08-04": 14,
          "2020-08-05": 13,
          "2020-08-06": 10,
          "2020-08-07": 0,
          "2020-08-08": 2,
          "2020-08-09": 19,
          "2020-08-10": 2,
          "2020-08-11": 9,
          "2020-08-12": 8,
          "2020-08-13": 1,
          "2020-08-14": 15,
          "2020-08-15": 6,
          "2020-08-16": 3,
          "2020-08-17": 10,
          "2020-08-18": 11,
          "2020-08-19": 2,
          "2020-08-20": 13,
          "2020-08-21": 19,
          "2020-08-22": 5,
          "2020-08-23": 10,
          "2020-08-24": 13,
          "2020-08-25": 5,
          "2020-08-26": 15,
          "2020-08-27": 7,
          "2020-08-28": 12,
          "2020-08-29": 13,
          "2020-08-30": 2,
          "2020-08-31": 16,
          "2020-09-01": 12,
          "2020-09-02": 12,
          "2020-09-03": 11,
          "2020-09-04": 19,
          "2020-09-05": 18,
          "2020-09-06": 18,
          "2020-09-07": 2,
          "2020-09-08": 9,
          "2020-09-09": 16,
          "2020-09-10": 17,
          "2020-09-11": 2,
          "2020-09-12": 5,
          "2020-09-13": 0,
          "2020-09-14": 19,
          "2020-09-15": 8,
          "2020-09-16": 11,
          "2020-09-17": 1,
          "2020-09-18": 14,
          "2020-09-19": 1,
          "2020-09-20": 0,
          "2020-09-21": 7,
          "2020-09-22": 0,
          "2020-09-23": 8,
          "2020-09-24": 9,
          "2020-09-25": 12,
          "2020-09-26": 8,
          "2020-09-27": 16,
          "2020-09-28": 14,
          "2020-09-29": 6,
          "2020-09-30": 6,
          "2020-10-01": 16,
          "2020-10-02": 14,
          "2020-10-03": 1,
          "2020-10-04": 15,
          "2020-10-05": 2,
          "2020-10-06": 11,
          "2020-10-07": 4,
          "2020-10-08": 7,
          "2020-10-09": 13,
          "2020-10-10": 13,
          "2020-10-11": 10,
          "2020-10-12": 1,
          "2020-10-13": 14,
          "2020-10-14": 5,
          "2020-10-15": 12,
          "2020-10-16": 20,
          "2020-10-17": 10,
          "2020-10-18": 2,
          "2020-10-19": 6,
          "2020-10-20": 15,
          "2020-10-21": 16,
          "2020-10-22": 11,
          "2020-10-23": 7,
          "2020-10-24": 18,
          "2020-10-25": 17,
          "2020-10-26": 11,
          "2020-10-27": 20,
          "2020-10-28": 11,
          "2020-10-29": 7,
          "2020-10-30": 7,
          "2020-10-31": 6,
          "2020-11-01": 7,
          "2020-11-02": 11,
          "2020-11-03": 15,
          "2020-11-04": 0,
          "2020-11-05": 8,
          "2020-11-06": 11,
          "2020-11-07": 12,
          "2020-11-08": 20,
          "2020-11-09": 5,
          "2020-11-10": 0,
          "2020-11-11": 18,
          "2020-11-12": 7,
          "2020-11-13": 19,
          "2020-11-14": 16,
          "2020-11-15": 4,
          "2020-11-16": 5,
          "2020-11-17": 9,
          "2020-11-18": 3,
          "2020-11-19": 3,
          "2020-11-20": 11,
          "2020-11-21": 10,
          "2020-11-22": 20,
          "2020-11-23": 14,
          "2020-11-24": 6,
          "2020-11-25": 15,
          "2020-11-26": 11,
          "2020-11-27": 19,
          "2020-11-28": 19,
          "2020-11-29": 10,
          "2020-11-30": 3,
          "2020-12-01": 1,
          "2020-12-02": 20,
          "2020-12-03": 19,
          "2020-12-04": 17,
          "2020-12-05": 19,
          "2020-12-06": 13,
          "2020-12-07": 19,
          "2020-12-08": 15,
          "2020-12-09": 9,
          "2020-12-10": 0,
          "2020-12-11": 3,
          "2020-12-12": 4,
          "2020-12-13": 17,
          "2020-12-14": 5,
          "2020-12-15": 14,
          "2020-12-16": 10,
          "2020-12-17": 8,
          "2020-12-18": 13,
          "2020-12-19": 19,
          "2020-12-20": 1,
          "2020-12-21": 8,
          "2020-12-22": 16,
          "2020-12-23": 2,
          "2020-12-24": 7,
          "2020-12-25": 0,
          "2020-12-26": 4,
          "2020-12-27": 13,
          "2020-12-28": 1,
          "2020-12-29": 0,
          "2020-12-30": 13,
          "2020-12-31": 7
        }
      },
      "geometry": {
        "type": "Point",
        "coordinates": [
          106.81126639800016,
          -6.207147237949982
        ]
      }
    },
    {
      "type": "Feature",
      "properties": {
        "AWLR_Name": "PA. Manggarai",
        "Device_ID": "AWLR-543",
        "Brand": "Campbell",
        "Longitude": 106.849178,
        "Latitude": -6.206621,
        "Catchment_Name": "DAS Ciliwung",
        "Built_Year": "2014",
        "Provinsi": "DKI Jakarta",
        "Kota": "Jakarta Timur",
        "Kecamatan": "Matraman",
        "Kelurahan": "Menteng",
        "Manager": "BBWS Ciliwung Cisadane",
        "River_Region": "WS Ciliwung Cisadane",
        "Station_Condition": "Poor",
        "Device_Condition": "Good",
        "Type": "Telemetri",
        "Elevation": "No Data",
        "Data_Frequency": "15 minutes",
        "Last_Maintenance": "20-08-2020",
        "Data_Completeness": "98%",
        "Reading": {
          "2020-01-01": 8.93,
          "2020-01-02": 8.3,
          "2020-01-03": 6.78,
          "2020-01-04": 6.38,
          "2020-01-05": 6.28,
          "2020-01-06": 6.27,
          "2020-01-07": 6.32,
          "2020-01-08": 6.22,
          "2020-01-09": 6.45,
          "2020-01-10": 6.9,
          "2020-01-11": 6.23,
          "2020-01-12": 6.02,
          "2020-01-13": 5.93,
          "2020-01-14": 5.9,
          "2020-01-15": 5.85,
          "2020-01-16": 5.8,
          "2020-01-17": 6.22,
          "2020-01-18": 6.82,
          "2020-01-19": 5.88,
          "2020-01-20": 6.45,
          "2020-01-21": 6.33,
          "2020-01-22": 6.07,
          "2020-01-23": 6.18,
          "2020-01-24": 6.82,
          "2020-01-25": 6,
          "2020-01-26": 6.27,
          "2020-01-27": 6.48,
          "2020-01-28": 6.05,
          "2020-01-29": 5.98,
          "2020-01-30": 6.17,
          "2020-01-31": 6,
          "2020-02-01": 6.43,
          "2020-02-02": 6.48,
          "2020-02-03": 6.25,
          "2020-02-04": 6.02,
          "2020-02-05": 5.93,
          "2020-02-06": 6.6,
          "2020-02-07": 6.15,
          "2020-02-08": 8.62,
          "2020-02-09": 6.82,
          "2020-02-10": 6.43,
          "2020-02-11": 6.22,
          "2020-02-12": 6.1,
          "2020-02-13": 6.17,
          "2020-02-14": 6.55,
          "2020-02-15": 6.23,
          "2020-02-16": 6.73,
          "2020-02-17": 6.72,
          "2020-02-18": 6.12,
          "2020-02-19": 6.48,
          "2020-02-20": 7.1,
          "2020-02-21": 7.12,
          "2020-02-22": 7.27,
          "2020-02-23": 7.45,
          "2020-02-24": 7.02,
          "2020-02-25": 9.1,
          "2020-02-26": 7.3,
          "2020-02-27": 7.17,
          "2020-02-28": 6.83,
          "2020-02-29": 6.62,
          "2020-03-01": 7.53,
          "2020-03-02": 7.4,
          "2020-03-03": 6.87,
          "2020-03-04": 6.87,
          "2020-03-05": 6.83,
          "2020-03-06": 6.57,
          "2020-03-07": 6.53,
          "2020-03-08": 6.38,
          "2020-03-09": 6.38,
          "2020-03-10": 6.13,
          "2020-03-11": 6.17,
          "2020-03-12": 6.32,
          "2020-03-13": 6.62,
          "2020-03-14": 6.23,
          "2020-03-15": 6.67,
          "2020-03-16": 6.73,
          "2020-03-17": 7.42,
          "2020-03-18": 7.13,
          "2020-03-19": 6.58,
          "2020-03-20": 7.33,
          "2020-03-21": 6.85,
          "2020-03-22": 6.78,
          "2020-03-23": 7.07,
          "2020-03-24": 6.77,
          "2020-03-25": 7.32,
          "2020-03-26": 7.25,
          "2020-03-27": 7.52,
          "2020-03-28": 7.38,
          "2020-03-29": 6.78,
          "2020-03-30": 7.28,
          "2020-03-31": 7.12,
          "2020-04-01": 7,
          "2020-04-02": 6.8,
          "2020-04-03": 6.52,
          "2020-04-04": 6.45,
          "2020-04-05": 6.88,
          "2020-04-06": 7.27,
          "2020-04-07": 6.9,
          "2020-04-08": 6.67,
          "2020-04-09": 6.42,
          "2020-04-10": 6.58,
          "2020-04-11": 6.65,
          "2020-04-12": 6.4,
          "2020-04-13": 6.32,
          "2020-04-14": 6.45,
          "2020-04-15": 6.57,
          "2020-04-16": 6.6,
          "2020-04-17": 6.42,
          "2020-04-18": 7.2,
          "2020-04-19": 6.83,
          "2020-04-20": 6.37,
          "2020-04-21": 6.52,
          "2020-04-22": 6.3,
          "2020-04-23": 6.18,
          "2020-04-24": 6.12,
          "2020-04-25": 6.12,
          "2020-04-26": 6.03,
          "2020-04-27": 6.48,
          "2020-04-28": 6.3,
          "2020-04-29": 7.18,
          "2020-04-30": 6.55,
          "2020-05-01": 6.33,
          "2020-05-02": 7.05,
          "2020-05-03": 6.28,
          "2020-05-04": 6.15,
          "2020-05-05": 6,
          "2020-05-06": 6.47,
          "2020-05-07": 6.67,
          "2020-05-08": 6.1,
          "2020-05-09": 6.08,
          "2020-05-10": 6.13,
          "2020-05-11": 6.18,
          "2020-05-12": 6.13,
          "2020-05-13": 6.28,
          "2020-05-14": 6,
          "2020-05-15": 5.93,
          "2020-05-16": 5.92,
          "2020-05-17": 5.9,
          "2020-05-18": 6.82,
          "2020-05-19": 7.32,
          "2020-05-20": 6.33,
          "2020-05-21": 7.48,
          "2020-05-22": 6.4,
          "2020-05-23": 6.35,
          "2020-05-24": 5.98,
          "2020-05-25": 6.27,
          "2020-05-26": 6.03,
          "2020-05-27": 5.87,
          "2020-05-28": 6.15,
          "2020-05-29": 6.1,
          "2020-05-30": 6.48,
          "2020-05-31": 6.35,
          "2020-06-01": 6.13,
          "2020-06-02": 6.08,
          "2020-06-03": 6.48,
          "2020-06-04": 6.28,
          "2020-06-05": 6.12,
          "2020-06-06": 6.52,
          "2020-06-07": 6.2,
          "2020-06-08": 6.2,
          "2020-06-09": 6.17,
          "2020-06-10": 6.17,
          "2020-06-11": 6.08,
          "2020-06-12": 6.5,
          "2020-06-13": 6.28,
          "2020-06-14": 6.17,
          "2020-06-15": 6.05,
          "2020-06-16": 6,
          "2020-06-17": 6,
          "2020-06-18": 5.95,
          "2020-06-19": 6.2,
          "2020-06-20": 5.98,
          "2020-06-21": 5.93,
          "2020-06-22": 5.9,
          "2020-06-23": 5.97,
          "2020-06-24": 6.52,
          "2020-06-25": 5.92,
          "2020-06-26": 5.85,
          "2020-06-27": 5.9,
          "2020-06-28": 5.87,
          "2020-06-29": 5.85,
          "2020-06-30": 5.85,
          "2020-07-01": 5.85,
          "2020-07-02": 5.85,
          "2020-07-03": 6.23,
          "2020-07-04": 6.15,
          "2020-07-05": 5.87,
          "2020-07-06": 5.85,
          "2020-07-07": 6.02,
          "2020-07-08": 5.8,
          "2020-07-09": 6.1,
          "2020-07-10": 5.9,
          "2020-07-11": 4.87,
          "2020-07-12": 5.85,
          "2020-07-13": 5.88,
          "2020-07-14": 5.82,
          "2020-07-15": 5.85,
          "2020-07-16": 5.82,
          "2020-07-17": 5.8,
          "2020-07-18": 5.8,
          "2020-07-19": 5.8,
          "2020-07-20": 5.73,
          "2020-07-21": 6.1,
          "2020-07-22": 5.97,
          "2020-07-23": 5.82,
          "2020-07-24": 5.83,
          "2020-07-25": 5.8,
          "2020-07-26": 5.75,
          "2020-07-27": 5.7,
          "2020-07-28": 5.7,
          "2020-07-29": 5.65,
          "2020-07-30": 5.65,
          "2020-07-31": 5.7,
          "2020-08-01": 5.7,
          "2020-08-02": 5.68,
          "2020-08-03": 5.7,
          "2020-08-04": 5.7,
          "2020-08-05": 5.7,
          "2020-08-06": 5.7,
          "2020-08-07": 5.7,
          "2020-08-08": 5.75,
          "2020-08-09": 6.08,
          "2020-08-10": 6.18,
          "2020-08-11": 5.73,
          "2020-08-12": 5.95,
          "2020-08-13": 6.25,
          "2020-08-14": 6.08,
          "2020-08-15": 5.92,
          "2020-08-16": 5.9,
          "2020-08-17": 5.9,
          "2020-08-18": 5.85,
          "2020-08-19": 6.17,
          "2020-08-20": 5.78,
          "2020-08-21": 5.72,
          "2020-08-22": 5.7,
          "2020-08-23": 5.7,
          "2020-08-24": 5.63,
          "2020-08-25": 5.6,
          "2020-08-26": 5.6,
          "2020-08-27": 5.6,
          "2020-08-28": 5.53,
          "2020-08-29": 5.5,
          "2020-08-30": 5.5,
          "2020-08-31": 5.45,
          "2020-09-01": 5.45,
          "2020-09-02": 5.45,
          "2020-09-03": 5.45,
          "2020-09-04": 5.45,
          "2020-09-05": 5.45,
          "2020-09-06": 5.97,
          "2020-09-07": 5.5,
          "2020-09-08": 5.5,
          "2020-09-09": 5.5,
          "2020-09-10": 5.45,
          "2020-09-11": 5.57,
          "2020-09-12": 5.5,
          "2020-09-13": 5.52,
          "2020-09-14": 5.5,
          "2020-09-15": 6.1,
          "2020-09-16": 5.92,
          "2020-09-17": 5.75,
          "2020-09-18": 5.63,
          "2020-09-19": 5.57,
          "2020-09-20": 5.65,
          "2020-09-21": 12.52,
          "2020-09-22": 6.97,
          "2020-09-23": 6.47,
          "2020-09-24": 5.83,
          "2020-09-25": 5.72,
          "2020-09-26": 5.7,
          "2020-09-27": 5.77,
          "2020-09-28": 6.47,
          "2020-09-29": 5.82,
          "2020-09-30": 5.62,
          "2020-10-01": 5.6,
          "2020-10-02": 5.7,
          "2020-10-03": 6.33,
          "2020-10-04": 5.98,
          "2020-10-05": 7.18,
          "2020-10-06": 5.9,
          "2020-10-07": 5.77,
          "2020-10-08": 6,
          "2020-10-09": 6,
          "2020-10-10": 6,
          "2020-10-11": 6.82,
          "2020-10-12": 5.9,
          "2020-10-13": 5.77,
          "2020-10-14": 5.8,
          "2020-10-15": 5.85,
          "2020-10-16": 6.02,
          "2020-10-17": 5.83,
          "2020-10-18": 5.97,
          "2020-10-19": 6.28,
          "2020-10-20": 6.25,
          "2020-10-21": 6.43,
          "2020-10-22": 6.37,
          "2020-10-23": 5.97,
          "2020-10-24": 6.1,
          "2020-10-25": 7.38,
          "2020-10-26": 6.43,
          "2020-10-27": 6.33,
          "2020-10-28": 6.2,
          "2020-10-29": 6.62,
          "2020-10-30": 6.05,
          "2020-10-31": 6.07,
          "2020-11-01": 6.83,
          "2020-11-02": 6.12,
          "2020-11-03": 5.97,
          "2020-11-04": 6.32,
          "2020-11-05": 5.7,
          "2020-11-06": 5.68,
          "2020-11-07": 5.45,
          "2020-11-08": 5.57,
          "2020-11-09": 5.43,
          "2020-11-10": 5.3,
          "2020-11-11": 5.62,
          "2020-11-12": 6.12,
          "2020-11-13": 5.47,
          "2020-11-14": 5.4,
          "2020-11-15": 5.87,
          "2020-11-16": 5.4,
          "2020-11-17": 5.47,
          "2020-11-18": 5.63,
          "2020-11-19": 5.43,
          "2020-11-20": 5.37,
          "2020-11-21": 5.5,
          "2020-11-22": 5.67,
          "2020-11-23": 5.52,
          "2020-11-24": 5.75,
          "2020-11-25": 5.78,
          "2020-11-26": 5.38,
          "2020-11-27": 5.3,
          "2020-11-28": 5.37,
          "2020-11-29": 5.4,
          "2020-11-30": 5.4,
          "2020-12-01": 5.42,
          "2020-12-02": 5.3,
          "2020-12-03": 5.35,
          "2020-12-04": 5.35,
          "2020-12-05": 5.37,
          "2020-12-06": 5.52,
          "2020-12-07": 6.28,
          "2020-12-08": 5.75,
          "2020-12-09": 5.45,
          "2020-12-10": 5.38,
          "2020-12-11": 5.4,
          "2020-12-12": 5.45,
          "2020-12-13": 5.42,
          "2020-12-14": 5.4,
          "2020-12-15": 4.72,
          "2020-12-16": 5.47,
          "2020-12-17": 5.6,
          "2020-12-18": 5.35,
          "2020-12-19": 5.42,
          "2020-12-20": 5.33,
          "2020-12-21": 5.3,
          "2020-12-22": 5.3,
          "2020-12-23": 5.37,
          "2020-12-24": 5.3,
          "2020-12-25": 5.4,
          "2020-12-26": 5.22,
          "2020-12-27": 5.58,
          "2020-12-28": 5.35,
          "2020-12-29": 5.33,
          "2020-12-30": 5.28,
          "2020-12-31": 5.25
        },
        "Reading_(+6hr)": "2.5 m",
        "reading_manual": {
          "2020-01-01": 6,
          "2020-01-02": 18,
          "2020-01-03": 13,
          "2020-01-04": 0,
          "2020-01-05": 4,
          "2020-01-06": 20,
          "2020-01-07": 11,
          "2020-01-08": 6,
          "2020-01-09": 13,
          "2020-01-10": 18,
          "2020-01-11": 4,
          "2020-01-12": 10,
          "2020-01-13": 8,
          "2020-01-14": 13,
          "2020-01-15": 1,
          "2020-01-16": 4,
          "2020-01-17": 4,
          "2020-01-18": 9,
          "2020-01-19": 9,
          "2020-01-20": 8,
          "2020-01-21": 14,
          "2020-01-22": 2,
          "2020-01-23": 19,
          "2020-01-24": 18,
          "2020-01-25": 14,
          "2020-01-26": 0,
          "2020-01-27": 3,
          "2020-01-28": 17,
          "2020-01-29": 17,
          "2020-01-30": 0,
          "2020-01-31": 4,
          "2020-02-01": 9,
          "2020-02-02": 17,
          "2020-02-03": 6,
          "2020-02-04": 2,
          "2020-02-05": 10,
          "2020-02-06": 6,
          "2020-02-07": 15,
          "2020-02-08": 2,
          "2020-02-09": 16,
          "2020-02-10": 11,
          "2020-02-11": 4,
          "2020-02-12": 3,
          "2020-02-13": 1,
          "2020-02-14": 9,
          "2020-02-15": 10,
          "2020-02-16": 16,
          "2020-02-17": 4,
          "2020-02-18": 13,
          "2020-02-19": 14,
          "2020-02-20": 1,
          "2020-02-21": 18,
          "2020-02-22": 9,
          "2020-02-23": 13,
          "2020-02-24": 8,
          "2020-02-25": 11,
          "2020-02-26": 13,
          "2020-02-27": 19,
          "2020-02-28": 15,
          "2020-02-29": 9,
          "2020-03-01": 0,
          "2020-03-02": 5,
          "2020-03-03": 9,
          "2020-03-04": 9,
          "2020-03-05": 15,
          "2020-03-06": 7,
          "2020-03-07": 12,
          "2020-03-08": 17,
          "2020-03-09": 4,
          "2020-03-10": 17,
          "2020-03-11": 9,
          "2020-03-12": 4,
          "2020-03-13": 16,
          "2020-03-14": 9,
          "2020-03-15": 3,
          "2020-03-16": 15,
          "2020-03-17": 8,
          "2020-03-18": 13,
          "2020-03-19": 6,
          "2020-03-20": 4,
          "2020-03-21": 20,
          "2020-03-22": 12,
          "2020-03-23": 7,
          "2020-03-24": 3,
          "2020-03-25": 5,
          "2020-03-26": 6,
          "2020-03-27": 8,
          "2020-03-28": 2,
          "2020-03-29": 6,
          "2020-03-30": 8,
          "2020-03-31": 8,
          "2020-04-01": 15,
          "2020-04-02": 0,
          "2020-04-03": 4,
          "2020-04-04": 10,
          "2020-04-05": 4,
          "2020-04-06": 20,
          "2020-04-07": 1,
          "2020-04-08": 3,
          "2020-04-09": 0,
          "2020-04-10": 13,
          "2020-04-11": 15,
          "2020-04-12": 20,
          "2020-04-13": 16,
          "2020-04-14": 5,
          "2020-04-15": 1,
          "2020-04-16": 5,
          "2020-04-17": 15,
          "2020-04-18": 3,
          "2020-04-19": 9,
          "2020-04-20": 16,
          "2020-04-21": 20,
          "2020-04-22": 7,
          "2020-04-23": 7,
          "2020-04-24": 9,
          "2020-04-25": 7,
          "2020-04-26": 2,
          "2020-04-27": 4,
          "2020-04-28": 3,
          "2020-04-29": 7,
          "2020-04-30": 19,
          "2020-05-01": 12,
          "2020-05-02": 1,
          "2020-05-03": 4,
          "2020-05-04": 11,
          "2020-05-05": 4,
          "2020-05-06": 3,
          "2020-05-07": 8,
          "2020-05-08": 12,
          "2020-05-09": 8,
          "2020-05-10": 7,
          "2020-05-11": 4,
          "2020-05-12": 19,
          "2020-05-13": 9,
          "2020-05-14": 11,
          "2020-05-15": 11,
          "2020-05-16": 18,
          "2020-05-17": 15,
          "2020-05-18": 4,
          "2020-05-19": 7,
          "2020-05-20": 1,
          "2020-05-21": 0,
          "2020-05-22": 11,
          "2020-05-23": 18,
          "2020-05-24": 7,
          "2020-05-25": 4,
          "2020-05-26": 6,
          "2020-05-27": 17,
          "2020-05-28": 3,
          "2020-05-29": 5,
          "2020-05-30": 19,
          "2020-05-31": 5,
          "2020-06-01": 16,
          "2020-06-02": 17,
          "2020-06-03": 13,
          "2020-06-04": 11,
          "2020-06-05": 2,
          "2020-06-06": 7,
          "2020-06-07": 12,
          "2020-06-08": 4,
          "2020-06-09": 9,
          "2020-06-10": 16,
          "2020-06-11": 4,
          "2020-06-12": 10,
          "2020-06-13": 5,
          "2020-06-14": 8,
          "2020-06-15": 16,
          "2020-06-16": 0,
          "2020-06-17": 5,
          "2020-06-18": 3,
          "2020-06-19": 17,
          "2020-06-20": 16,
          "2020-06-21": 11,
          "2020-06-22": 9,
          "2020-06-23": 16,
          "2020-06-24": 20,
          "2020-06-25": 8,
          "2020-06-26": 2,
          "2020-06-27": 5,
          "2020-06-28": 4,
          "2020-06-29": 4,
          "2020-06-30": 20,
          "2020-07-01": 15,
          "2020-07-02": 15,
          "2020-07-03": 10,
          "2020-07-04": 6,
          "2020-07-05": 2,
          "2020-07-06": 20,
          "2020-07-07": 3,
          "2020-07-08": 3,
          "2020-07-09": 20,
          "2020-07-10": 13,
          "2020-07-11": 7,
          "2020-07-12": 7,
          "2020-07-13": 11,
          "2020-07-14": 14,
          "2020-07-15": 6,
          "2020-07-16": 20,
          "2020-07-17": 11,
          "2020-07-18": 12,
          "2020-07-19": 10,
          "2020-07-20": 14,
          "2020-07-21": 2,
          "2020-07-22": 0,
          "2020-07-23": 3,
          "2020-07-24": 4,
          "2020-07-25": 11,
          "2020-07-26": 13,
          "2020-07-27": 14,
          "2020-07-28": 16,
          "2020-07-29": 14,
          "2020-07-30": 1,
          "2020-07-31": 13,
          "2020-08-01": 13,
          "2020-08-02": 7,
          "2020-08-03": 14,
          "2020-08-04": 16,
          "2020-08-05": 11,
          "2020-08-06": 20,
          "2020-08-07": 18,
          "2020-08-08": 10,
          "2020-08-09": 20,
          "2020-08-10": 6,
          "2020-08-11": 3,
          "2020-08-12": 9,
          "2020-08-13": 5,
          "2020-08-14": 13,
          "2020-08-15": 8,
          "2020-08-16": 0,
          "2020-08-17": 6,
          "2020-08-18": 20,
          "2020-08-19": 15,
          "2020-08-20": 4,
          "2020-08-21": 18,
          "2020-08-22": 16,
          "2020-08-23": 10,
          "2020-08-24": 6,
          "2020-08-25": 4,
          "2020-08-26": 15,
          "2020-08-27": 1,
          "2020-08-28": 13,
          "2020-08-29": 13,
          "2020-08-30": 7,
          "2020-08-31": 5,
          "2020-09-01": 8,
          "2020-09-02": 16,
          "2020-09-03": 17,
          "2020-09-04": 6,
          "2020-09-05": 1,
          "2020-09-06": 7,
          "2020-09-07": 9,
          "2020-09-08": 5,
          "2020-09-09": 18,
          "2020-09-10": 18,
          "2020-09-11": 8,
          "2020-09-12": 12,
          "2020-09-13": 4,
          "2020-09-14": 0,
          "2020-09-15": 4,
          "2020-09-16": 2,
          "2020-09-17": 11,
          "2020-09-18": 12,
          "2020-09-19": 12,
          "2020-09-20": 0,
          "2020-09-21": 14,
          "2020-09-22": 17,
          "2020-09-23": 2,
          "2020-09-24": 15,
          "2020-09-25": 3,
          "2020-09-26": 15,
          "2020-09-27": 7,
          "2020-09-28": 12,
          "2020-09-29": 18,
          "2020-09-30": 1,
          "2020-10-01": 7,
          "2020-10-02": 0,
          "2020-10-03": 6,
          "2020-10-04": 12,
          "2020-10-05": 17,
          "2020-10-06": 5,
          "2020-10-07": 12,
          "2020-10-08": 5,
          "2020-10-09": 0,
          "2020-10-10": 9,
          "2020-10-11": 20,
          "2020-10-12": 20,
          "2020-10-13": 17,
          "2020-10-14": 15,
          "2020-10-15": 10,
          "2020-10-16": 11,
          "2020-10-17": 12,
          "2020-10-18": 7,
          "2020-10-19": 14,
          "2020-10-20": 17,
          "2020-10-21": 20,
          "2020-10-22": 13,
          "2020-10-23": 10,
          "2020-10-24": 9,
          "2020-10-25": 9,
          "2020-10-26": 0,
          "2020-10-27": 19,
          "2020-10-28": 12,
          "2020-10-29": 4,
          "2020-10-30": 0,
          "2020-10-31": 7,
          "2020-11-01": 16,
          "2020-11-02": 20,
          "2020-11-03": 16,
          "2020-11-04": 5,
          "2020-11-05": 1,
          "2020-11-06": 15,
          "2020-11-07": 6,
          "2020-11-08": 8,
          "2020-11-09": 19,
          "2020-11-10": 11,
          "2020-11-11": 20,
          "2020-11-12": 13,
          "2020-11-13": 3,
          "2020-11-14": 1,
          "2020-11-15": 9,
          "2020-11-16": 10,
          "2020-11-17": 16,
          "2020-11-18": 14,
          "2020-11-19": 8,
          "2020-11-20": 16,
          "2020-11-21": 12,
          "2020-11-22": 13,
          "2020-11-23": 10,
          "2020-11-24": 8,
          "2020-11-25": 19,
          "2020-11-26": 2,
          "2020-11-27": 7,
          "2020-11-28": 18,
          "2020-11-29": 5,
          "2020-11-30": 15,
          "2020-12-01": 8,
          "2020-12-02": 8,
          "2020-12-03": 16,
          "2020-12-04": 18,
          "2020-12-05": 5,
          "2020-12-06": 10,
          "2020-12-07": 18,
          "2020-12-08": 20,
          "2020-12-09": 19,
          "2020-12-10": 7,
          "2020-12-11": 15,
          "2020-12-12": 20,
          "2020-12-13": 7,
          "2020-12-14": 12,
          "2020-12-15": 9,
          "2020-12-16": 4,
          "2020-12-17": 11,
          "2020-12-18": 20,
          "2020-12-19": 14,
          "2020-12-20": 2,
          "2020-12-21": 9,
          "2020-12-22": 18,
          "2020-12-23": 12,
          "2020-12-24": 9,
          "2020-12-25": 6,
          "2020-12-26": 9,
          "2020-12-27": 16,
          "2020-12-28": 10,
          "2020-12-29": 4,
          "2020-12-30": 13,
          "2020-12-31": 0
        }
      },
      "geometry": {
        "type": "Point",
        "coordinates": [
          106.849178494,
          -6.206621389069994
        ]
      }
    },
    {
      "type": "Feature",
      "properties": {
        "AWLR_Name": "Pasanggrahan-Kebon_Jeruk",
        "Device_ID": "AWLR-539",
        "Brand": "Campbell",
        "Longitude": 106.762733,
        "Latitude": -6.197767,
        "Catchment_Name": "DAS Angke",
        "Built_Year": "1994",
        "Provinsi": "DKI Jakarta",
        "Kota": "Jakarta Barat",
        "Kecamatan": "Kebon Jeruk",
        "Kelurahan": "Kebon Jeruk",
        "Manager": "BBWS Ciliwung Cisadane",
        "River_Region": "WS Ciliwung Cisadane",
        "Station_Condition": "Poor",
        "Device_Condition": "Good",
        "Type": "Telemetri",
        "Elevation": "No Data",
        "Data_Frequency": "15 minutes",
        "Last_Maintenance": "20-08-2020",
        "Data_Completeness": "98%",
        "Reading": {
          "2020-01-01": 3.75,
          "2020-01-02": 2.78,
          "2020-01-03": 1.36,
          "2020-01-04": 1.15,
          "2020-01-05": 1.06,
          "2020-01-06": 1.12,
          "2020-01-07": 1.1,
          "2020-01-08": 0.97,
          "2020-01-09": 1.15,
          "2020-01-10": 1.12,
          "2020-01-11": 0.97,
          "2020-01-12": 0.88,
          "2020-01-13": 0.83,
          "2020-01-14": 0.79,
          "2020-01-15": 0.78,
          "2020-01-16": 0.8,
          "2020-01-17": 0.89,
          "2020-01-18": 1.4,
          "2020-01-19": 0.96,
          "2020-01-20": 0.92,
          "2020-01-21": 0.96,
          "2020-01-22": 0.83,
          "2020-01-23": 0.87,
          "2020-01-24": 0.9,
          "2020-01-25": 0.88,
          "2020-01-26": 1.13,
          "2020-01-27": 2.07,
          "2020-01-28": 1.21,
          "2020-01-29": 1,
          "2020-01-30": 1.06,
          "2020-01-31": 0.96,
          "2020-02-01": 1.45,
          "2020-02-02": 1.49,
          "2020-02-03": 1.37,
          "2020-02-04": 1.2,
          "2020-02-05": 1.07,
          "2020-02-06": 1.09,
          "2020-02-07": 1.09,
          "2020-02-08": 1.54,
          "2020-02-09": 1.21,
          "2020-02-10": 1.06,
          "2020-02-11": 1,
          "2020-02-12": 0.96,
          "2020-02-13": 0.93,
          "2020-02-14": 0.9,
          "2020-02-15": 0.97,
          "2020-02-16": 1.49,
          "2020-02-17": 1.31,
          "2020-02-18": 1.08,
          "2020-02-19": 1.24,
          "2020-02-20": 1.75,
          "2020-02-21": 1.54,
          "2020-02-22": 1.81,
          "2020-02-23": 1.71,
          "2020-02-24": 1.6,
          "2020-02-25": 2.43,
          "2020-02-26": 1.48,
          "2020-02-27": 1.41,
          "2020-02-28": 1.47,
          "2020-02-29": 1.44,
          "2020-03-01": 1.82,
          "2020-03-02": 1.93,
          "2020-03-03": 1.41,
          "2020-03-04": 1.37,
          "2020-03-05": 1.33,
          "2020-03-06": 1.27,
          "2020-03-07": 1.2,
          "2020-03-08": 1.16,
          "2020-03-09": 1.13,
          "2020-03-10": 1.1,
          "2020-03-11": 1.09,
          "2020-03-12": 1.14,
          "2020-03-13": 1.21,
          "2020-03-14": 1.1,
          "2020-03-15": 1.35,
          "2020-03-16": 1.83,
          "2020-03-17": 2.22,
          "2020-03-18": 1.75,
          "2020-03-19": 1.41,
          "2020-03-20": 2.02,
          "2020-03-21": 1.48,
          "2020-03-22": 1.44,
          "2020-03-23": 1.37,
          "2020-03-24": 1.31,
          "2020-03-25": 1.25,
          "2020-03-26": 1.23,
          "2020-03-27": 1.3,
          "2020-03-28": 1.58,
          "2020-03-29": 1.36,
          "2020-03-30": 1.34,
          "2020-03-31": 1.46,
          "2020-04-01": 1.26,
          "2020-04-02": 1.14,
          "2020-04-03": 1.15,
          "2020-04-04": 1.17,
          "2020-04-05": 1.19,
          "2020-04-06": 1.22,
          "2020-04-07": 1.25,
          "2020-04-08": 1.13,
          "2020-04-09": 1.1,
          "2020-04-10": 1.17,
          "2020-04-11": 1.33,
          "2020-04-12": 1.24,
          "2020-04-13": 1.55,
          "2020-04-14": 1.33,
          "2020-04-15": 1.38,
          "2020-04-16": 1.38,
          "2020-04-17": 1.27,
          "2020-04-18": 1.46,
          "2020-04-19": 1.33,
          "2020-04-20": 1.18,
          "2020-04-21": 1.08,
          "2020-04-22": 1.03,
          "2020-04-23": 0.98,
          "2020-04-24": 1.07,
          "2020-04-25": 1.02,
          "2020-04-26": 1.29,
          "2020-04-27": 1.95,
          "2020-04-28": 1.51,
          "2020-04-29": 2.09,
          "2020-04-30": 1.54,
          "2020-05-01": 1.38,
          "2020-05-02": 1.5,
          "2020-05-03": 1.27,
          "2020-05-04": 1.15,
          "2020-05-05": 1.1,
          "2020-05-06": 1.39,
          "2020-05-07": 1.39,
          "2020-05-08": 1.2,
          "2020-05-09": 1.12,
          "2020-05-10": 1.17,
          "2020-05-11": 1.29,
          "2020-05-12": 1.45,
          "2020-05-13": 1.38,
          "2020-05-14": 1.14,
          "2020-05-15": 1.06,
          "2020-05-16": 1.03,
          "2020-05-17": 1,
          "2020-05-18": 1.34,
          "2020-05-19": 1.99,
          "2020-05-20": 1.49,
          "2020-05-21": 2.4,
          "2020-05-22": 1.47,
          "2020-05-23": 1.28,
          "2020-05-24": 1.19,
          "2020-05-25": 1.11,
          "2020-05-26": 1.09,
          "2020-05-27": 1.04,
          "2020-05-28": 1.02,
          "2020-05-29": 1,
          "2020-05-30": 1.11,
          "2020-05-31": 1.02,
          "2020-06-01": 0.98,
          "2020-06-02": 0.94,
          "2020-06-03": 1.17,
          "2020-06-04": 1.05,
          "2020-06-05": 0.97,
          "2020-06-06": 0.95,
          "2020-06-07": 0.93,
          "2020-06-08": 0.93,
          "2020-06-09": 0.92,
          "2020-06-10": 0.9,
          "2020-06-11": 0.89,
          "2020-06-12": 1.21,
          "2020-06-13": 1.06,
          "2020-06-14": 1.01,
          "2020-06-15": 0.92,
          "2020-06-16": 0.9,
          "2020-06-17": 0.88,
          "2020-06-18": 0.86,
          "2020-06-19": 0.86,
          "2020-06-20": 0.84,
          "2020-06-21": 0.84,
          "2020-06-22": 0.82,
          "2020-06-23": 0.85,
          "2020-06-24": 0.93,
          "2020-06-25": 0.92,
          "2020-06-26": 0.83,
          "2020-06-27": 0.8,
          "2020-06-28": 0.78,
          "2020-06-29": 0.76,
          "2020-06-30": 0.74,
          "2020-07-01": 0.72,
          "2020-07-02": 0.85,
          "2020-07-03": 0.89,
          "2020-07-04": 0.99,
          "2020-07-05": 0.84,
          "2020-07-06": 0.77,
          "2020-07-07": 0.77,
          "2020-07-08": 0.8,
          "2020-07-09": 0.9,
          "2020-07-10": 0.8,
          "2020-07-11": 0.77,
          "2020-07-12": 0.75,
          "2020-07-13": 0.74,
          "2020-07-14": 0.85,
          "2020-07-15": 0.87,
          "2020-07-16": 0.82,
          "2020-07-17": 0.8,
          "2020-07-18": 0.78,
          "2020-07-19": 0.76,
          "2020-07-20": 0.78,
          "2020-07-21": 0.78,
          "2020-07-22": 0.77,
          "2020-07-23": 0.78,
          "2020-07-24": 0.78,
          "2020-07-25": 0.77,
          "2020-07-26": 0.76,
          "2020-07-27": 0.74,
          "2020-07-28": 0.73,
          "2020-07-29": 0.73,
          "2020-07-30": 0.74,
          "2020-07-31": 0.73,
          "2020-08-01": 0.71,
          "2020-08-02": 0.69,
          "2020-08-03": 0.69,
          "2020-08-04": 0.7,
          "2020-08-05": 0.7,
          "2020-08-06": 0.7,
          "2020-08-07": 0.7,
          "2020-08-08": 0.72,
          "2020-08-09": 0.7,
          "2020-08-10": 0.7,
          "2020-08-11": 0.72,
          "2020-08-12": 0.85,
          "2020-08-13": 1.05,
          "2020-08-14": 1.2,
          "2020-08-15": 0.96,
          "2020-08-16": 0.85,
          "2020-08-17": 0.78,
          "2020-08-18": 0.78,
          "2020-08-19": 0.82,
          "2020-08-20": 0.8,
          "2020-08-21": 0.77,
          "2020-08-22": 0.75,
          "2020-08-23": 0.74,
          "2020-08-24": 0.74,
          "2020-08-25": 0.74,
          "2020-08-26": 0.73,
          "2020-08-27": 0.74,
          "2020-08-28": 0.74,
          "2020-08-29": 0.74,
          "2020-08-30": 0.74,
          "2020-08-31": 0.73,
          "2020-09-01": 0.72,
          "2020-09-02": 0.7,
          "2020-09-03": 0.7,
          "2020-09-04": 0.69,
          "2020-09-05": 0.68,
          "2020-09-06": 0.72,
          "2020-09-07": 0.74,
          "2020-09-08": 0.72,
          "2020-09-09": 0.7,
          "2020-09-10": 0.7,
          "2020-09-11": 0.74,
          "2020-09-12": 0.76,
          "2020-09-13": 0.76,
          "2020-09-14": 0.88,
          "2020-09-15": 1.31,
          "2020-09-16": 1.58,
          "2020-09-17": 1.14,
          "2020-09-18": 0.98,
          "2020-09-19": 0.89,
          "2020-09-20": 0.91,
          "2020-09-21": 1.19,
          "2020-09-22": 1.25,
          "2020-09-23": 1.01,
          "2020-09-24": 0.93,
          "2020-09-25": 0.9,
          "2020-09-26": 0.88,
          "2020-09-27": 0.86,
          "2020-09-28": 0.9,
          "2020-09-29": 0.87,
          "2020-09-30": 0.84,
          "2020-10-01": 0.84,
          "2020-10-02": 0.91,
          "2020-10-03": 1.49,
          "2020-10-04": 1.37,
          "2020-10-05": 2.43,
          "2020-10-06": 1.39,
          "2020-10-07": 1.26,
          "2020-10-08": 1.35,
          "2020-10-09": 2.06,
          "2020-10-10": 2.19,
          "2020-10-11": 2.37,
          "2020-10-12": 1.5,
          "2020-10-13": 1.31,
          "2020-10-14": 1.28,
          "2020-10-15": 1.23,
          "2020-10-16": 1.58,
          "2020-10-17": 1.45,
          "2020-10-18": 1.35,
          "2020-10-19": 1.47,
          "2020-10-20": 1.33,
          "2020-10-21": 1.49,
          "2020-10-22": 1.36,
          "2020-10-23": 1.23,
          "2020-10-24": 1.18,
          "2020-10-25": 2.41,
          "2020-10-26": 1.82,
          "2020-10-27": 1.52,
          "2020-10-28": 1.38,
          "2020-10-29": 1.5,
          "2020-10-30": 1.33,
          "2020-10-31": 1.25,
          "2020-11-01": 1.41,
          "2020-11-02": 1.4,
          "2020-11-03": 1.28,
          "2020-11-04": 1.27,
          "2020-11-05": 1.45,
          "2020-11-06": 1.38,
          "2020-11-07": 1.33,
          "2020-11-08": 1.6,
          "2020-11-09": 1.38,
          "2020-11-10": 1.33,
          "2020-11-11": 1.37,
          "2020-11-12": 1.51,
          "2020-11-13": 1.32,
          "2020-11-14": 1.22,
          "2020-11-15": 1.17,
          "2020-11-16": 1.14,
          "2020-11-17": 1.14,
          "2020-11-18": 1.27,
          "2020-11-19": 1.31,
          "2020-11-20": 1.24,
          "2020-11-21": 1.41,
          "2020-11-22": 1.35,
          "2020-11-23": 1.23,
          "2020-11-24": 1.23,
          "2020-11-25": 1.31,
          "2020-11-26": 1.17,
          "2020-11-27": 1.14,
          "2020-11-28": 1.1,
          "2020-11-29": 1.09,
          "2020-11-30": 1.11,
          "2020-12-01": 1.1,
          "2020-12-02": 1.07,
          "2020-12-03": 1.1,
          "2020-12-04": 1.13,
          "2020-12-05": 1.13,
          "2020-12-06": 1.27,
          "2020-12-07": 1.57,
          "2020-12-08": 1.44,
          "2020-12-09": 1.29,
          "2020-12-10": 1.21,
          "2020-12-11": 1.19,
          "2020-12-12": 1.13,
          "2020-12-13": 1.09,
          "2020-12-14": 1.08,
          "2020-12-15": 1.06,
          "2020-12-16": 1.03,
          "2020-12-17": 1.11,
          "2020-12-18": 1.14,
          "2020-12-19": 1.1,
          "2020-12-20": 1.14,
          "2020-12-21": 1.14,
          "2020-12-22": 1.11,
          "2020-12-23": 1.09,
          "2020-12-24": 1.07,
          "2020-12-25": 1.07,
          "2020-12-26": 1.05,
          "2020-12-27": 1.03,
          "2020-12-28": 1.05,
          "2020-12-29": 1.01,
          "2020-12-30": 0.99,
          "2020-12-31": 1.01
        },
        "Reading_(+6hr)": "2.5 m",
        "reading_manual": {
          "2020-01-01": 14,
          "2020-01-02": 5,
          "2020-01-03": 20,
          "2020-01-04": 18,
          "2020-01-05": 12,
          "2020-01-06": 16,
          "2020-01-07": 8,
          "2020-01-08": 15,
          "2020-01-09": 8,
          "2020-01-10": 14,
          "2020-01-11": 6,
          "2020-01-12": 8,
          "2020-01-13": 0,
          "2020-01-14": 13,
          "2020-01-15": 14,
          "2020-01-16": 12,
          "2020-01-17": 18,
          "2020-01-18": 16,
          "2020-01-19": 15,
          "2020-01-20": 4,
          "2020-01-21": 13,
          "2020-01-22": 1,
          "2020-01-23": 4,
          "2020-01-24": 12,
          "2020-01-25": 3,
          "2020-01-26": 18,
          "2020-01-27": 4,
          "2020-01-28": 6,
          "2020-01-29": 2,
          "2020-01-30": 9,
          "2020-01-31": 4,
          "2020-02-01": 2,
          "2020-02-02": 18,
          "2020-02-03": 4,
          "2020-02-04": 4,
          "2020-02-05": 3,
          "2020-02-06": 0,
          "2020-02-07": 15,
          "2020-02-08": 2,
          "2020-02-09": 8,
          "2020-02-10": 18,
          "2020-02-11": 18,
          "2020-02-12": 1,
          "2020-02-13": 1,
          "2020-02-14": 15,
          "2020-02-15": 1,
          "2020-02-16": 9,
          "2020-02-17": 10,
          "2020-02-18": 11,
          "2020-02-19": 9,
          "2020-02-20": 9,
          "2020-02-21": 8,
          "2020-02-22": 14,
          "2020-02-23": 0,
          "2020-02-24": 15,
          "2020-02-25": 11,
          "2020-02-26": 3,
          "2020-02-27": 5,
          "2020-02-28": 5,
          "2020-02-29": 16,
          "2020-03-01": 18,
          "2020-03-02": 2,
          "2020-03-03": 8,
          "2020-03-04": 12,
          "2020-03-05": 0,
          "2020-03-06": 2,
          "2020-03-07": 4,
          "2020-03-08": 0,
          "2020-03-09": 7,
          "2020-03-10": 3,
          "2020-03-11": 20,
          "2020-03-12": 14,
          "2020-03-13": 9,
          "2020-03-14": 5,
          "2020-03-15": 15,
          "2020-03-16": 19,
          "2020-03-17": 15,
          "2020-03-18": 9,
          "2020-03-19": 13,
          "2020-03-20": 3,
          "2020-03-21": 0,
          "2020-03-22": 1,
          "2020-03-23": 0,
          "2020-03-24": 0,
          "2020-03-25": 10,
          "2020-03-26": 18,
          "2020-03-27": 1,
          "2020-03-28": 9,
          "2020-03-29": 0,
          "2020-03-30": 20,
          "2020-03-31": 8,
          "2020-04-01": 8,
          "2020-04-02": 19,
          "2020-04-03": 14,
          "2020-04-04": 10,
          "2020-04-05": 3,
          "2020-04-06": 19,
          "2020-04-07": 1,
          "2020-04-08": 10,
          "2020-04-09": 12,
          "2020-04-10": 5,
          "2020-04-11": 10,
          "2020-04-12": 16,
          "2020-04-13": 2,
          "2020-04-14": 20,
          "2020-04-15": 8,
          "2020-04-16": 8,
          "2020-04-17": 6,
          "2020-04-18": 19,
          "2020-04-19": 1,
          "2020-04-20": 20,
          "2020-04-21": 14,
          "2020-04-22": 0,
          "2020-04-23": 20,
          "2020-04-24": 7,
          "2020-04-25": 0,
          "2020-04-26": 0,
          "2020-04-27": 16,
          "2020-04-28": 1,
          "2020-04-29": 5,
          "2020-04-30": 6,
          "2020-05-01": 6,
          "2020-05-02": 2,
          "2020-05-03": 5,
          "2020-05-04": 15,
          "2020-05-05": 20,
          "2020-05-06": 17,
          "2020-05-07": 6,
          "2020-05-08": 11,
          "2020-05-09": 2,
          "2020-05-10": 19,
          "2020-05-11": 5,
          "2020-05-12": 3,
          "2020-05-13": 9,
          "2020-05-14": 4,
          "2020-05-15": 5,
          "2020-05-16": 11,
          "2020-05-17": 7,
          "2020-05-18": 9,
          "2020-05-19": 6,
          "2020-05-20": 14,
          "2020-05-21": 1,
          "2020-05-22": 15,
          "2020-05-23": 4,
          "2020-05-24": 9,
          "2020-05-25": 1,
          "2020-05-26": 11,
          "2020-05-27": 15,
          "2020-05-28": 9,
          "2020-05-29": 11,
          "2020-05-30": 12,
          "2020-05-31": 5,
          "2020-06-01": 7,
          "2020-06-02": 6,
          "2020-06-03": 18,
          "2020-06-04": 2,
          "2020-06-05": 10,
          "2020-06-06": 12,
          "2020-06-07": 5,
          "2020-06-08": 12,
          "2020-06-09": 7,
          "2020-06-10": 8,
          "2020-06-11": 14,
          "2020-06-12": 7,
          "2020-06-13": 5,
          "2020-06-14": 7,
          "2020-06-15": 9,
          "2020-06-16": 14,
          "2020-06-17": 14,
          "2020-06-18": 19,
          "2020-06-19": 12,
          "2020-06-20": 2,
          "2020-06-21": 6,
          "2020-06-22": 18,
          "2020-06-23": 3,
          "2020-06-24": 18,
          "2020-06-25": 2,
          "2020-06-26": 20,
          "2020-06-27": 7,
          "2020-06-28": 13,
          "2020-06-29": 16,
          "2020-06-30": 13,
          "2020-07-01": 5,
          "2020-07-02": 9,
          "2020-07-03": 11,
          "2020-07-04": 8,
          "2020-07-05": 18,
          "2020-07-06": 20,
          "2020-07-07": 9,
          "2020-07-08": 0,
          "2020-07-09": 13,
          "2020-07-10": 15,
          "2020-07-11": 12,
          "2020-07-12": 12,
          "2020-07-13": 3,
          "2020-07-14": 14,
          "2020-07-15": 14,
          "2020-07-16": 6,
          "2020-07-17": 19,
          "2020-07-18": 17,
          "2020-07-19": 15,
          "2020-07-20": 19,
          "2020-07-21": 2,
          "2020-07-22": 14,
          "2020-07-23": 17,
          "2020-07-24": 18,
          "2020-07-25": 2,
          "2020-07-26": 0,
          "2020-07-27": 11,
          "2020-07-28": 13,
          "2020-07-29": 7,
          "2020-07-30": 9,
          "2020-07-31": 1,
          "2020-08-01": 3,
          "2020-08-02": 9,
          "2020-08-03": 12,
          "2020-08-04": 16,
          "2020-08-05": 14,
          "2020-08-06": 18,
          "2020-08-07": 1,
          "2020-08-08": 14,
          "2020-08-09": 1,
          "2020-08-10": 10,
          "2020-08-11": 3,
          "2020-08-12": 18,
          "2020-08-13": 20,
          "2020-08-14": 11,
          "2020-08-15": 11,
          "2020-08-16": 17,
          "2020-08-17": 3,
          "2020-08-18": 9,
          "2020-08-19": 5,
          "2020-08-20": 7,
          "2020-08-21": 12,
          "2020-08-22": 8,
          "2020-08-23": 14,
          "2020-08-24": 17,
          "2020-08-25": 19,
          "2020-08-26": 8,
          "2020-08-27": 11,
          "2020-08-28": 5,
          "2020-08-29": 20,
          "2020-08-30": 6,
          "2020-08-31": 14,
          "2020-09-01": 1,
          "2020-09-02": 6,
          "2020-09-03": 15,
          "2020-09-04": 12,
          "2020-09-05": 12,
          "2020-09-06": 18,
          "2020-09-07": 1,
          "2020-09-08": 10,
          "2020-09-09": 10,
          "2020-09-10": 17,
          "2020-09-11": 8,
          "2020-09-12": 5,
          "2020-09-13": 15,
          "2020-09-14": 20,
          "2020-09-15": 15,
          "2020-09-16": 3,
          "2020-09-17": 5,
          "2020-09-18": 12,
          "2020-09-19": 20,
          "2020-09-20": 9,
          "2020-09-21": 5,
          "2020-09-22": 6,
          "2020-09-23": 0,
          "2020-09-24": 7,
          "2020-09-25": 10,
          "2020-09-26": 9,
          "2020-09-27": 2,
          "2020-09-28": 2,
          "2020-09-29": 17,
          "2020-09-30": 13,
          "2020-10-01": 2,
          "2020-10-02": 17,
          "2020-10-03": 8,
          "2020-10-04": 7,
          "2020-10-05": 5,
          "2020-10-06": 5,
          "2020-10-07": 2,
          "2020-10-08": 13,
          "2020-10-09": 14,
          "2020-10-10": 16,
          "2020-10-11": 8,
          "2020-10-12": 14,
          "2020-10-13": 19,
          "2020-10-14": 11,
          "2020-10-15": 3,
          "2020-10-16": 14,
          "2020-10-17": 2,
          "2020-10-18": 17,
          "2020-10-19": 13,
          "2020-10-20": 18,
          "2020-10-21": 4,
          "2020-10-22": 17,
          "2020-10-23": 0,
          "2020-10-24": 9,
          "2020-10-25": 8,
          "2020-10-26": 15,
          "2020-10-27": 15,
          "2020-10-28": 17,
          "2020-10-29": 13,
          "2020-10-30": 4,
          "2020-10-31": 14,
          "2020-11-01": 7,
          "2020-11-02": 19,
          "2020-11-03": 15,
          "2020-11-04": 7,
          "2020-11-05": 7,
          "2020-11-06": 6,
          "2020-11-07": 3,
          "2020-11-08": 4,
          "2020-11-09": 6,
          "2020-11-10": 1,
          "2020-11-11": 19,
          "2020-11-12": 1,
          "2020-11-13": 8,
          "2020-11-14": 19,
          "2020-11-15": 2,
          "2020-11-16": 11,
          "2020-11-17": 5,
          "2020-11-18": 11,
          "2020-11-19": 11,
          "2020-11-20": 5,
          "2020-11-21": 1,
          "2020-11-22": 10,
          "2020-11-23": 9,
          "2020-11-24": 8,
          "2020-11-25": 13,
          "2020-11-26": 6,
          "2020-11-27": 16,
          "2020-11-28": 8,
          "2020-11-29": 16,
          "2020-11-30": 17,
          "2020-12-01": 1,
          "2020-12-02": 11,
          "2020-12-03": 19,
          "2020-12-04": 4,
          "2020-12-05": 7,
          "2020-12-06": 10,
          "2020-12-07": 9,
          "2020-12-08": 7,
          "2020-12-09": 13,
          "2020-12-10": 17,
          "2020-12-11": 14,
          "2020-12-12": 6,
          "2020-12-13": 12,
          "2020-12-14": 17,
          "2020-12-15": 2,
          "2020-12-16": 10,
          "2020-12-17": 6,
          "2020-12-18": 1,
          "2020-12-19": 19,
          "2020-12-20": 18,
          "2020-12-21": 7,
          "2020-12-22": 4,
          "2020-12-23": 7,
          "2020-12-24": 3,
          "2020-12-25": 1,
          "2020-12-26": 8,
          "2020-12-27": 1,
          "2020-12-28": 0,
          "2020-12-29": 1,
          "2020-12-30": 11,
          "2020-12-31": 16
        }
      },
      "geometry": {
        "type": "Point",
        "coordinates": [
          106.76273333300009,
          -6.197766666900009
        ]
      }
    },
    {
      "type": "Feature",
      "properties": {
        "AWLR_Name": "PA Karet",
        "Device_ID": "AWLR-554",
        "Brand": "PT. INTI",
        "Longitude": 106.809507,
        "Latitude": -6.195056,
        "Catchment_Name": "DAS Krukut",
        "Built_Year": "2014",
        "Provinsi": "DKI Jakarta",
        "Kota": "Jakarta Pusat",
        "Kecamatan": "Tanah Abang",
        "Kelurahan": "Tanah Abang",
        "Manager": "BBWS Ciliwung Cisadane",
        "River_Region": "WS Ciliwung Cisadane",
        "Station_Condition": "Poor",
        "Device_Condition": "Good",
        "Type": "Telemetri",
        "Elevation": "No Data",
        "Data_Frequency": "15 minutes",
        "Last_Maintenance": "20-08-2020",
        "Data_Completeness": "98%",
        "Reading": {
          "2020-01-01": 2.01,
          "2020-01-02": 1.81,
          "2020-01-03": 0.75,
          "2020-01-04": 0.55,
          "2020-01-05": 0.56,
          "2020-01-06": 0.37,
          "2020-01-07": 0.13,
          "2020-01-08": 0.06,
          "2020-01-09": 0.25,
          "2020-01-10": 0.17,
          "2020-01-11": 0.04,
          "2020-01-12": 0.09,
          "2020-01-13": 0.42,
          "2020-01-14": 0.62,
          "2020-01-15": 0.61,
          "2020-01-16": 0.75,
          "2020-01-17": 0.72,
          "2020-01-18": 1.12,
          "2020-01-19": 0.7,
          "2020-01-20": 0.74,
          "2020-01-21": 0.88,
          "2020-01-22": 0.79,
          "2020-01-23": 0.83,
          "2020-01-24": 1.24,
          "2020-01-25": 1,
          "2020-01-26": 0.96,
          "2020-01-27": 1.26,
          "2020-01-28": 0.98,
          "2020-01-29": 0.92,
          "2020-01-30": 1.14,
          "2020-01-31": 1.05,
          "2020-02-01": 1.55,
          "2020-02-02": 1.43,
          "2020-02-03": 1.25,
          "2020-02-04": 1.14,
          "2020-02-05": 1.04,
          "2020-02-06": 1.05,
          "2020-02-07": 1.16,
          "2020-02-08": 1.05,
          "2020-02-09": 1.16,
          "2020-02-10": 1.05,
          "2020-02-11": 1.06,
          "2020-02-12": 1.01,
          "2020-02-13": 0.98,
          "2020-02-14": 1.08,
          "2020-02-15": 1.04,
          "2020-02-16": 1.25,
          "2020-02-17": 1.14,
          "2020-02-18": 0.92,
          "2020-02-19": 0.96,
          "2020-02-20": 1.42,
          "2020-02-21": 1.19,
          "2020-02-22": 1.69,
          "2020-02-23": 1.66,
          "2020-02-24": 1.25,
          "2020-02-25": 1.8,
          "2020-02-26": 1.23,
          "2020-02-27": 1.12,
          "2020-02-28": 1.32,
          "2020-02-29": 1.28,
          "2020-03-01": 1,
          "2020-03-02": 0.93,
          "2020-03-03": 0.6,
          "2020-03-04": 0.5,
          "2020-03-05": 0.53,
          "2020-03-06": 0.37,
          "2020-03-07": 0.3,
          "2020-03-08": 0.2,
          "2020-03-09": 0.3,
          "2020-03-10": 0.2,
          "2020-03-11": 0.3,
          "2020-03-12": 0.3,
          "2020-03-13": 0.3,
          "2020-03-14": 0.3,
          "2020-03-15": 0.3,
          "2020-03-16": 0.47,
          "2020-03-17": 1.87,
          "2020-03-18": 1.63,
          "2020-03-19": 1.5,
          "2020-03-20": 1.5,
          "2020-03-21": 1.6,
          "2020-03-22": 1.7,
          "2020-03-23": 1.77,
          "2020-03-24": 1.6,
          "2020-03-25": 1.67,
          "2020-03-26": 1.83,
          "2020-03-27": 1.77,
          "2020-03-28": 1.9,
          "2020-03-29": 1.37,
          "2020-03-30": 1.63,
          "2020-03-31": 1.23,
          "2020-04-01": 1.4,
          "2020-04-02": 1.2,
          "2020-04-03": 1.1,
          "2020-04-04": 0.9,
          "2020-04-05": 0.8,
          "2020-04-06": 1.2,
          "2020-04-07": 1.2,
          "2020-04-08": 1.07,
          "2020-04-09": 0.9,
          "2020-04-10": 0.93,
          "2020-04-11": 0.83,
          "2020-04-12": 0.5,
          "2020-04-13": 0.8,
          "2020-04-14": 0.8,
          "2020-04-15": 0.8,
          "2020-04-16": 0.8,
          "2020-04-17": 0.87,
          "2020-04-18": 1.5,
          "2020-04-19": 1.57,
          "2020-04-20": 0.7,
          "2020-04-21": 0.7,
          "2020-04-22": 0.6,
          "2020-04-23": 0.5,
          "2020-04-24": 0.5,
          "2020-04-25": 0.5,
          "2020-04-26": 0.4,
          "2020-04-27": 0.5,
          "2020-04-28": 0.5,
          "2020-04-29": 0.57,
          "2020-04-30": 0.5,
          "2020-05-01": 0.5,
          "2020-05-02": 0.5,
          "2020-05-03": 0.4,
          "2020-05-04": 0.4,
          "2020-05-05": 0.5,
          "2020-05-06": 0.5,
          "2020-05-07": 0.5,
          "2020-05-08": 0.7,
          "2020-05-09": 0.6,
          "2020-05-10": 0.5,
          "2020-05-11": 0.43,
          "2020-05-12": 0.5,
          "2020-05-13": 0.5,
          "2020-05-14": 0.5,
          "2020-05-15": 0.5,
          "2020-05-16": 0.5,
          "2020-05-17": 0.6,
          "2020-05-18": 0.67,
          "2020-05-19": 1.57,
          "2020-05-20": 0.57,
          "2020-05-21": 1.7,
          "2020-05-22": 0.63,
          "2020-05-23": 0.6,
          "2020-05-24": 0.6,
          "2020-05-25": 0.6,
          "2020-05-26": 0.6,
          "2020-05-27": 0.5,
          "2020-05-28": 0.5,
          "2020-05-29": 0.5,
          "2020-05-30": 0.5,
          "2020-05-31": 0.6,
          "2020-06-01": 0.57,
          "2020-06-02": 0.5,
          "2020-06-03": 0.5,
          "2020-06-04": 0.5,
          "2020-06-05": 0.53,
          "2020-06-06": 0.47,
          "2020-06-07": 0.4,
          "2020-06-08": 0.4,
          "2020-06-09": 0.47,
          "2020-06-10": 0.5,
          "2020-06-11": 0.5,
          "2020-06-12": 0.47,
          "2020-06-13": 0.43,
          "2020-06-14": 0.43,
          "2020-06-15": 0.3,
          "2020-06-16": 0.37,
          "2020-06-17": 0.37,
          "2020-06-18": 0.4,
          "2020-06-19": 0.33,
          "2020-06-20": 0.3,
          "2020-06-21": 0.27,
          "2020-06-22": 0.2,
          "2020-06-23": 0.2,
          "2020-06-24": 0.2,
          "2020-06-25": 0.3,
          "2020-06-26": 0.3,
          "2020-06-27": 0.27,
          "2020-06-28": 0.2,
          "2020-06-29": 0.2,
          "2020-06-30": 0.2,
          "2020-07-01": 0.2,
          "2020-07-02": 0.2,
          "2020-07-03": 0.5,
          "2020-07-04": 0.33,
          "2020-07-05": 0.3,
          "2020-07-06": 0.2,
          "2020-07-07": 0.13,
          "2020-07-08": 0.17,
          "2020-07-09": 0.1,
          "2020-07-10": 0.1,
          "2020-07-11": 0.2,
          "2020-07-12": 0.2,
          "2020-07-13": 0.1,
          "2020-07-14": 0.1,
          "2020-07-15": 0.11,
          "2020-07-16": 0.1,
          "2020-07-17": 0.1,
          "2020-07-18": 0.1,
          "2020-07-19": 0.09,
          "2020-07-20": 0.1,
          "2020-07-21": 0.09,
          "2020-07-22": 0.2,
          "2020-07-23": 0.27,
          "2020-07-24": 0.17,
          "2020-07-25": 0.1,
          "2020-07-26": 0.08,
          "2020-07-27": 0.08,
          "2020-07-28": 0.06,
          "2020-07-29": 0.03,
          "2020-07-30": 0.05,
          "2020-07-31": 0.04,
          "2020-08-01": 0.04,
          "2020-08-02": 0.06,
          "2020-08-03": 0.02,
          "2020-08-04": 0.04,
          "2020-08-05": 0.04,
          "2020-08-06": 0.04,
          "2020-08-07": 0.04,
          "2020-08-08": 0.03,
          "2020-08-09": 0.32,
          "2020-08-10": 0.36,
          "2020-08-11": 0.07,
          "2020-08-12": 0.23,
          "2020-08-13": 0.68,
          "2020-08-14": 0.59,
          "2020-08-15": 0.22,
          "2020-08-16": 0.06,
          "2020-08-17": 0.2,
          "2020-08-18": 0.11,
          "2020-08-19": 0.12,
          "2020-08-20": 0.1,
          "2020-08-21": 0.01,
          "2020-08-22": 0,
          "2020-08-23": 0,
          "2020-08-24": 0.01,
          "2020-08-25": 0,
          "2020-08-26": 0.04,
          "2020-08-27": 0,
          "2020-08-28": 0,
          "2020-08-29": 0,
          "2020-08-30": 0,
          "2020-08-31": 0,
          "2020-09-01": 0,
          "2020-09-02": 0,
          "2020-09-03": 0,
          "2020-09-04": 0,
          "2020-09-05": 0,
          "2020-09-06": 0.2,
          "2020-09-07": 0.05,
          "2020-09-08": 0.03,
          "2020-09-09": 0.02,
          "2020-09-10": 0.1,
          "2020-09-11": 0.06,
          "2020-09-12": 0,
          "2020-09-13": 0.3,
          "2020-09-14": 0.76,
          "2020-09-15": 0.64,
          "2020-09-16": 0.59,
          "2020-09-17": 0.41,
          "2020-09-18": 0.32,
          "2020-09-19": 0.26,
          "2020-09-20": 0.23,
          "2020-09-21": 0.37,
          "2020-09-22": 1.02,
          "2020-09-23": 0.7,
          "2020-09-24": 0.21,
          "2020-09-25": 0.09,
          "2020-09-26": 0.08,
          "2020-09-27": 0.11,
          "2020-09-28": 0.89,
          "2020-09-29": 0.14,
          "2020-09-30": 0.09,
          "2020-10-01": 0.09,
          "2020-10-02": 0.13,
          "2020-10-03": 0.6,
          "2020-10-04": 0.28,
          "2020-10-05": 1.61,
          "2020-10-06": 0.28,
          "2020-10-07": 0.19,
          "2020-10-08": 0.47,
          "2020-10-09": 0.76,
          "2020-10-10": 0.37,
          "2020-10-11": 1.14,
          "2020-10-12": 0.68,
          "2020-10-13": 0.45,
          "2020-10-14": 0.35,
          "2020-10-15": 0.29,
          "2020-10-16": 0.54,
          "2020-10-17": 0.2,
          "2020-10-18": 0.33,
          "2020-10-19": 0.48,
          "2020-10-20": 0.42,
          "2020-10-21": 0.36,
          "2020-10-22": 0.4,
          "2020-10-23": 0.78,
          "2020-10-24": 1.28,
          "2020-10-25": 1.04,
          "2020-10-26": 0.69,
          "2020-10-27": 0.7,
          "2020-10-28": 0.47,
          "2020-10-29": 0.81,
          "2020-10-30": 0.39,
          "2020-10-31": 0.37,
          "2020-11-01": 1.09,
          "2020-11-02": 0.43,
          "2020-11-03": 0.32,
          "2020-11-04": 0.58,
          "2020-11-05": 0.6,
          "2020-11-06": 0.48,
          "2020-11-07": 0.65,
          "2020-11-08": 0.91,
          "2020-11-09": 0.55,
          "2020-11-10": 0.19,
          "2020-11-11": 0.45,
          "2020-11-12": 0.71,
          "2020-11-13": 0.33,
          "2020-11-14": 0.25,
          "2020-11-15": 0.59,
          "2020-11-16": 0.25,
          "2020-11-17": 0.32,
          "2020-11-18": 0.48,
          "2020-11-19": 0.32,
          "2020-11-20": 0.3,
          "2020-11-21": 0.34,
          "2020-11-22": 0.46,
          "2020-11-23": 0.33,
          "2020-11-24": 0.33,
          "2020-11-25": 0.33,
          "2020-11-26": 0.56,
          "2020-11-27": 0.26,
          "2020-11-28": 0.15,
          "2020-11-29": 0.23,
          "2020-11-30": 0.2,
          "2020-12-01": 0.23,
          "2020-12-02": 0.15,
          "2020-12-03": 0.18,
          "2020-12-04": 0.19,
          "2020-12-05": 0.18,
          "2020-12-06": 0.94,
          "2020-12-07": 1.3,
          "2020-12-08": 0.6,
          "2020-12-09": 0.46,
          "2020-12-10": 0.4,
          "2020-12-11": 0.22,
          "2020-12-12": 0.33,
          "2020-12-13": 0.3,
          "2020-12-14": 0.3,
          "2020-12-15": 0.21,
          "2020-12-16": 0.24,
          "2020-12-17": 0.44,
          "2020-12-18": 0.22,
          "2020-12-19": 0.29,
          "2020-12-20": 0.13,
          "2020-12-21": 0.19,
          "2020-12-22": 0.21,
          "2020-12-23": 0.23,
          "2020-12-24": 0.15,
          "2020-12-25": 0.2,
          "2020-12-26": 0.2,
          "2020-12-27": 0.17,
          "2020-12-28": 0.13,
          "2020-12-29": 0.13,
          "2020-12-30": 0.13,
          "2020-12-31": 0.15
        },
        "Reading_(+6hr)": "2.5 m",
        "reading_manual": {
          "2020-01-01": 15,
          "2020-01-02": 16,
          "2020-01-03": 10,
          "2020-01-04": 2,
          "2020-01-05": 2,
          "2020-01-06": 19,
          "2020-01-07": 20,
          "2020-01-08": 10,
          "2020-01-09": 16,
          "2020-01-10": 10,
          "2020-01-11": 11,
          "2020-01-12": 6,
          "2020-01-13": 5,
          "2020-01-14": 5,
          "2020-01-15": 20,
          "2020-01-16": 11,
          "2020-01-17": 18,
          "2020-01-18": 0,
          "2020-01-19": 18,
          "2020-01-20": 19,
          "2020-01-21": 15,
          "2020-01-22": 19,
          "2020-01-23": 10,
          "2020-01-24": 12,
          "2020-01-25": 7,
          "2020-01-26": 9,
          "2020-01-27": 10,
          "2020-01-28": 10,
          "2020-01-29": 3,
          "2020-01-30": 0,
          "2020-01-31": 0,
          "2020-02-01": 4,
          "2020-02-02": 18,
          "2020-02-03": 15,
          "2020-02-04": 12,
          "2020-02-05": 19,
          "2020-02-06": 8,
          "2020-02-07": 6,
          "2020-02-08": 11,
          "2020-02-09": 14,
          "2020-02-10": 15,
          "2020-02-11": 11,
          "2020-02-12": 15,
          "2020-02-13": 12,
          "2020-02-14": 20,
          "2020-02-15": 4,
          "2020-02-16": 15,
          "2020-02-17": 12,
          "2020-02-18": 8,
          "2020-02-19": 12,
          "2020-02-20": 16,
          "2020-02-21": 9,
          "2020-02-22": 8,
          "2020-02-23": 5,
          "2020-02-24": 9,
          "2020-02-25": 14,
          "2020-02-26": 6,
          "2020-02-27": 15,
          "2020-02-28": 1,
          "2020-02-29": 8,
          "2020-03-01": 19,
          "2020-03-02": 8,
          "2020-03-03": 15,
          "2020-03-04": 14,
          "2020-03-05": 20,
          "2020-03-06": 5,
          "2020-03-07": 12,
          "2020-03-08": 12,
          "2020-03-09": 6,
          "2020-03-10": 11,
          "2020-03-11": 12,
          "2020-03-12": 11,
          "2020-03-13": 15,
          "2020-03-14": 17,
          "2020-03-15": 17,
          "2020-03-16": 18,
          "2020-03-17": 15,
          "2020-03-18": 9,
          "2020-03-19": 16,
          "2020-03-20": 8,
          "2020-03-21": 8,
          "2020-03-22": 5,
          "2020-03-23": 16,
          "2020-03-24": 9,
          "2020-03-25": 0,
          "2020-03-26": 7,
          "2020-03-27": 3,
          "2020-03-28": 19,
          "2020-03-29": 19,
          "2020-03-30": 3,
          "2020-03-31": 11,
          "2020-04-01": 19,
          "2020-04-02": 10,
          "2020-04-03": 3,
          "2020-04-04": 12,
          "2020-04-05": 2,
          "2020-04-06": 16,
          "2020-04-07": 3,
          "2020-04-08": 17,
          "2020-04-09": 19,
          "2020-04-10": 1,
          "2020-04-11": 10,
          "2020-04-12": 14,
          "2020-04-13": 4,
          "2020-04-14": 0,
          "2020-04-15": 15,
          "2020-04-16": 19,
          "2020-04-17": 19,
          "2020-04-18": 11,
          "2020-04-19": 18,
          "2020-04-20": 19,
          "2020-04-21": 5,
          "2020-04-22": 6,
          "2020-04-23": 5,
          "2020-04-24": 15,
          "2020-04-25": 4,
          "2020-04-26": 9,
          "2020-04-27": 10,
          "2020-04-28": 9,
          "2020-04-29": 15,
          "2020-04-30": 16,
          "2020-05-01": 18,
          "2020-05-02": 20,
          "2020-05-03": 8,
          "2020-05-04": 11,
          "2020-05-05": 3,
          "2020-05-06": 7,
          "2020-05-07": 1,
          "2020-05-08": 11,
          "2020-05-09": 20,
          "2020-05-10": 8,
          "2020-05-11": 20,
          "2020-05-12": 6,
          "2020-05-13": 20,
          "2020-05-14": 20,
          "2020-05-15": 15,
          "2020-05-16": 8,
          "2020-05-17": 3,
          "2020-05-18": 17,
          "2020-05-19": 11,
          "2020-05-20": 3,
          "2020-05-21": 8,
          "2020-05-22": 8,
          "2020-05-23": 2,
          "2020-05-24": 19,
          "2020-05-25": 17,
          "2020-05-26": 4,
          "2020-05-27": 11,
          "2020-05-28": 8,
          "2020-05-29": 12,
          "2020-05-30": 7,
          "2020-05-31": 19,
          "2020-06-01": 10,
          "2020-06-02": 8,
          "2020-06-03": 7,
          "2020-06-04": 3,
          "2020-06-05": 2,
          "2020-06-06": 16,
          "2020-06-07": 5,
          "2020-06-08": 3,
          "2020-06-09": 5,
          "2020-06-10": 7,
          "2020-06-11": 3,
          "2020-06-12": 9,
          "2020-06-13": 15,
          "2020-06-14": 9,
          "2020-06-15": 17,
          "2020-06-16": 19,
          "2020-06-17": 18,
          "2020-06-18": 18,
          "2020-06-19": 10,
          "2020-06-20": 14,
          "2020-06-21": 17,
          "2020-06-22": 8,
          "2020-06-23": 0,
          "2020-06-24": 2,
          "2020-06-25": 20,
          "2020-06-26": 20,
          "2020-06-27": 10,
          "2020-06-28": 2,
          "2020-06-29": 7,
          "2020-06-30": 2,
          "2020-07-01": 0,
          "2020-07-02": 18,
          "2020-07-03": 13,
          "2020-07-04": 17,
          "2020-07-05": 4,
          "2020-07-06": 9,
          "2020-07-07": 11,
          "2020-07-08": 0,
          "2020-07-09": 9,
          "2020-07-10": 12,
          "2020-07-11": 0,
          "2020-07-12": 15,
          "2020-07-13": 7,
          "2020-07-14": 1,
          "2020-07-15": 8,
          "2020-07-16": 11,
          "2020-07-17": 19,
          "2020-07-18": 1,
          "2020-07-19": 6,
          "2020-07-20": 15,
          "2020-07-21": 6,
          "2020-07-22": 13,
          "2020-07-23": 12,
          "2020-07-24": 2,
          "2020-07-25": 8,
          "2020-07-26": 11,
          "2020-07-27": 8,
          "2020-07-28": 5,
          "2020-07-29": 10,
          "2020-07-30": 2,
          "2020-07-31": 3,
          "2020-08-01": 3,
          "2020-08-02": 8,
          "2020-08-03": 10,
          "2020-08-04": 4,
          "2020-08-05": 14,
          "2020-08-06": 14,
          "2020-08-07": 10,
          "2020-08-08": 2,
          "2020-08-09": 14,
          "2020-08-10": 11,
          "2020-08-11": 13,
          "2020-08-12": 11,
          "2020-08-13": 16,
          "2020-08-14": 10,
          "2020-08-15": 19,
          "2020-08-16": 15,
          "2020-08-17": 6,
          "2020-08-18": 12,
          "2020-08-19": 5,
          "2020-08-20": 15,
          "2020-08-21": 19,
          "2020-08-22": 14,
          "2020-08-23": 17,
          "2020-08-24": 1,
          "2020-08-25": 20,
          "2020-08-26": 16,
          "2020-08-27": 10,
          "2020-08-28": 19,
          "2020-08-29": 8,
          "2020-08-30": 5,
          "2020-08-31": 7,
          "2020-09-01": 3,
          "2020-09-02": 17,
          "2020-09-03": 7,
          "2020-09-04": 18,
          "2020-09-05": 12,
          "2020-09-06": 17,
          "2020-09-07": 3,
          "2020-09-08": 18,
          "2020-09-09": 13,
          "2020-09-10": 18,
          "2020-09-11": 18,
          "2020-09-12": 14,
          "2020-09-13": 13,
          "2020-09-14": 4,
          "2020-09-15": 14,
          "2020-09-16": 14,
          "2020-09-17": 0,
          "2020-09-18": 0,
          "2020-09-19": 18,
          "2020-09-20": 8,
          "2020-09-21": 9,
          "2020-09-22": 7,
          "2020-09-23": 11,
          "2020-09-24": 3,
          "2020-09-25": 18,
          "2020-09-26": 15,
          "2020-09-27": 3,
          "2020-09-28": 19,
          "2020-09-29": 16,
          "2020-09-30": 12,
          "2020-10-01": 8,
          "2020-10-02": 8,
          "2020-10-03": 14,
          "2020-10-04": 18,
          "2020-10-05": 14,
          "2020-10-06": 2,
          "2020-10-07": 14,
          "2020-10-08": 15,
          "2020-10-09": 5,
          "2020-10-10": 19,
          "2020-10-11": 10,
          "2020-10-12": 1,
          "2020-10-13": 12,
          "2020-10-14": 9,
          "2020-10-15": 3,
          "2020-10-16": 8,
          "2020-10-17": 19,
          "2020-10-18": 18,
          "2020-10-19": 20,
          "2020-10-20": 2,
          "2020-10-21": 20,
          "2020-10-22": 4,
          "2020-10-23": 4,
          "2020-10-24": 12,
          "2020-10-25": 10,
          "2020-10-26": 16,
          "2020-10-27": 8,
          "2020-10-28": 17,
          "2020-10-29": 17,
          "2020-10-30": 11,
          "2020-10-31": 13,
          "2020-11-01": 14,
          "2020-11-02": 5,
          "2020-11-03": 19,
          "2020-11-04": 16,
          "2020-11-05": 4,
          "2020-11-06": 20,
          "2020-11-07": 19,
          "2020-11-08": 17,
          "2020-11-09": 6,
          "2020-11-10": 5,
          "2020-11-11": 19,
          "2020-11-12": 18,
          "2020-11-13": 0,
          "2020-11-14": 19,
          "2020-11-15": 16,
          "2020-11-16": 20,
          "2020-11-17": 11,
          "2020-11-18": 4,
          "2020-11-19": 15,
          "2020-11-20": 13,
          "2020-11-21": 18,
          "2020-11-22": 12,
          "2020-11-23": 1,
          "2020-11-24": 17,
          "2020-11-25": 8,
          "2020-11-26": 5,
          "2020-11-27": 0,
          "2020-11-28": 7,
          "2020-11-29": 19,
          "2020-11-30": 18,
          "2020-12-01": 6,
          "2020-12-02": 4,
          "2020-12-03": 12,
          "2020-12-04": 9,
          "2020-12-05": 19,
          "2020-12-06": 11,
          "2020-12-07": 20,
          "2020-12-08": 5,
          "2020-12-09": 20,
          "2020-12-10": 5,
          "2020-12-11": 10,
          "2020-12-12": 5,
          "2020-12-13": 5,
          "2020-12-14": 7,
          "2020-12-15": 16,
          "2020-12-16": 1,
          "2020-12-17": 7,
          "2020-12-18": 14,
          "2020-12-19": 16,
          "2020-12-20": 9,
          "2020-12-21": 15,
          "2020-12-22": 12,
          "2020-12-23": 15,
          "2020-12-24": 4,
          "2020-12-25": 6,
          "2020-12-26": 15,
          "2020-12-27": 16,
          "2020-12-28": 19,
          "2020-12-29": 9,
          "2020-12-30": 15,
          "2020-12-31": 6
        }
      },
      "geometry": {
        "type": "Point",
        "coordinates": [
          106.80950657200003,
          -6.195055701060028
        ]
      }
    },
    {
      "type": "Feature",
      "properties": {
        "AWLR_Name": "Halim",
        "Device_ID": "AWLR-536",
        "Brand": "ICU",
        "Longitude": 106.880333,
        "Latitude": -6.260983,
        "Catchment_Name": "DAS Sunter",
        "Built_Year": "2012",
        "Provinsi": "DKI Jakarta",
        "Kota": "Jakarta Timur",
        "Kecamatan": "Makasar",
        "Kelurahan": "Makasar",
        "Manager": "BBWS Ciliwung Cisadane",
        "River_Region": "WS Ciliwung Cisadane",
        "Station_Condition": "Poor",
        "Device_Condition": "Good",
        "Type": "Telemetri",
        "Elevation": "No Data",
        "Data_Frequency": "15 minutes",
        "Last_Maintenance": "20-08-2020",
        "Data_Completeness": "98%",
        "Reading": {
          "2020-01-01": 1.8,
          "2020-01-02": 1.55,
          "2020-01-03": 1.02,
          "2020-01-04": 0.87,
          "2020-01-05": 0.91,
          "2020-01-06": 0.89,
          "2020-01-07": 0.74,
          "2020-01-08": 0.8,
          "2020-01-09": 1.03,
          "2020-01-10": 0.87,
          "2020-01-11": 0.89,
          "2020-01-12": 0.83,
          "2020-01-13": 0.68,
          "2020-01-14": 0.6,
          "2020-01-15": 0.58,
          "2020-01-16": 0.83,
          "2020-01-17": 0.71,
          "2020-01-18": 1.05,
          "2020-01-19": 0.49,
          "2020-01-20": 0.78,
          "2020-01-21": 0.84,
          "2020-01-22": 0.56,
          "2020-01-23": 0.68,
          "2020-01-24": 0.79,
          "2020-01-25": 0.71,
          "2020-01-26": 1.05,
          "2020-01-27": 0.9,
          "2020-01-28": 0.65,
          "2020-01-29": 0.66,
          "2020-01-30": 0.74,
          "2020-01-31": 0.82,
          "2020-02-01": 1.2,
          "2020-02-02": 1.12,
          "2020-02-03": 0.75,
          "2020-02-04": 0.73,
          "2020-02-05": 0.91,
          "2020-02-06": 1.16,
          "2020-02-07": 0.69,
          "2020-02-08": 0.77,
          "2020-02-09": 0.57,
          "2020-02-10": 0.65,
          "2020-02-11": 0.61,
          "2020-02-12": 0.54,
          "2020-02-13": 0.61,
          "2020-02-14": 0.91,
          "2020-02-15": 0.8,
          "2020-02-16": 1.36,
          "2020-02-17": 0.98,
          "2020-02-18": 0.69,
          "2020-02-19": 0.87,
          "2020-02-20": 1.41,
          "2020-02-21": 1.09,
          "2020-02-22": 1.6,
          "2020-02-23": 1.62,
          "2020-02-24": 1.42,
          "2020-02-25": 1.8,
          "2020-02-26": 1.42,
          "2020-02-27": 1.16,
          "2020-02-28": 1.37,
          "2020-02-29": 1.16,
          "2020-03-01": 1.51,
          "2020-03-02": 1.47,
          "2020-03-03": 1.01,
          "2020-03-04": 0.78,
          "2020-03-05": 0.77,
          "2020-03-06": 0.64,
          "2020-03-07": 0.64,
          "2020-03-08": 0.55,
          "2020-03-09": 0.55,
          "2020-03-10": 0.58,
          "2020-03-11": 0.65,
          "2020-03-12": 0.89,
          "2020-03-13": 0.84,
          "2020-03-14": 0.8,
          "2020-03-15": 0.7,
          "2020-03-16": 1.35,
          "2020-03-17": 1.03,
          "2020-03-18": 0.66,
          "2020-03-19": 0.86,
          "2020-03-20": 1,
          "2020-03-21": 0.84,
          "2020-03-22": 0.7,
          "2020-03-23": 0.61,
          "2020-03-24": 0.62,
          "2020-03-25": 0.65,
          "2020-03-26": 0.59,
          "2020-03-27": 0.6,
          "2020-03-28": 0.54,
          "2020-03-29": 0.66,
          "2020-03-30": 0.77,
          "2020-03-31": 0.81,
          "2020-04-01": 0.6,
          "2020-04-02": 0.72,
          "2020-04-03": 0.63,
          "2020-04-04": 0.68,
          "2020-04-05": 0.73,
          "2020-04-06": 0.61,
          "2020-04-07": 0.59,
          "2020-04-08": 0.67,
          "2020-04-09": 0.73,
          "2020-04-10": 0.61,
          "2020-04-11": 0.67,
          "2020-04-12": 0.75,
          "2020-04-13": 0.74,
          "2020-04-14": 0.86,
          "2020-04-15": 0.57,
          "2020-04-16": 0.74,
          "2020-04-17": 0.65,
          "2020-04-18": 0.59,
          "2020-04-19": 0.57,
          "2020-04-20": 0.53,
          "2020-04-21": 0.51,
          "2020-04-22": 0.49,
          "2020-04-23": 0.55,
          "2020-04-24": 0.78,
          "2020-04-25": 0.54,
          "2020-04-26": 0.79,
          "2020-04-27": 0.96,
          "2020-04-28": 0.9,
          "2020-04-29": 0.8,
          "2020-04-30": 1.09,
          "2020-05-01": 0.72,
          "2020-05-02": 0.66,
          "2020-05-03": 0.55,
          "2020-05-04": 0.51,
          "2020-05-05": 0.49,
          "2020-05-06": 1.22,
          "2020-05-07": 0.86,
          "2020-05-08": 0.67,
          "2020-05-09": 0.52,
          "2020-05-10": 1.2,
          "2020-05-11": 0.72,
          "2020-05-12": 0.65,
          "2020-05-13": 0.53,
          "2020-05-14": 0.46,
          "2020-05-15": 0.41,
          "2020-05-16": 0.4,
          "2020-05-17": 0.4,
          "2020-05-18": 0.48,
          "2020-05-19": 0.51,
          "2020-05-20": 0.49,
          "2020-05-21": 0.57,
          "2020-05-22": 0.42,
          "2020-05-23": 0.43,
          "2020-05-24": 0.46,
          "2020-05-25": 0.43,
          "2020-05-26": 0.44,
          "2020-05-27": 0.38,
          "2020-05-28": 0.37,
          "2020-05-29": 0.63,
          "2020-05-30": 0.58,
          "2020-05-31": 0.59,
          "2020-06-01": 0.59,
          "2020-06-02": 0.64,
          "2020-06-03": 0.61,
          "2020-06-04": 0.5,
          "2020-06-05": 0.71,
          "2020-06-06": 0.64,
          "2020-06-07": 0.48,
          "2020-06-08": 0.45,
          "2020-06-09": 0.57,
          "2020-06-10": 0.41,
          "2020-06-11": 0.67,
          "2020-06-12": 0.59,
          "2020-06-13": 0.43,
          "2020-06-14": 0.4,
          "2020-06-15": 0.36,
          "2020-06-16": 0.37,
          "2020-06-17": 0.36,
          "2020-06-18": 0.36,
          "2020-06-19": 0.36,
          "2020-06-20": 0.34,
          "2020-06-21": 0.34,
          "2020-06-22": 0.46,
          "2020-06-23": 0.37,
          "2020-06-24": 0.47,
          "2020-06-25": 0.37,
          "2020-06-26": 0.35,
          "2020-06-27": 0.34,
          "2020-06-28": 0.34,
          "2020-06-29": 0.32,
          "2020-06-30": 0.31,
          "2020-07-01": 0.29,
          "2020-07-02": 0.32,
          "2020-07-03": 0.34,
          "2020-07-04": 0.31,
          "2020-07-05": 0.31,
          "2020-07-06": 0.33,
          "2020-07-07": 0.34,
          "2020-07-08": 0.32,
          "2020-07-09": 0.33,
          "2020-07-10": 0.3,
          "2020-07-11": 0.29,
          "2020-07-12": 0.28,
          "2020-07-13": 0.28,
          "2020-07-14": 0.28,
          "2020-07-15": 0.34,
          "2020-07-16": 0.28,
          "2020-07-17": 0.27,
          "2020-07-18": 0.28,
          "2020-07-19": 0.3,
          "2020-07-20": 0.34,
          "2020-07-21": 0.39,
          "2020-07-22": 0.28,
          "2020-07-23": 0.26,
          "2020-07-24": 0.26,
          "2020-07-25": 0.25,
          "2020-07-26": 0.23,
          "2020-07-27": 0.23,
          "2020-07-28": 0.22,
          "2020-07-29": 0.22,
          "2020-07-30": 0.22,
          "2020-07-31": 0.22,
          "2020-08-01": 0.22,
          "2020-08-02": 0.22,
          "2020-08-03": 0.22,
          "2020-08-04": 0.22,
          "2020-08-05": 0.26,
          "2020-08-06": 0.23,
          "2020-08-07": 0.23,
          "2020-08-08": 0.29,
          "2020-08-09": 0.38,
          "2020-08-10": 0.26,
          "2020-08-11": 0.61,
          "2020-08-12": 0.4,
          "2020-08-13": 0.89,
          "2020-08-14": 0.5,
          "2020-08-15": 0.35,
          "2020-08-16": 0.29,
          "2020-08-17": 0.27,
          "2020-08-18": 0.28,
          "2020-08-19": 0.39,
          "2020-08-20": 0.31,
          "2020-08-21": 0.26,
          "2020-08-22": 0.26,
          "2020-08-23": 0.25,
          "2020-08-24": 0.24,
          "2020-08-25": 0.24,
          "2020-08-26": 0.24,
          "2020-08-27": 0.24,
          "2020-08-28": 0.24,
          "2020-08-29": 0.24,
          "2020-08-30": 0.24,
          "2020-08-31": 0.24,
          "2020-09-01": 0.25,
          "2020-09-02": 0.27,
          "2020-09-03": 0.27,
          "2020-09-04": 0.28,
          "2020-09-05": 0.89,
          "2020-09-06": 0.59,
          "2020-09-07": 0.35,
          "2020-09-08": 0.24,
          "2020-09-09": 0.23,
          "2020-09-10": 0.24,
          "2020-09-11": 0.26,
          "2020-09-12": 0.27,
          "2020-09-13": 0.27,
          "2020-09-14": 0.41,
          "2020-09-15": 0.37,
          "2020-09-16": 0.42,
          "2020-09-17": 0.39,
          "2020-09-18": 0.3,
          "2020-09-19": 0.61,
          "2020-09-20": 0.81,
          "2020-09-21": 0.44,
          "2020-09-22": 0.38,
          "2020-09-23": 0.44,
          "2020-09-24": 0.42,
          "2020-09-25": 0.37,
          "2020-09-26": 0.45,
          "2020-09-27": 0.46,
          "2020-09-28": 0.59,
          "2020-09-29": 0.51,
          "2020-09-30": 0.91,
          "2020-10-01": 0.72,
          "2020-10-02": 0.43,
          "2020-10-03": 0.46,
          "2020-10-04": 0.68,
          "2020-10-05": 0.43,
          "2020-10-06": 0.47,
          "2020-10-07": 0.61,
          "2020-10-08": 0.8,
          "2020-10-09": 0.62,
          "2020-10-10": 0.51,
          "2020-10-11": 0.58,
          "2020-10-12": 0.45,
          "2020-10-13": 0.62,
          "2020-10-14": 0.98,
          "2020-10-15": 0.71,
          "2020-10-16": 0.75,
          "2020-10-17": 0.45,
          "2020-10-18": 0.52,
          "2020-10-19": 0.57,
          "2020-10-20": 0.47,
          "2020-10-21": 0.54,
          "2020-10-22": 0.72,
          "2020-10-23": 0.59,
          "2020-10-24": 0.5,
          "2020-10-25": 0.53,
          "2020-10-26": 0.96,
          "2020-10-27": 0.74,
          "2020-10-28": 0.68,
          "2020-10-29": 0.69,
          "2020-10-30": 0.53,
          "2020-10-31": 0.49,
          "2020-11-01": 0.95,
          "2020-11-02": 0.52,
          "2020-11-03": 0.4,
          "2020-11-04": 0.65,
          "2020-11-05": 0.5,
          "2020-11-06": 0.35,
          "2020-11-07": 0.34,
          "2020-11-08": 0.5,
          "2020-11-09": 0.55,
          "2020-11-10": 0.56,
          "2020-11-11": 0.6,
          "2020-11-12": 0.44,
          "2020-11-13": 0.4,
          "2020-11-14": 0.46,
          "2020-11-15": 0.35,
          "2020-11-16": 0.37,
          "2020-11-17": 0.38,
          "2020-11-18": 0.34,
          "2020-11-19": 0.32,
          "2020-11-20": 0.3,
          "2020-11-21": 0.58,
          "2020-11-22": 0.54,
          "2020-11-23": 0.35,
          "2020-11-24": 0.58,
          "2020-11-25": 0.7,
          "2020-11-26": 0.42,
          "2020-11-27": 0.64,
          "2020-11-28": 0.54,
          "2020-11-29": 0.45,
          "2020-11-30": 0.4,
          "2020-12-01": 0.38,
          "2020-12-02": 0.46,
          "2020-12-03": 0.5,
          "2020-12-04": 0.63,
          "2020-12-05": 0.97,
          "2020-12-06": 1.02,
          "2020-12-07": 0.8,
          "2020-12-08": 0.63,
          "2020-12-09": 0.63,
          "2020-12-10": 0.55,
          "2020-12-11": 0.39,
          "2020-12-12": 0.4,
          "2020-12-13": 0.78,
          "2020-12-14": 0.42,
          "2020-12-15": 0.36,
          "2020-12-16": 0.37,
          "2020-12-17": 0.68,
          "2020-12-18": 0.39,
          "2020-12-19": 0.62,
          "2020-12-20": 0.47,
          "2020-12-21": 0.43,
          "2020-12-22": 0.37,
          "2020-12-23": 0.33,
          "2020-12-24": 0.35,
          "2020-12-25": 0.33,
          "2020-12-26": 0.46,
          "2020-12-27": 0.45,
          "2020-12-28": 0.47,
          "2020-12-29": 0.44,
          "2020-12-30": 0.44,
          "2020-12-31": 0.45
        },
        "Reading_(+6hr)": "2.5 m",
        "reading_manual": {
          "2020-01-01": 9,
          "2020-01-02": 6,
          "2020-01-03": 10,
          "2020-01-04": 6,
          "2020-01-05": 12,
          "2020-01-06": 15,
          "2020-01-07": 16,
          "2020-01-08": 6,
          "2020-01-09": 19,
          "2020-01-10": 11,
          "2020-01-11": 4,
          "2020-01-12": 19,
          "2020-01-13": 11,
          "2020-01-14": 6,
          "2020-01-15": 14,
          "2020-01-16": 12,
          "2020-01-17": 19,
          "2020-01-18": 16,
          "2020-01-19": 2,
          "2020-01-20": 18,
          "2020-01-21": 0,
          "2020-01-22": 1,
          "2020-01-23": 1,
          "2020-01-24": 16,
          "2020-01-25": 10,
          "2020-01-26": 18,
          "2020-01-27": 18,
          "2020-01-28": 18,
          "2020-01-29": 3,
          "2020-01-30": 4,
          "2020-01-31": 8,
          "2020-02-01": 10,
          "2020-02-02": 13,
          "2020-02-03": 8,
          "2020-02-04": 19,
          "2020-02-05": 13,
          "2020-02-06": 2,
          "2020-02-07": 5,
          "2020-02-08": 12,
          "2020-02-09": 17,
          "2020-02-10": 14,
          "2020-02-11": 7,
          "2020-02-12": 13,
          "2020-02-13": 18,
          "2020-02-14": 2,
          "2020-02-15": 4,
          "2020-02-16": 6,
          "2020-02-17": 12,
          "2020-02-18": 0,
          "2020-02-19": 17,
          "2020-02-20": 10,
          "2020-02-21": 8,
          "2020-02-22": 12,
          "2020-02-23": 14,
          "2020-02-24": 14,
          "2020-02-25": 3,
          "2020-02-26": 4,
          "2020-02-27": 16,
          "2020-02-28": 15,
          "2020-02-29": 8,
          "2020-03-01": 6,
          "2020-03-02": 14,
          "2020-03-03": 19,
          "2020-03-04": 9,
          "2020-03-05": 15,
          "2020-03-06": 20,
          "2020-03-07": 6,
          "2020-03-08": 15,
          "2020-03-09": 16,
          "2020-03-10": 13,
          "2020-03-11": 2,
          "2020-03-12": 12,
          "2020-03-13": 14,
          "2020-03-14": 6,
          "2020-03-15": 9,
          "2020-03-16": 8,
          "2020-03-17": 15,
          "2020-03-18": 12,
          "2020-03-19": 17,
          "2020-03-20": 19,
          "2020-03-21": 2,
          "2020-03-22": 3,
          "2020-03-23": 3,
          "2020-03-24": 11,
          "2020-03-25": 17,
          "2020-03-26": 18,
          "2020-03-27": 11,
          "2020-03-28": 13,
          "2020-03-29": 7,
          "2020-03-30": 11,
          "2020-03-31": 1,
          "2020-04-01": 17,
          "2020-04-02": 6,
          "2020-04-03": 5,
          "2020-04-04": 2,
          "2020-04-05": 6,
          "2020-04-06": 0,
          "2020-04-07": 4,
          "2020-04-08": 8,
          "2020-04-09": 2,
          "2020-04-10": 18,
          "2020-04-11": 8,
          "2020-04-12": 18,
          "2020-04-13": 7,
          "2020-04-14": 6,
          "2020-04-15": 0,
          "2020-04-16": 2,
          "2020-04-17": 8,
          "2020-04-18": 20,
          "2020-04-19": 8,
          "2020-04-20": 14,
          "2020-04-21": 17,
          "2020-04-22": 14,
          "2020-04-23": 7,
          "2020-04-24": 12,
          "2020-04-25": 15,
          "2020-04-26": 18,
          "2020-04-27": 11,
          "2020-04-28": 18,
          "2020-04-29": 3,
          "2020-04-30": 17,
          "2020-05-01": 18,
          "2020-05-02": 15,
          "2020-05-03": 8,
          "2020-05-04": 5,
          "2020-05-05": 13,
          "2020-05-06": 20,
          "2020-05-07": 9,
          "2020-05-08": 9,
          "2020-05-09": 17,
          "2020-05-10": 11,
          "2020-05-11": 11,
          "2020-05-12": 13,
          "2020-05-13": 8,
          "2020-05-14": 1,
          "2020-05-15": 5,
          "2020-05-16": 4,
          "2020-05-17": 0,
          "2020-05-18": 10,
          "2020-05-19": 9,
          "2020-05-20": 3,
          "2020-05-21": 5,
          "2020-05-22": 9,
          "2020-05-23": 14,
          "2020-05-24": 10,
          "2020-05-25": 18,
          "2020-05-26": 10,
          "2020-05-27": 1,
          "2020-05-28": 13,
          "2020-05-29": 1,
          "2020-05-30": 6,
          "2020-05-31": 1,
          "2020-06-01": 20,
          "2020-06-02": 15,
          "2020-06-03": 11,
          "2020-06-04": 15,
          "2020-06-05": 10,
          "2020-06-06": 2,
          "2020-06-07": 14,
          "2020-06-08": 11,
          "2020-06-09": 12,
          "2020-06-10": 13,
          "2020-06-11": 15,
          "2020-06-12": 2,
          "2020-06-13": 6,
          "2020-06-14": 3,
          "2020-06-15": 4,
          "2020-06-16": 5,
          "2020-06-17": 4,
          "2020-06-18": 19,
          "2020-06-19": 20,
          "2020-06-20": 7,
          "2020-06-21": 12,
          "2020-06-22": 3,
          "2020-06-23": 6,
          "2020-06-24": 0,
          "2020-06-25": 2,
          "2020-06-26": 8,
          "2020-06-27": 7,
          "2020-06-28": 6,
          "2020-06-29": 8,
          "2020-06-30": 16,
          "2020-07-01": 10,
          "2020-07-02": 1,
          "2020-07-03": 13,
          "2020-07-04": 16,
          "2020-07-05": 11,
          "2020-07-06": 0,
          "2020-07-07": 20,
          "2020-07-08": 3,
          "2020-07-09": 14,
          "2020-07-10": 20,
          "2020-07-11": 4,
          "2020-07-12": 19,
          "2020-07-13": 20,
          "2020-07-14": 14,
          "2020-07-15": 18,
          "2020-07-16": 1,
          "2020-07-17": 20,
          "2020-07-18": 5,
          "2020-07-19": 18,
          "2020-07-20": 11,
          "2020-07-21": 14,
          "2020-07-22": 7,
          "2020-07-23": 16,
          "2020-07-24": 2,
          "2020-07-25": 13,
          "2020-07-26": 15,
          "2020-07-27": 16,
          "2020-07-28": 5,
          "2020-07-29": 7,
          "2020-07-30": 0,
          "2020-07-31": 4,
          "2020-08-01": 9,
          "2020-08-02": 16,
          "2020-08-03": 0,
          "2020-08-04": 20,
          "2020-08-05": 4,
          "2020-08-06": 16,
          "2020-08-07": 13,
          "2020-08-08": 6,
          "2020-08-09": 6,
          "2020-08-10": 16,
          "2020-08-11": 15,
          "2020-08-12": 1,
          "2020-08-13": 2,
          "2020-08-14": 10,
          "2020-08-15": 14,
          "2020-08-16": 7,
          "2020-08-17": 17,
          "2020-08-18": 5,
          "2020-08-19": 13,
          "2020-08-20": 0,
          "2020-08-21": 9,
          "2020-08-22": 1,
          "2020-08-23": 18,
          "2020-08-24": 4,
          "2020-08-25": 8,
          "2020-08-26": 19,
          "2020-08-27": 0,
          "2020-08-28": 6,
          "2020-08-29": 5,
          "2020-08-30": 6,
          "2020-08-31": 5,
          "2020-09-01": 12,
          "2020-09-02": 12,
          "2020-09-03": 17,
          "2020-09-04": 1,
          "2020-09-05": 5,
          "2020-09-06": 10,
          "2020-09-07": 10,
          "2020-09-08": 8,
          "2020-09-09": 20,
          "2020-09-10": 19,
          "2020-09-11": 13,
          "2020-09-12": 4,
          "2020-09-13": 6,
          "2020-09-14": 11,
          "2020-09-15": 1,
          "2020-09-16": 20,
          "2020-09-17": 5,
          "2020-09-18": 3,
          "2020-09-19": 13,
          "2020-09-20": 12,
          "2020-09-21": 10,
          "2020-09-22": 16,
          "2020-09-23": 15,
          "2020-09-24": 17,
          "2020-09-25": 11,
          "2020-09-26": 5,
          "2020-09-27": 0,
          "2020-09-28": 19,
          "2020-09-29": 2,
          "2020-09-30": 4,
          "2020-10-01": 6,
          "2020-10-02": 1,
          "2020-10-03": 17,
          "2020-10-04": 13,
          "2020-10-05": 12,
          "2020-10-06": 4,
          "2020-10-07": 19,
          "2020-10-08": 9,
          "2020-10-09": 14,
          "2020-10-10": 2,
          "2020-10-11": 19,
          "2020-10-12": 9,
          "2020-10-13": 10,
          "2020-10-14": 3,
          "2020-10-15": 19,
          "2020-10-16": 18,
          "2020-10-17": 19,
          "2020-10-18": 15,
          "2020-10-19": 13,
          "2020-10-20": 19,
          "2020-10-21": 18,
          "2020-10-22": 3,
          "2020-10-23": 9,
          "2020-10-24": 9,
          "2020-10-25": 7,
          "2020-10-26": 3,
          "2020-10-27": 19,
          "2020-10-28": 4,
          "2020-10-29": 18,
          "2020-10-30": 5,
          "2020-10-31": 1,
          "2020-11-01": 14,
          "2020-11-02": 19,
          "2020-11-03": 11,
          "2020-11-04": 13,
          "2020-11-05": 3,
          "2020-11-06": 3,
          "2020-11-07": 20,
          "2020-11-08": 13,
          "2020-11-09": 13,
          "2020-11-10": 19,
          "2020-11-11": 4,
          "2020-11-12": 10,
          "2020-11-13": 14,
          "2020-11-14": 20,
          "2020-11-15": 10,
          "2020-11-16": 4,
          "2020-11-17": 5,
          "2020-11-18": 7,
          "2020-11-19": 12,
          "2020-11-20": 10,
          "2020-11-21": 2,
          "2020-11-22": 15,
          "2020-11-23": 16,
          "2020-11-24": 10,
          "2020-11-25": 14,
          "2020-11-26": 7,
          "2020-11-27": 7,
          "2020-11-28": 10,
          "2020-11-29": 18,
          "2020-11-30": 18,
          "2020-12-01": 12,
          "2020-12-02": 18,
          "2020-12-03": 8,
          "2020-12-04": 5,
          "2020-12-05": 1,
          "2020-12-06": 12,
          "2020-12-07": 5,
          "2020-12-08": 2,
          "2020-12-09": 11,
          "2020-12-10": 3,
          "2020-12-11": 17,
          "2020-12-12": 9,
          "2020-12-13": 19,
          "2020-12-14": 9,
          "2020-12-15": 11,
          "2020-12-16": 4,
          "2020-12-17": 3,
          "2020-12-18": 11,
          "2020-12-19": 12,
          "2020-12-20": 17,
          "2020-12-21": 10,
          "2020-12-22": 11,
          "2020-12-23": 6,
          "2020-12-24": 7,
          "2020-12-25": 20,
          "2020-12-26": 11,
          "2020-12-27": 20,
          "2020-12-28": 4,
          "2020-12-29": 1,
          "2020-12-30": 12,
          "2020-12-31": 5
        }
      },
      "geometry": {
        "type": "Point",
        "coordinates": [
          106.88033333400006,
          -6.260983332909973
        ]
      }
    },
    {
      "type": "Feature",
      "properties": {
        "AWLR_Name": "Buaran-Pondok_Kelapa",
        "Device_ID": "AWLR-548",
        "Brand": "ICU",
        "Longitude": 106.92105,
        "Latitude": -6.24725,
        "Catchment_Name": "DAS Cakung",
        "Built_Year": "2012",
        "Provinsi": "DKI Jakarta",
        "Kota": "Jakarta Timur",
        "Kecamatan": "Duren Sawit",
        "Kelurahan": "Duren Sawit",
        "Manager": "BBWS Ciliwung Cisadane",
        "River_Region": "WS Ciliwung Cisadane",
        "Station_Condition": "Poor",
        "Device_Condition": "Good",
        "Type": "Telemetri",
        "Elevation": "No Data",
        "Data_Frequency": "15 minutes",
        "Last_Maintenance": "20-08-2020",
        "Data_Completeness": "98%",
        "Reading": {
          "2020-01-01": 0.35,
          "2020-01-02": 0.34,
          "2020-01-03": 0.3,
          "2020-01-04": 0.34,
          "2020-01-05": 0.41,
          "2020-01-06": 0.42,
          "2020-01-07": 0.31,
          "2020-01-08": 0.34,
          "2020-01-09": 0.38,
          "2020-01-10": 0.36,
          "2020-01-11": 0.3,
          "2020-01-12": 0.29,
          "2020-01-13": 0.27,
          "2020-01-14": 0.34,
          "2020-01-15": 0.3,
          "2020-01-16": 0.32,
          "2020-01-17": 0.36,
          "2020-01-18": 0.46,
          "2020-01-19": 0.32,
          "2020-01-20": 0.38,
          "2020-01-21": 0.31,
          "2020-01-22": 0.27,
          "2020-01-23": 0.38,
          "2020-01-24": 0.47,
          "2020-01-25": 0.32,
          "2020-01-26": 0.38,
          "2020-01-27": 0.32,
          "2020-01-28": 0.29,
          "2020-01-29": 0.29,
          "2020-01-30": 0.28,
          "2020-01-31": 0.38,
          "2020-02-01": 0.53,
          "2020-02-02": 0.42,
          "2020-02-03": 0.41,
          "2020-02-04": 0.32,
          "2020-02-05": 0.28,
          "2020-02-06": 0.29,
          "2020-02-07": 0.52,
          "2020-02-08": 0.56,
          "2020-02-09": 0.2,
          "2020-02-10": 0.39,
          "2020-02-11": 0.32,
          "2020-02-12": 0.31,
          "2020-02-13": 0.3,
          "2020-02-14": 0.28,
          "2020-02-15": 0.33,
          "2020-02-16": 0.43,
          "2020-02-17": 0.35,
          "2020-02-18": 0.36,
          "2020-02-19": 0.52,
          "2020-02-20": 0.58,
          "2020-02-21": 0.56,
          "2020-02-22": 0.64,
          "2020-02-23": 0.48,
          "2020-02-24": 0.76,
          "2020-02-25": 1.02,
          "2020-02-26": 0.6,
          "2020-02-27": 0.64,
          "2020-02-28": 0.62,
          "2020-02-29": 0.61,
          "2020-03-01": 0.51,
          "2020-03-02": 0.43,
          "2020-03-03": 0.37,
          "2020-03-04": 0.46,
          "2020-03-05": 0.37,
          "2020-03-06": 0.36,
          "2020-03-07": 0.36,
          "2020-03-08": 0.34,
          "2020-03-09": 0.31,
          "2020-03-10": 0.3,
          "2020-03-11": 0.26,
          "2020-03-12": 0.29,
          "2020-03-13": 0.38,
          "2020-03-14": 0.36,
          "2020-03-15": 0.35,
          "2020-03-16": 0.49,
          "2020-03-17": 0.36,
          "2020-03-18": 0.31,
          "2020-03-19": 0.42,
          "2020-03-20": 0.54,
          "2020-03-21": 0.45,
          "2020-03-22": 0.42,
          "2020-03-23": 0.38,
          "2020-03-24": 0.41,
          "2020-03-25": 0.35,
          "2020-03-26": 0.3,
          "2020-03-27": 0.29,
          "2020-03-28": 0.29,
          "2020-03-29": 0.32,
          "2020-03-30": 0.31,
          "2020-03-31": 0.3,
          "2020-04-01": 0.31,
          "2020-04-02": 0.32,
          "2020-04-03": 0.33,
          "2020-04-04": 0.35,
          "2020-04-05": 0.35,
          "2020-04-06": 0.42,
          "2020-04-07": 0.29,
          "2020-04-08": 0.28,
          "2020-04-09": 0.29,
          "2020-04-10": 0.32,
          "2020-04-11": 0.31,
          "2020-04-12": 0.35,
          "2020-04-13": 0.47,
          "2020-04-14": 0.44,
          "2020-04-15": 0.41,
          "2020-04-16": 0.34,
          "2020-04-17": 0.32,
          "2020-04-18": 0.33,
          "2020-04-19": 0.27,
          "2020-04-20": 0.29,
          "2020-04-21": 0.28,
          "2020-04-22": 0.27,
          "2020-04-23": 0.27,
          "2020-04-24": 0.29,
          "2020-04-25": 0.27,
          "2020-04-26": 0.3,
          "2020-04-27": 0.34,
          "2020-04-28": 0.4,
          "2020-04-29": 0.32,
          "2020-04-30": 0.53,
          "2020-05-01": 0.34,
          "2020-05-02": 0.3,
          "2020-05-03": 0.27,
          "2020-05-04": 0.27,
          "2020-05-05": 0.25,
          "2020-05-06": 0.26,
          "2020-05-07": 0.25,
          "2020-05-08": 0.27,
          "2020-05-09": 0.26,
          "2020-05-10": 0.39,
          "2020-05-11": 0.28,
          "2020-05-12": 0.33,
          "2020-05-13": 0.3,
          "2020-05-14": 0.27,
          "2020-05-15": 0.28,
          "2020-05-16": 0.27,
          "2020-05-17": 0.26,
          "2020-05-18": 0.39,
          "2020-05-19": 0.3,
          "2020-05-20": 0.37,
          "2020-05-21": 0.32,
          "2020-05-22": 0.3,
          "2020-05-23": 0.33,
          "2020-05-24": 0.32,
          "2020-05-25": 0.33,
          "2020-05-26": 0.32,
          "2020-05-27": 0.33,
          "2020-05-28": 0.37,
          "2020-05-29": 0.39,
          "2020-05-30": 0.45,
          "2020-05-31": 0.3,
          "2020-06-01": 0.27,
          "2020-06-02": 0.29,
          "2020-06-03": 0.32,
          "2020-06-04": 0.27,
          "2020-06-05": 0.26,
          "2020-06-06": 0.26,
          "2020-06-07": 0.26,
          "2020-06-08": 0.26,
          "2020-06-09": 0.37,
          "2020-06-10": 0.26,
          "2020-06-11": 0.39,
          "2020-06-12": 0.28,
          "2020-06-13": 0.25,
          "2020-06-14": 0.24,
          "2020-06-15": 0.26,
          "2020-06-16": 0.27,
          "2020-06-17": 0.25,
          "2020-06-18": 0.27,
          "2020-06-19": 0.27,
          "2020-06-20": 0.27,
          "2020-06-21": 0.27,
          "2020-06-22": 0.37,
          "2020-06-23": 0.27,
          "2020-06-24": 0.34,
          "2020-06-25": 0.26,
          "2020-06-26": 0.25,
          "2020-06-27": 0.24,
          "2020-06-28": 0.21,
          "2020-06-29": 0.22,
          "2020-06-30": 0.22,
          "2020-07-01": 0.17,
          "2020-07-02": 0.19,
          "2020-07-03": 0.21,
          "2020-07-04": 0.19,
          "2020-07-05": 0.09,
          "2020-07-06": 0.22,
          "2020-07-07": 0.23,
          "2020-07-08": 0.27,
          "2020-07-09": 0.25,
          "2020-07-10": 0.24,
          "2020-07-11": 0.18,
          "2020-07-12": 0.18,
          "2020-07-13": 0.59,
          "2020-07-14": 0.48,
          "2020-07-15": 0.25,
          "2020-07-16": 0.22,
          "2020-07-17": 0.25,
          "2020-07-18": 0.18,
          "2020-07-19": 0.18,
          "2020-07-20": 0.2,
          "2020-07-21": 0.33,
          "2020-07-22": 0.23,
          "2020-07-23": 0.22,
          "2020-07-24": 0.24,
          "2020-07-25": 0.22,
          "2020-07-26": 0.19,
          "2020-07-27": 0.23,
          "2020-07-28": 0.18,
          "2020-07-29": 0.23,
          "2020-07-30": 0.18,
          "2020-07-31": 0.18,
          "2020-08-01": 0.18,
          "2020-08-02": 0.25,
          "2020-08-03": 0.22,
          "2020-08-04": 0.18,
          "2020-08-05": 0.31,
          "2020-08-06": 0.19,
          "2020-08-07": 0.19,
          "2020-08-08": 0.23,
          "2020-08-09": 0.24,
          "2020-08-10": 0.2,
          "2020-08-11": 0.18,
          "2020-08-12": 0.24,
          "2020-08-13": 0.45,
          "2020-08-14": 0.42,
          "2020-08-15": 0.71,
          "2020-08-16": 0.39,
          "2020-08-17": 0.27,
          "2020-08-18": 0.22,
          "2020-08-19": 0.21,
          "2020-08-20": 0.24,
          "2020-08-21": 0.23,
          "2020-08-22": 0.22,
          "2020-08-23": 0.22,
          "2020-08-24": 0.23,
          "2020-08-25": 0.2,
          "2020-08-26": 0.24,
          "2020-08-27": 0.19,
          "2020-08-28": 0.16,
          "2020-08-29": 0.16,
          "2020-08-30": 0.16,
          "2020-08-31": 0.18,
          "2020-09-01": 0.16,
          "2020-09-02": 0.19,
          "2020-09-03": 0.2,
          "2020-09-04": 0.19,
          "2020-09-05": 0.15,
          "2020-09-06": 0.18,
          "2020-09-07": 0.2,
          "2020-09-08": 0.19,
          "2020-09-09": 0.19,
          "2020-09-10": 0.19,
          "2020-09-11": 0.18,
          "2020-09-12": 0.19,
          "2020-09-13": 0.19,
          "2020-09-14": 0.55,
          "2020-09-15": 0.29,
          "2020-09-16": 0.2,
          "2020-09-17": 0.23,
          "2020-09-18": 0.2,
          "2020-09-19": 0.21,
          "2020-09-20": 0.27,
          "2020-09-21": 0.27,
          "2020-09-22": 0.27,
          "2020-09-23": 0.19,
          "2020-09-24": 0.18,
          "2020-09-25": 0.18,
          "2020-09-26": 0.2,
          "2020-09-27": 0.19,
          "2020-09-28": 0.21,
          "2020-09-29": 0.21,
          "2020-09-30": 0.18,
          "2020-10-01": 0.16,
          "2020-10-02": 0.16,
          "2020-10-03": 0.2,
          "2020-10-04": 0.55,
          "2020-10-05": 0.26,
          "2020-10-06": 0.24,
          "2020-10-07": 0.23,
          "2020-10-08": 0.24,
          "2020-10-09": 0.27,
          "2020-10-10": 0.3,
          "2020-10-11": 0.26,
          "2020-10-12": 0.23,
          "2020-10-13": 0.24,
          "2020-10-14": 0.2,
          "2020-10-15": 0.2,
          "2020-10-16": 0.41,
          "2020-10-17": 0.34,
          "2020-10-18": 0.25,
          "2020-10-19": 0.43,
          "2020-10-20": 0.33,
          "2020-10-21": 0.24,
          "2020-10-22": 0.22,
          "2020-10-23": 0.21,
          "2020-10-24": 0.21,
          "2020-10-25": 0.3,
          "2020-10-26": 0.37,
          "2020-10-27": 0.35,
          "2020-10-28": 0.27,
          "2020-10-29": 0.21,
          "2020-10-30": 0.2,
          "2020-10-31": 0.2,
          "2020-11-01": 0.35,
          "2020-11-02": 0.24,
          "2020-11-03": 0.22,
          "2020-11-04": 0.2,
          "2020-11-05": 0.25,
          "2020-11-06": 0.3,
          "2020-11-07": 0.22,
          "2020-11-08": 0.36,
          "2020-11-09": 0.25,
          "2020-11-10": 0.23,
          "2020-11-11": 0.22,
          "2020-11-12": 0.23,
          "2020-11-13": 0.21,
          "2020-11-14": 0.2,
          "2020-11-15": 0.19,
          "2020-11-16": 0.2,
          "2020-11-17": 0.22,
          "2020-11-18": 0.21,
          "2020-11-19": 0.2,
          "2020-11-20": 0.36,
          "2020-11-21": 0.24,
          "2020-11-22": 0.16,
          "2020-11-23": 0.22,
          "2020-11-24": 0.19,
          "2020-11-25": 0.36,
          "2020-11-26": 0.25,
          "2020-11-27": 0.46,
          "2020-11-28": 0.26,
          "2020-11-29": 0.24,
          "2020-11-30": 0.26,
          "2020-12-01": 0.26,
          "2020-12-02": 0.26,
          "2020-12-03": 0.24,
          "2020-12-04": 0.34,
          "2020-12-05": 0.44,
          "2020-12-06": 0.41,
          "2020-12-07": 0.43,
          "2020-12-08": 0.28,
          "2020-12-09": 0.25,
          "2020-12-10": 0.23,
          "2020-12-11": 0.24,
          "2020-12-12": 0.23,
          "2020-12-13": 0.26,
          "2020-12-14": 0.25,
          "2020-12-15": 0.24,
          "2020-12-16": 0.26,
          "2020-12-17": 0.26,
          "2020-12-18": 0.23,
          "2020-12-19": 0.34,
          "2020-12-20": 0.26,
          "2020-12-21": 0.22,
          "2020-12-22": 0.23,
          "2020-12-23": 0.23,
          "2020-12-24": 0.23,
          "2020-12-25": 0.23,
          "2020-12-26": 0.23,
          "2020-12-27": 0.22,
          "2020-12-28": 0.21,
          "2020-12-29": 0.2,
          "2020-12-30": 0.22,
          "2020-12-31": 0.26
        },
        "Reading_(+6hr)": "2.5 m",
        "reading_manual": {
          "2020-01-01": 11,
          "2020-01-02": 11,
          "2020-01-03": 6,
          "2020-01-04": 7,
          "2020-01-05": 2,
          "2020-01-06": 12,
          "2020-01-07": 11,
          "2020-01-08": 13,
          "2020-01-09": 3,
          "2020-01-10": 11,
          "2020-01-11": 19,
          "2020-01-12": 3,
          "2020-01-13": 9,
          "2020-01-14": 19,
          "2020-01-15": 0,
          "2020-01-16": 3,
          "2020-01-17": 5,
          "2020-01-18": 10,
          "2020-01-19": 8,
          "2020-01-20": 18,
          "2020-01-21": 13,
          "2020-01-22": 9,
          "2020-01-23": 8,
          "2020-01-24": 17,
          "2020-01-25": 0,
          "2020-01-26": 13,
          "2020-01-27": 9,
          "2020-01-28": 15,
          "2020-01-29": 2,
          "2020-01-30": 18,
          "2020-01-31": 4,
          "2020-02-01": 16,
          "2020-02-02": 15,
          "2020-02-03": 14,
          "2020-02-04": 12,
          "2020-02-05": 6,
          "2020-02-06": 9,
          "2020-02-07": 5,
          "2020-02-08": 3,
          "2020-02-09": 12,
          "2020-02-10": 16,
          "2020-02-11": 10,
          "2020-02-12": 11,
          "2020-02-13": 18,
          "2020-02-14": 20,
          "2020-02-15": 13,
          "2020-02-16": 20,
          "2020-02-17": 12,
          "2020-02-18": 0,
          "2020-02-19": 8,
          "2020-02-20": 7,
          "2020-02-21": 6,
          "2020-02-22": 8,
          "2020-02-23": 10,
          "2020-02-24": 13,
          "2020-02-25": 20,
          "2020-02-26": 14,
          "2020-02-27": 19,
          "2020-02-28": 20,
          "2020-02-29": 17,
          "2020-03-01": 7,
          "2020-03-02": 13,
          "2020-03-03": 7,
          "2020-03-04": 12,
          "2020-03-05": 13,
          "2020-03-06": 14,
          "2020-03-07": 2,
          "2020-03-08": 6,
          "2020-03-09": 4,
          "2020-03-10": 6,
          "2020-03-11": 0,
          "2020-03-12": 14,
          "2020-03-13": 7,
          "2020-03-14": 19,
          "2020-03-15": 14,
          "2020-03-16": 1,
          "2020-03-17": 7,
          "2020-03-18": 17,
          "2020-03-19": 0,
          "2020-03-20": 0,
          "2020-03-21": 4,
          "2020-03-22": 19,
          "2020-03-23": 17,
          "2020-03-24": 0,
          "2020-03-25": 18,
          "2020-03-26": 18,
          "2020-03-27": 10,
          "2020-03-28": 7,
          "2020-03-29": 0,
          "2020-03-30": 16,
          "2020-03-31": 15,
          "2020-04-01": 2,
          "2020-04-02": 16,
          "2020-04-03": 1,
          "2020-04-04": 4,
          "2020-04-05": 16,
          "2020-04-06": 6,
          "2020-04-07": 8,
          "2020-04-08": 19,
          "2020-04-09": 20,
          "2020-04-10": 18,
          "2020-04-11": 8,
          "2020-04-12": 9,
          "2020-04-13": 8,
          "2020-04-14": 13,
          "2020-04-15": 16,
          "2020-04-16": 1,
          "2020-04-17": 20,
          "2020-04-18": 12,
          "2020-04-19": 16,
          "2020-04-20": 3,
          "2020-04-21": 19,
          "2020-04-22": 5,
          "2020-04-23": 0,
          "2020-04-24": 3,
          "2020-04-25": 16,
          "2020-04-26": 9,
          "2020-04-27": 3,
          "2020-04-28": 20,
          "2020-04-29": 6,
          "2020-04-30": 8,
          "2020-05-01": 17,
          "2020-05-02": 16,
          "2020-05-03": 17,
          "2020-05-04": 15,
          "2020-05-05": 11,
          "2020-05-06": 14,
          "2020-05-07": 2,
          "2020-05-08": 10,
          "2020-05-09": 11,
          "2020-05-10": 20,
          "2020-05-11": 19,
          "2020-05-12": 17,
          "2020-05-13": 10,
          "2020-05-14": 4,
          "2020-05-15": 4,
          "2020-05-16": 17,
          "2020-05-17": 14,
          "2020-05-18": 8,
          "2020-05-19": 11,
          "2020-05-20": 11,
          "2020-05-21": 13,
          "2020-05-22": 0,
          "2020-05-23": 6,
          "2020-05-24": 9,
          "2020-05-25": 9,
          "2020-05-26": 8,
          "2020-05-27": 3,
          "2020-05-28": 18,
          "2020-05-29": 15,
          "2020-05-30": 17,
          "2020-05-31": 7,
          "2020-06-01": 0,
          "2020-06-02": 3,
          "2020-06-03": 2,
          "2020-06-04": 5,
          "2020-06-05": 10,
          "2020-06-06": 7,
          "2020-06-07": 9,
          "2020-06-08": 0,
          "2020-06-09": 5,
          "2020-06-10": 1,
          "2020-06-11": 13,
          "2020-06-12": 2,
          "2020-06-13": 2,
          "2020-06-14": 12,
          "2020-06-15": 1,
          "2020-06-16": 20,
          "2020-06-17": 6,
          "2020-06-18": 5,
          "2020-06-19": 13,
          "2020-06-20": 14,
          "2020-06-21": 8,
          "2020-06-22": 11,
          "2020-06-23": 7,
          "2020-06-24": 9,
          "2020-06-25": 12,
          "2020-06-26": 10,
          "2020-06-27": 9,
          "2020-06-28": 11,
          "2020-06-29": 20,
          "2020-06-30": 19,
          "2020-07-01": 15,
          "2020-07-02": 7,
          "2020-07-03": 15,
          "2020-07-04": 20,
          "2020-07-05": 19,
          "2020-07-06": 8,
          "2020-07-07": 6,
          "2020-07-08": 8,
          "2020-07-09": 1,
          "2020-07-10": 19,
          "2020-07-11": 3,
          "2020-07-12": 18,
          "2020-07-13": 20,
          "2020-07-14": 4,
          "2020-07-15": 11,
          "2020-07-16": 0,
          "2020-07-17": 3,
          "2020-07-18": 19,
          "2020-07-19": 14,
          "2020-07-20": 6,
          "2020-07-21": 1,
          "2020-07-22": 2,
          "2020-07-23": 2,
          "2020-07-24": 19,
          "2020-07-25": 9,
          "2020-07-26": 16,
          "2020-07-27": 3,
          "2020-07-28": 3,
          "2020-07-29": 10,
          "2020-07-30": 13,
          "2020-07-31": 12,
          "2020-08-01": 15,
          "2020-08-02": 0,
          "2020-08-03": 14,
          "2020-08-04": 1,
          "2020-08-05": 7,
          "2020-08-06": 1,
          "2020-08-07": 2,
          "2020-08-08": 2,
          "2020-08-09": 14,
          "2020-08-10": 6,
          "2020-08-11": 1,
          "2020-08-12": 2,
          "2020-08-13": 10,
          "2020-08-14": 10,
          "2020-08-15": 7,
          "2020-08-16": 4,
          "2020-08-17": 12,
          "2020-08-18": 17,
          "2020-08-19": 15,
          "2020-08-20": 19,
          "2020-08-21": 15,
          "2020-08-22": 5,
          "2020-08-23": 4,
          "2020-08-24": 15,
          "2020-08-25": 11,
          "2020-08-26": 0,
          "2020-08-27": 20,
          "2020-08-28": 12,
          "2020-08-29": 6,
          "2020-08-30": 1,
          "2020-08-31": 2,
          "2020-09-01": 8,
          "2020-09-02": 8,
          "2020-09-03": 3,
          "2020-09-04": 20,
          "2020-09-05": 17,
          "2020-09-06": 4,
          "2020-09-07": 20,
          "2020-09-08": 18,
          "2020-09-09": 9,
          "2020-09-10": 9,
          "2020-09-11": 1,
          "2020-09-12": 1,
          "2020-09-13": 18,
          "2020-09-14": 12,
          "2020-09-15": 20,
          "2020-09-16": 15,
          "2020-09-17": 5,
          "2020-09-18": 11,
          "2020-09-19": 12,
          "2020-09-20": 6,
          "2020-09-21": 9,
          "2020-09-22": 20,
          "2020-09-23": 9,
          "2020-09-24": 2,
          "2020-09-25": 19,
          "2020-09-26": 1,
          "2020-09-27": 20,
          "2020-09-28": 7,
          "2020-09-29": 12,
          "2020-09-30": 3,
          "2020-10-01": 20,
          "2020-10-02": 18,
          "2020-10-03": 10,
          "2020-10-04": 12,
          "2020-10-05": 11,
          "2020-10-06": 8,
          "2020-10-07": 3,
          "2020-10-08": 20,
          "2020-10-09": 20,
          "2020-10-10": 16,
          "2020-10-11": 15,
          "2020-10-12": 3,
          "2020-10-13": 14,
          "2020-10-14": 7,
          "2020-10-15": 10,
          "2020-10-16": 5,
          "2020-10-17": 6,
          "2020-10-18": 19,
          "2020-10-19": 2,
          "2020-10-20": 4,
          "2020-10-21": 19,
          "2020-10-22": 19,
          "2020-10-23": 6,
          "2020-10-24": 2,
          "2020-10-25": 20,
          "2020-10-26": 20,
          "2020-10-27": 8,
          "2020-10-28": 13,
          "2020-10-29": 8,
          "2020-10-30": 4,
          "2020-10-31": 12,
          "2020-11-01": 11,
          "2020-11-02": 10,
          "2020-11-03": 3,
          "2020-11-04": 14,
          "2020-11-05": 2,
          "2020-11-06": 20,
          "2020-11-07": 7,
          "2020-11-08": 0,
          "2020-11-09": 9,
          "2020-11-10": 2,
          "2020-11-11": 13,
          "2020-11-12": 10,
          "2020-11-13": 20,
          "2020-11-14": 11,
          "2020-11-15": 13,
          "2020-11-16": 1,
          "2020-11-17": 15,
          "2020-11-18": 17,
          "2020-11-19": 1,
          "2020-11-20": 3,
          "2020-11-21": 3,
          "2020-11-22": 3,
          "2020-11-23": 4,
          "2020-11-24": 6,
          "2020-11-25": 3,
          "2020-11-26": 3,
          "2020-11-27": 18,
          "2020-11-28": 4,
          "2020-11-29": 19,
          "2020-11-30": 9,
          "2020-12-01": 11,
          "2020-12-02": 18,
          "2020-12-03": 20,
          "2020-12-04": 17,
          "2020-12-05": 20,
          "2020-12-06": 6,
          "2020-12-07": 7,
          "2020-12-08": 17,
          "2020-12-09": 13,
          "2020-12-10": 18,
          "2020-12-11": 18,
          "2020-12-12": 4,
          "2020-12-13": 15,
          "2020-12-14": 12,
          "2020-12-15": 4,
          "2020-12-16": 18,
          "2020-12-17": 11,
          "2020-12-18": 5,
          "2020-12-19": 3,
          "2020-12-20": 0,
          "2020-12-21": 18,
          "2020-12-22": 4,
          "2020-12-23": 17,
          "2020-12-24": 10,
          "2020-12-25": 20,
          "2020-12-26": 5,
          "2020-12-27": 19,
          "2020-12-28": 17,
          "2020-12-29": 18,
          "2020-12-30": 11,
          "2020-12-31": 5
        }
      },
      "geometry": {
        "type": "Point",
        "coordinates": [
          106.92105,
          -6.247249999995006
        ]
      }
    },
    {
      "type": "Feature",
      "properties": {
        "AWLR_Name": "PA 1 Malaka Sari",
        "Device_ID": "AWLR-562",
        "Brand": "ICU",
        "Longitude": 106.924373,
        "Latitude": -6.223282,
        "Catchment_Name": "DAS Cakung",
        "Built_Year": "2014",
        "Provinsi": "DKI Jakarta",
        "Kota": "Jakarta Timur",
        "Kecamatan": "Duren Sawit",
        "Kelurahan": "Duren Sawit",
        "Manager": "BBWS Ciliwung Cisadane",
        "River_Region": "WS Ciliwung Cisadane",
        "Station_Condition": "Poor",
        "Device_Condition": "Good",
        "Type": "Telemetri",
        "Elevation": "No Data",
        "Data_Frequency": "15 minutes",
        "Last_Maintenance": "20-08-2020",
        "Data_Completeness": "98%",
        "Reading": {
          "2020-01-01": 1.8,
          "2020-01-02": 1.55,
          "2020-01-03": 1.02,
          "2020-01-04": 0.87,
          "2020-01-05": 0.91,
          "2020-01-06": 0.89,
          "2020-01-07": 0.74,
          "2020-01-08": 0.8,
          "2020-01-09": 1.03,
          "2020-01-10": 0.87,
          "2020-01-11": 0.89,
          "2020-01-12": 0.83,
          "2020-01-13": 0.68,
          "2020-01-14": 0.6,
          "2020-01-15": 0.58,
          "2020-01-16": 0.83,
          "2020-01-17": 0.71,
          "2020-01-18": 1.05,
          "2020-01-19": 0.49,
          "2020-01-20": 0.78,
          "2020-01-21": 0.84,
          "2020-01-22": 0.56,
          "2020-01-23": 0.68,
          "2020-01-24": 0.79,
          "2020-01-25": 0.71,
          "2020-01-26": 1.05,
          "2020-01-27": 0.9,
          "2020-01-28": 0.65,
          "2020-01-29": 0.66,
          "2020-01-30": 0.74,
          "2020-01-31": 0.82,
          "2020-02-01": 1.2,
          "2020-02-02": 1.12,
          "2020-02-03": 0.75,
          "2020-02-04": 0.73,
          "2020-02-05": 0.91,
          "2020-02-06": 1.16,
          "2020-02-07": 0.69,
          "2020-02-08": 0.77,
          "2020-02-09": 0.57,
          "2020-02-10": 0.65,
          "2020-02-11": 0.61,
          "2020-02-12": 0.54,
          "2020-02-13": 0.61,
          "2020-02-14": 0.91,
          "2020-02-15": 0.8,
          "2020-02-16": 1.36,
          "2020-02-17": 0.98,
          "2020-02-18": 0.69,
          "2020-02-19": 0.87,
          "2020-02-20": 1.41,
          "2020-02-21": 1.09,
          "2020-02-22": 1.6,
          "2020-02-23": 1.62,
          "2020-02-24": 1.42,
          "2020-02-25": 1.8,
          "2020-02-26": 1.42,
          "2020-02-27": 1.16,
          "2020-02-28": 1.37,
          "2020-02-29": 1.16,
          "2020-03-01": 1.51,
          "2020-03-02": 1.47,
          "2020-03-03": 1.01,
          "2020-03-04": 0.78,
          "2020-03-05": 0.77,
          "2020-03-06": 0.64,
          "2020-03-07": 0.64,
          "2020-03-08": 0.55,
          "2020-03-09": 0.55,
          "2020-03-10": 0.58,
          "2020-03-11": 0.65,
          "2020-03-12": 0.89,
          "2020-03-13": 0.84,
          "2020-03-14": 0.8,
          "2020-03-15": 0.7,
          "2020-03-16": 1.35,
          "2020-03-17": 1.03,
          "2020-03-18": 0.66,
          "2020-03-19": 0.86,
          "2020-03-20": 1,
          "2020-03-21": 0.84,
          "2020-03-22": 0.7,
          "2020-03-23": 0.61,
          "2020-03-24": 0.62,
          "2020-03-25": 0.65,
          "2020-03-26": 0.59,
          "2020-03-27": 0.6,
          "2020-03-28": 0.54,
          "2020-03-29": 0.66,
          "2020-03-30": 0.77,
          "2020-03-31": 0.81,
          "2020-04-01": 0.6,
          "2020-04-02": 0.72,
          "2020-04-03": 0.63,
          "2020-04-04": 0.68,
          "2020-04-05": 0.73,
          "2020-04-06": 0.61,
          "2020-04-07": 0.59,
          "2020-04-08": 0.67,
          "2020-04-09": 0.73,
          "2020-04-10": 0.61,
          "2020-04-11": 0.67,
          "2020-04-12": 0.75,
          "2020-04-13": 0.74,
          "2020-04-14": 0.86,
          "2020-04-15": 0.57,
          "2020-04-16": 0.74,
          "2020-04-17": 0.65,
          "2020-04-18": 0.59,
          "2020-04-19": 0.57,
          "2020-04-20": 0.53,
          "2020-04-21": 0.51,
          "2020-04-22": 0.49,
          "2020-04-23": 0.55,
          "2020-04-24": 0.78,
          "2020-04-25": 0.54,
          "2020-04-26": 0.79,
          "2020-04-27": 0.96,
          "2020-04-28": 0.9,
          "2020-04-29": 0.8,
          "2020-04-30": 1.09,
          "2020-05-01": 0.72,
          "2020-05-02": 0.66,
          "2020-05-03": 0.55,
          "2020-05-04": 0.51,
          "2020-05-05": 0.49,
          "2020-05-06": 1.22,
          "2020-05-07": 0.86,
          "2020-05-08": 0.67,
          "2020-05-09": 0.52,
          "2020-05-10": 1.2,
          "2020-05-11": 0.72,
          "2020-05-12": 0.65,
          "2020-05-13": 0.53,
          "2020-05-14": 0.46,
          "2020-05-15": 0.41,
          "2020-05-16": 0.4,
          "2020-05-17": 0.4,
          "2020-05-18": 0.48,
          "2020-05-19": 0.51,
          "2020-05-20": 0.49,
          "2020-05-21": 0.57,
          "2020-05-22": 0.42,
          "2020-05-23": 0.43,
          "2020-05-24": 0.46,
          "2020-05-25": 0.43,
          "2020-05-26": 0.44,
          "2020-05-27": 0.38,
          "2020-05-28": 0.37,
          "2020-05-29": 0.63,
          "2020-05-30": 0.58,
          "2020-05-31": 0.59,
          "2020-06-01": 0.59,
          "2020-06-02": 0.64,
          "2020-06-03": 0.61,
          "2020-06-04": 0.5,
          "2020-06-05": 0.71,
          "2020-06-06": 0.64,
          "2020-06-07": 0.48,
          "2020-06-08": 0.45,
          "2020-06-09": 0.57,
          "2020-06-10": 0.41,
          "2020-06-11": 0.67,
          "2020-06-12": 0.59,
          "2020-06-13": 0.43,
          "2020-06-14": 0.4,
          "2020-06-15": 0.36,
          "2020-06-16": 0.37,
          "2020-06-17": 0.36,
          "2020-06-18": 0.36,
          "2020-06-19": 0.36,
          "2020-06-20": 0.34,
          "2020-06-21": 0.34,
          "2020-06-22": 0.46,
          "2020-06-23": 0.37,
          "2020-06-24": 0.47,
          "2020-06-25": 0.37,
          "2020-06-26": 0.35,
          "2020-06-27": 0.34,
          "2020-06-28": 0.34,
          "2020-06-29": 0.32,
          "2020-06-30": 0.31,
          "2020-07-01": 0.29,
          "2020-07-02": 0.32,
          "2020-07-03": 0.34,
          "2020-07-04": 0.31,
          "2020-07-05": 0.31,
          "2020-07-06": 0.33,
          "2020-07-07": 0.34,
          "2020-07-08": 0.32,
          "2020-07-09": 0.33,
          "2020-07-10": 0.3,
          "2020-07-11": 0.29,
          "2020-07-12": 0.28,
          "2020-07-13": 0.28,
          "2020-07-14": 0.28,
          "2020-07-15": 0.34,
          "2020-07-16": 0.28,
          "2020-07-17": 0.27,
          "2020-07-18": 0.28,
          "2020-07-19": 0.3,
          "2020-07-20": 0.34,
          "2020-07-21": 0.39,
          "2020-07-22": 0.28,
          "2020-07-23": 0.26,
          "2020-07-24": 0.26,
          "2020-07-25": 0.25,
          "2020-07-26": 0.23,
          "2020-07-27": 0.23,
          "2020-07-28": 0.22,
          "2020-07-29": 0.22,
          "2020-07-30": 0.22,
          "2020-07-31": 0.22,
          "2020-08-01": 0.22,
          "2020-08-02": 0.22,
          "2020-08-03": 0.22,
          "2020-08-04": 0.22,
          "2020-08-05": 0.26,
          "2020-08-06": 0.23,
          "2020-08-07": 0.23,
          "2020-08-08": 0.29,
          "2020-08-09": 0.38,
          "2020-08-10": 0.26,
          "2020-08-11": 0.61,
          "2020-08-12": 0.4,
          "2020-08-13": 0.89,
          "2020-08-14": 0.5,
          "2020-08-15": 0.35,
          "2020-08-16": 0.29,
          "2020-08-17": 0.27,
          "2020-08-18": 0.28,
          "2020-08-19": 0.39,
          "2020-08-20": 0.31,
          "2020-08-21": 0.26,
          "2020-08-22": 0.26,
          "2020-08-23": 0.25,
          "2020-08-24": 0.24,
          "2020-08-25": 0.24,
          "2020-08-26": 0.24,
          "2020-08-27": 0.24,
          "2020-08-28": 0.24,
          "2020-08-29": 0.24,
          "2020-08-30": 0.24,
          "2020-08-31": 0.24,
          "2020-09-01": 0.25,
          "2020-09-02": 0.27,
          "2020-09-03": 0.27,
          "2020-09-04": 0.28,
          "2020-09-05": 0.89,
          "2020-09-06": 0.59,
          "2020-09-07": 0.35,
          "2020-09-08": 0.24,
          "2020-09-09": 0.23,
          "2020-09-10": 0.24,
          "2020-09-11": 0.26,
          "2020-09-12": 0.27,
          "2020-09-13": 0.27,
          "2020-09-14": 0.41,
          "2020-09-15": 0.37,
          "2020-09-16": 0.42,
          "2020-09-17": 0.39,
          "2020-09-18": 0.3,
          "2020-09-19": 0.61,
          "2020-09-20": 0.81,
          "2020-09-21": 0.44,
          "2020-09-22": 0.38,
          "2020-09-23": 0.44,
          "2020-09-24": 0.42,
          "2020-09-25": 0.37,
          "2020-09-26": 0.45,
          "2020-09-27": 0.46,
          "2020-09-28": 0.59,
          "2020-09-29": 0.51,
          "2020-09-30": 0.91,
          "2020-10-01": 0.72,
          "2020-10-02": 0.43,
          "2020-10-03": 0.46,
          "2020-10-04": 0.68,
          "2020-10-05": 0.43,
          "2020-10-06": 0.47,
          "2020-10-07": 0.61,
          "2020-10-08": 0.8,
          "2020-10-09": 0.62,
          "2020-10-10": 0.51,
          "2020-10-11": 0.58,
          "2020-10-12": 0.45,
          "2020-10-13": 0.62,
          "2020-10-14": 0.98,
          "2020-10-15": 0.71,
          "2020-10-16": 0.75,
          "2020-10-17": 0.45,
          "2020-10-18": 0.52,
          "2020-10-19": 0.57,
          "2020-10-20": 0.47,
          "2020-10-21": 0.54,
          "2020-10-22": 0.72,
          "2020-10-23": 0.59,
          "2020-10-24": 0.5,
          "2020-10-25": 0.53,
          "2020-10-26": 0.96,
          "2020-10-27": 0.74,
          "2020-10-28": 0.68,
          "2020-10-29": 0.69,
          "2020-10-30": 0.53,
          "2020-10-31": 0.49,
          "2020-11-01": 0.95,
          "2020-11-02": 0.52,
          "2020-11-03": 0.4,
          "2020-11-04": 0.65,
          "2020-11-05": 0.5,
          "2020-11-06": 0.35,
          "2020-11-07": 0.34,
          "2020-11-08": 0.5,
          "2020-11-09": 0.55,
          "2020-11-10": 0.56,
          "2020-11-11": 0.6,
          "2020-11-12": 0.44,
          "2020-11-13": 0.4,
          "2020-11-14": 0.46,
          "2020-11-15": 0.35,
          "2020-11-16": 0.37,
          "2020-11-17": 0.38,
          "2020-11-18": 0.34,
          "2020-11-19": 0.32,
          "2020-11-20": 0.3,
          "2020-11-21": 0.58,
          "2020-11-22": 0.54,
          "2020-11-23": 0.35,
          "2020-11-24": 0.58,
          "2020-11-25": 0.7,
          "2020-11-26": 0.42,
          "2020-11-27": 0.64,
          "2020-11-28": 0.54,
          "2020-11-29": 0.45,
          "2020-11-30": 0.4,
          "2020-12-01": 0.38,
          "2020-12-02": 0.46,
          "2020-12-03": 0.5,
          "2020-12-04": 0.63,
          "2020-12-05": 0.97,
          "2020-12-06": 1.02,
          "2020-12-07": 0.8,
          "2020-12-08": 0.63,
          "2020-12-09": 0.63,
          "2020-12-10": 0.55,
          "2020-12-11": 0.39,
          "2020-12-12": 0.4,
          "2020-12-13": 0.78,
          "2020-12-14": 0.42,
          "2020-12-15": 0.36,
          "2020-12-16": 0.37,
          "2020-12-17": 0.68,
          "2020-12-18": 0.39,
          "2020-12-19": 0.62,
          "2020-12-20": 0.47,
          "2020-12-21": 0.43,
          "2020-12-22": 0.37,
          "2020-12-23": 0.33,
          "2020-12-24": 0.35,
          "2020-12-25": 0.33,
          "2020-12-26": 0.46,
          "2020-12-27": 0.45,
          "2020-12-28": 0.47,
          "2020-12-29": 0.44,
          "2020-12-30": 0.44,
          "2020-12-31": 0.45
        },
        "Reading_(+6hr)": "2.5 m",
        "reading_manual": {
          "2020-01-01": 11,
          "2020-01-02": 8,
          "2020-01-03": 12,
          "2020-01-04": 9,
          "2020-01-05": 8,
          "2020-01-06": 6,
          "2020-01-07": 16,
          "2020-01-08": 6,
          "2020-01-09": 8,
          "2020-01-10": 6,
          "2020-01-11": 9,
          "2020-01-12": 6,
          "2020-01-13": 6,
          "2020-01-14": 4,
          "2020-01-15": 14,
          "2020-01-16": 6,
          "2020-01-17": 1,
          "2020-01-18": 17,
          "2020-01-19": 13,
          "2020-01-20": 18,
          "2020-01-21": 6,
          "2020-01-22": 5,
          "2020-01-23": 16,
          "2020-01-24": 20,
          "2020-01-25": 5,
          "2020-01-26": 13,
          "2020-01-27": 8,
          "2020-01-28": 3,
          "2020-01-29": 5,
          "2020-01-30": 18,
          "2020-01-31": 8,
          "2020-02-01": 7,
          "2020-02-02": 17,
          "2020-02-03": 16,
          "2020-02-04": 14,
          "2020-02-05": 11,
          "2020-02-06": 2,
          "2020-02-07": 9,
          "2020-02-08": 0,
          "2020-02-09": 17,
          "2020-02-10": 9,
          "2020-02-11": 13,
          "2020-02-12": 0,
          "2020-02-13": 12,
          "2020-02-14": 0,
          "2020-02-15": 3,
          "2020-02-16": 2,
          "2020-02-17": 3,
          "2020-02-18": 1,
          "2020-02-19": 3,
          "2020-02-20": 4,
          "2020-02-21": 5,
          "2020-02-22": 5,
          "2020-02-23": 9,
          "2020-02-24": 13,
          "2020-02-25": 0,
          "2020-02-26": 19,
          "2020-02-27": 2,
          "2020-02-28": 12,
          "2020-02-29": 18,
          "2020-03-01": 12,
          "2020-03-02": 8,
          "2020-03-03": 4,
          "2020-03-04": 17,
          "2020-03-05": 9,
          "2020-03-06": 0,
          "2020-03-07": 1,
          "2020-03-08": 13,
          "2020-03-09": 9,
          "2020-03-10": 0,
          "2020-03-11": 12,
          "2020-03-12": 19,
          "2020-03-13": 1,
          "2020-03-14": 8,
          "2020-03-15": 20,
          "2020-03-16": 4,
          "2020-03-17": 3,
          "2020-03-18": 14,
          "2020-03-19": 16,
          "2020-03-20": 2,
          "2020-03-21": 16,
          "2020-03-22": 19,
          "2020-03-23": 10,
          "2020-03-24": 16,
          "2020-03-25": 0,
          "2020-03-26": 18,
          "2020-03-27": 11,
          "2020-03-28": 1,
          "2020-03-29": 6,
          "2020-03-30": 4,
          "2020-03-31": 13,
          "2020-04-01": 17,
          "2020-04-02": 5,
          "2020-04-03": 4,
          "2020-04-04": 0,
          "2020-04-05": 6,
          "2020-04-06": 0,
          "2020-04-07": 4,
          "2020-04-08": 15,
          "2020-04-09": 2,
          "2020-04-10": 0,
          "2020-04-11": 11,
          "2020-04-12": 6,
          "2020-04-13": 0,
          "2020-04-14": 0,
          "2020-04-15": 17,
          "2020-04-16": 4,
          "2020-04-17": 4,
          "2020-04-18": 7,
          "2020-04-19": 20,
          "2020-04-20": 15,
          "2020-04-21": 3,
          "2020-04-22": 8,
          "2020-04-23": 19,
          "2020-04-24": 3,
          "2020-04-25": 13,
          "2020-04-26": 14,
          "2020-04-27": 13,
          "2020-04-28": 19,
          "2020-04-29": 20,
          "2020-04-30": 9,
          "2020-05-01": 18,
          "2020-05-02": 0,
          "2020-05-03": 1,
          "2020-05-04": 5,
          "2020-05-05": 19,
          "2020-05-06": 12,
          "2020-05-07": 18,
          "2020-05-08": 12,
          "2020-05-09": 6,
          "2020-05-10": 3,
          "2020-05-11": 18,
          "2020-05-12": 17,
          "2020-05-13": 17,
          "2020-05-14": 12,
          "2020-05-15": 3,
          "2020-05-16": 10,
          "2020-05-17": 0,
          "2020-05-18": 11,
          "2020-05-19": 2,
          "2020-05-20": 18,
          "2020-05-21": 13,
          "2020-05-22": 2,
          "2020-05-23": 5,
          "2020-05-24": 1,
          "2020-05-25": 2,
          "2020-05-26": 18,
          "2020-05-27": 16,
          "2020-05-28": 0,
          "2020-05-29": 15,
          "2020-05-30": 6,
          "2020-05-31": 6,
          "2020-06-01": 2,
          "2020-06-02": 17,
          "2020-06-03": 20,
          "2020-06-04": 15,
          "2020-06-05": 8,
          "2020-06-06": 6,
          "2020-06-07": 10,
          "2020-06-08": 13,
          "2020-06-09": 5,
          "2020-06-10": 5,
          "2020-06-11": 19,
          "2020-06-12": 6,
          "2020-06-13": 13,
          "2020-06-14": 12,
          "2020-06-15": 11,
          "2020-06-16": 2,
          "2020-06-17": 8,
          "2020-06-18": 6,
          "2020-06-19": 15,
          "2020-06-20": 1,
          "2020-06-21": 1,
          "2020-06-22": 16,
          "2020-06-23": 19,
          "2020-06-24": 8,
          "2020-06-25": 7,
          "2020-06-26": 16,
          "2020-06-27": 3,
          "2020-06-28": 20,
          "2020-06-29": 11,
          "2020-06-30": 14,
          "2020-07-01": 6,
          "2020-07-02": 7,
          "2020-07-03": 16,
          "2020-07-04": 7,
          "2020-07-05": 9,
          "2020-07-06": 13,
          "2020-07-07": 5,
          "2020-07-08": 17,
          "2020-07-09": 8,
          "2020-07-10": 20,
          "2020-07-11": 4,
          "2020-07-12": 12,
          "2020-07-13": 5,
          "2020-07-14": 13,
          "2020-07-15": 14,
          "2020-07-16": 5,
          "2020-07-17": 0,
          "2020-07-18": 17,
          "2020-07-19": 17,
          "2020-07-20": 8,
          "2020-07-21": 2,
          "2020-07-22": 6,
          "2020-07-23": 18,
          "2020-07-24": 4,
          "2020-07-25": 1,
          "2020-07-26": 9,
          "2020-07-27": 9,
          "2020-07-28": 18,
          "2020-07-29": 2,
          "2020-07-30": 20,
          "2020-07-31": 2,
          "2020-08-01": 13,
          "2020-08-02": 13,
          "2020-08-03": 7,
          "2020-08-04": 11,
          "2020-08-05": 2,
          "2020-08-06": 4,
          "2020-08-07": 12,
          "2020-08-08": 0,
          "2020-08-09": 7,
          "2020-08-10": 17,
          "2020-08-11": 18,
          "2020-08-12": 19,
          "2020-08-13": 14,
          "2020-08-14": 2,
          "2020-08-15": 1,
          "2020-08-16": 5,
          "2020-08-17": 17,
          "2020-08-18": 19,
          "2020-08-19": 3,
          "2020-08-20": 20,
          "2020-08-21": 20,
          "2020-08-22": 10,
          "2020-08-23": 18,
          "2020-08-24": 1,
          "2020-08-25": 11,
          "2020-08-26": 14,
          "2020-08-27": 9,
          "2020-08-28": 17,
          "2020-08-29": 10,
          "2020-08-30": 6,
          "2020-08-31": 15,
          "2020-09-01": 5,
          "2020-09-02": 10,
          "2020-09-03": 8,
          "2020-09-04": 9,
          "2020-09-05": 12,
          "2020-09-06": 0,
          "2020-09-07": 15,
          "2020-09-08": 11,
          "2020-09-09": 13,
          "2020-09-10": 8,
          "2020-09-11": 19,
          "2020-09-12": 9,
          "2020-09-13": 3,
          "2020-09-14": 10,
          "2020-09-15": 3,
          "2020-09-16": 11,
          "2020-09-17": 19,
          "2020-09-18": 18,
          "2020-09-19": 0,
          "2020-09-20": 9,
          "2020-09-21": 12,
          "2020-09-22": 6,
          "2020-09-23": 12,
          "2020-09-24": 6,
          "2020-09-25": 20,
          "2020-09-26": 11,
          "2020-09-27": 5,
          "2020-09-28": 15,
          "2020-09-29": 15,
          "2020-09-30": 10,
          "2020-10-01": 9,
          "2020-10-02": 8,
          "2020-10-03": 17,
          "2020-10-04": 6,
          "2020-10-05": 5,
          "2020-10-06": 5,
          "2020-10-07": 11,
          "2020-10-08": 18,
          "2020-10-09": 16,
          "2020-10-10": 12,
          "2020-10-11": 13,
          "2020-10-12": 2,
          "2020-10-13": 13,
          "2020-10-14": 20,
          "2020-10-15": 7,
          "2020-10-16": 14,
          "2020-10-17": 3,
          "2020-10-18": 14,
          "2020-10-19": 7,
          "2020-10-20": 8,
          "2020-10-21": 13,
          "2020-10-22": 10,
          "2020-10-23": 6,
          "2020-10-24": 19,
          "2020-10-25": 7,
          "2020-10-26": 8,
          "2020-10-27": 5,
          "2020-10-28": 6,
          "2020-10-29": 12,
          "2020-10-30": 4,
          "2020-10-31": 10,
          "2020-11-01": 14,
          "2020-11-02": 19,
          "2020-11-03": 16,
          "2020-11-04": 9,
          "2020-11-05": 10,
          "2020-11-06": 20,
          "2020-11-07": 2,
          "2020-11-08": 4,
          "2020-11-09": 11,
          "2020-11-10": 16,
          "2020-11-11": 9,
          "2020-11-12": 20,
          "2020-11-13": 6,
          "2020-11-14": 5,
          "2020-11-15": 14,
          "2020-11-16": 5,
          "2020-11-17": 11,
          "2020-11-18": 15,
          "2020-11-19": 20,
          "2020-11-20": 17,
          "2020-11-21": 11,
          "2020-11-22": 12,
          "2020-11-23": 12,
          "2020-11-24": 11,
          "2020-11-25": 14,
          "2020-11-26": 3,
          "2020-11-27": 1,
          "2020-11-28": 14,
          "2020-11-29": 7,
          "2020-11-30": 8,
          "2020-12-01": 9,
          "2020-12-02": 8,
          "2020-12-03": 12,
          "2020-12-04": 9,
          "2020-12-05": 15,
          "2020-12-06": 3,
          "2020-12-07": 9,
          "2020-12-08": 5,
          "2020-12-09": 17,
          "2020-12-10": 2,
          "2020-12-11": 11,
          "2020-12-12": 15,
          "2020-12-13": 14,
          "2020-12-14": 18,
          "2020-12-15": 14,
          "2020-12-16": 20,
          "2020-12-17": 19,
          "2020-12-18": 11,
          "2020-12-19": 16,
          "2020-12-20": 12,
          "2020-12-21": 7,
          "2020-12-22": 15,
          "2020-12-23": 11,
          "2020-12-24": 7,
          "2020-12-25": 3,
          "2020-12-26": 12,
          "2020-12-27": 8,
          "2020-12-28": 9,
          "2020-12-29": 15,
          "2020-12-30": 2,
          "2020-12-31": 4
        }
      },
      "geometry": {
        "type": "Point",
        "coordinates": [
          106.92437285100016,
          -6.223282260769963
        ]
      }
    }
  ]
}