{
"type": "FeatureCollection",
"name": "Batas Sungai - DKI Jakarta",
"crs": { "type": "name", "properties": { "name": "urn:ogc:def:crs:OGC:1.3:CRS84" } },
"features": [
{ "type": "Feature", "properties": { "full_id": "w18081514", "osm_id": "18081514", "osm_type": "way", "waterway": "river", "admin_leve": null, "ele": null, "name_ja": null, "boundary": null, "salt": null, "fishing": null, "name_id": null, "man_made": null, "addr_city": null, "embankment": null, "width": null, "tidal": null, "intermitte": null, "tunnel": null, "wikidata": null, "name_nl": null, "wikipedia": null, "boat": null, "name_en": "West Flood Canal", "name": "Banjir Kanal Barat", "layer": "-1", "alt_name": "Banjir Kanal Barat", "path": null }, "geometry": { "type": "MultiLineString", "coordinates": [ [ [ 106.8480224, -6.2081158 ], [ 106.847865, -6.2082178 ], [ 106.8474825, -6.2084639 ], [ 106.8472905, -6.208542 ], [ 106.8471304, -6.2085877 ], [ 106.8469707, -6.2086171 ], [ 106.8467148, -6.2086236 ], [ 106.8465088, -6.2086069 ], [ 106.8461933, -6.2085486 ], [ 106.845442, -6.2083031 ], [ 106.8452062, -6.2082059 ], [ 106.8448841, -6.2080794 ], [ 106.8413661, -6.206829 ], [ 106.840429, -6.2064732 ], [ 106.8389343, -6.2059983 ], [ 106.8371979, -6.2053425 ], [ 106.8341893, -6.2049069 ], [ 106.8294586, -6.2041638 ], [ 106.8276321, -6.2037409 ], [ 106.8274372, -6.2037146 ], [ 106.8263258, -6.2034385 ], [ 106.8232278, -6.2027396 ], [ 106.8229854, -6.2026834 ], [ 106.8225962, -6.2025953 ], [ 106.8177057, -6.2015023 ], [ 106.8155297, -6.2009835 ], [ 106.8147387, -6.200811 ], [ 106.8138843, -6.2006148 ], [ 106.8128197, -6.2003762 ], [ 106.8121485, -6.2000637 ], [ 106.8117027, -6.1997736 ], [ 106.8111966, -6.1993354 ], [ 106.8101393, -6.1983082 ], [ 106.8099747, -6.198131 ], [ 106.8098396, -6.1979856 ], [ 106.8097796, -6.1974844 ], [ 106.8097038, -6.1969616 ], [ 106.8095069, -6.1959644 ], [ 106.8093782, -6.1925683 ], [ 106.8097644, -6.1908787 ], [ 106.8104339, -6.1894537 ], [ 106.8107086, -6.1885578 ], [ 106.8106485, -6.1871071 ], [ 106.8103052, -6.1842059 ], [ 106.809985, -6.1804103 ], [ 106.8098037, -6.179738 ], [ 106.8088252, -6.1782873 ], [ 106.807336, -6.1760489 ], [ 106.8065384, -6.1748863 ], [ 106.8059231, -6.1740364 ], [ 106.8054225, -6.1733355 ], [ 106.8049114, -6.1726725 ], [ 106.8037612, -6.1709284 ], [ 106.8035552, -6.1706159 ], [ 106.8012464, -6.1673135 ], [ 106.8005255, -6.1662103 ], [ 106.8003538, -6.165927 ], [ 106.8003055, -6.1658396 ], [ 106.8000105, -6.1653196 ], [ 106.7995679, -6.1645561 ], [ 106.798981, -6.1632068 ], [ 106.7983882, -6.1618692 ], [ 106.7980106, -6.1609049 ], [ 106.7960279, -6.1562883 ], [ 106.7957447, -6.1556397 ], [ 106.7952125, -6.154189 ], [ 106.7947063, -6.1529703 ], [ 106.794337, -6.1520812 ], [ 106.7934272, -6.1505366 ], [ 106.7906721, -6.1452372 ], [ 106.7884748, -6.1411836 ], [ 106.7870295, -6.1384911 ], [ 106.786844, -6.1381456 ], [ 106.7866031, -6.1376944 ], [ 106.7856695, -6.1360753 ], [ 106.7847961, -6.1351208 ], [ 106.7842133, -6.1344528 ], [ 106.782072, -6.1322324 ], [ 106.7802787, -6.1302338 ], [ 106.7771575, -6.1269894 ], [ 106.7764457, -6.1262092 ], [ 106.7757188, -6.1252981 ], [ 106.7749643, -6.1243737 ], [ 106.7744637, -6.1236851 ], [ 106.7739406, -6.1224583 ], [ 106.7737489, -6.1222119 ], [ 106.77365, -6.122084 ], [ 106.7735227, -6.1218362 ], [ 106.7731603, -6.1211305 ], [ 106.7731329, -6.1207198 ], [ 106.7732835, -6.1205144 ], [ 106.7733396, -6.1202795 ], [ 106.7734886, -6.1201591 ], [ 106.7739245, -6.1199426 ], [ 106.7743754, -6.1196024 ], [ 106.7745968, -6.1192714 ], [ 106.7747695, -6.1190159 ], [ 106.7748294, -6.1186612 ], [ 106.7748167, -6.1185021 ], [ 106.7746387, -6.1180504 ], [ 106.7741048, -6.117229 ], [ 106.7739132, -6.1169963 ], [ 106.7735793, -6.1165548 ], [ 106.7730918, -6.1162571 ], [ 106.7724348, -6.1159696 ], [ 106.7720104, -6.1158601 ], [ 106.7713807, -6.1157369 ], [ 106.7706825, -6.1156 ], [ 106.7699844, -6.1155179 ], [ 106.7697291, -6.115381 ], [ 106.7695325, -6.1151381 ], [ 106.7693924, -6.1148507 ], [ 106.7693618, -6.1146026 ], [ 106.7694204, -6.114269 ], [ 106.7695396, -6.1140167 ], [ 106.7701577, -6.1127627 ], [ 106.7702106, -6.1124351 ], [ 106.7701938, -6.1122329 ], [ 106.770062, -6.1119467 ], [ 106.7693683, -6.1110337 ], [ 106.7690474, -6.1105895 ], [ 106.7688208, -6.1100353 ], [ 106.7685961, -6.1096222 ], [ 106.7683554, -6.1093574 ], [ 106.7680741, -6.1091673 ], [ 106.7676955, -6.1088987 ], [ 106.7674351, -6.1085925 ], [ 106.7673339, -6.1081793 ], [ 106.7673585, -6.1075536 ], [ 106.7675926, -6.106994 ], [ 106.7676998, -6.1065892 ], [ 106.7677374, -6.105963 ], [ 106.767666, -6.1047834 ], [ 106.7674695, -6.1037415 ], [ 106.7668264, -6.1015095 ], [ 106.7667139, -6.1002256 ] ] ] } },
{ "type": "Feature", "properties": { "full_id": "w1323812275", "osm_id": "1323812275", "osm_type": "way", "waterway": "river", "admin_leve": null, "ele": null, "name_ja": null, "boundary": null, "salt": null, "fishing": null, "name_id": null, "man_made": null, "addr_city": null, "embankment": null, "width": "6", "tidal": null, "intermitte": null, "tunnel": null, "wikidata": null, "name_nl": null, "wikipedia": null, "boat": null, "name_en": "East Flood Canal", "name": "Banjir Kanal Timur", "layer": null, "alt_name": "Banjir Kanal Timur", "path": null }, "geometry": { "type": "MultiLineString", "coordinates": [ [ [ 106.8783497, -6.2291318 ], [ 106.8785608, -6.2289972 ] ], [ [ 106.8789614, -6.2288286 ], [ 106.8793285, -6.2285949 ], [ 106.8797636, -6.2284452 ], [ 106.8803631, -6.2283451 ], [ 106.8812227, -6.2283172 ], [ 106.8827248, -6.2283599 ], [ 106.8832925, -6.2284133 ], [ 106.8835693, -6.228485 ], [ 106.8843287, -6.2286746 ], [ 106.8854606, -6.2289732 ], [ 106.8874133, -6.2294265 ], [ 106.8896181, -6.229757 ], [ 106.8900457, -6.2297892 ], [ 106.8937326, -6.2300664 ], [ 106.8965864, -6.230173 ], [ 106.8984942, -6.2301851 ], [ 106.9012642, -6.2300451 ], [ 106.905663, -6.2301304 ], [ 106.9092679, -6.230237 ], [ 106.9107485, -6.2302797 ], [ 106.9123967, -6.2300518 ], [ 106.9190068, -6.2284514 ], [ 106.9196185, -6.2283626 ], [ 106.9205144, -6.2283126 ], [ 106.923709, -6.2282184 ], [ 106.9263283, -6.2284842 ], [ 106.9272529, -6.2285904 ], [ 106.9280943, -6.2285786 ], [ 106.9386059, -6.2275867 ], [ 106.9393918, -6.227416 ], [ 106.9400168, -6.2270374 ], [ 106.9409892, -6.2265985 ], [ 106.9425481, -6.225362 ], [ 106.9458364, -6.2224993 ], [ 106.9469395, -6.2215366 ], [ 106.9475188, -6.2209508 ], [ 106.9485542, -6.2193582 ], [ 106.9504178, -6.2165373 ], [ 106.9508947, -6.2159512 ], [ 106.9513574, -6.2155642 ], [ 106.9519416, -6.2152485 ], [ 106.9524669, -6.2149491 ], [ 106.9526584, -6.2148528 ], [ 106.9556129, -6.2131805 ], [ 106.9558594, -6.213057 ], [ 106.9580224, -6.2118922 ], [ 106.9587064, -6.2113801 ], [ 106.9606161, -6.2099083 ], [ 106.961174, -6.2092043 ], [ 106.9619256, -6.207991 ], [ 106.9627288, -6.2065332 ], [ 106.9638337, -6.2045326 ], [ 106.9653103, -6.2015916 ], [ 106.9655408, -6.2010981 ], [ 106.9658256, -6.2006299 ], [ 106.9672925, -6.1983251 ], [ 106.9675828, -6.197734 ], [ 106.9683968, -6.1963336 ], [ 106.9686799, -6.1956862 ], [ 106.9688977, -6.1949971 ], [ 106.9690265, -6.1935252 ], [ 106.9691277, -6.1916316 ], [ 106.96921, -6.1912733 ] ], [ [ 106.9693777, -6.19085 ], [ 106.9704615, -6.1888026 ], [ 106.9716194, -6.1872659 ], [ 106.9719953, -6.1865847 ], [ 106.9720948, -6.1857602 ], [ 106.9722155, -6.1812046 ], [ 106.9723962, -6.177347 ], [ 106.972052, -6.1736643 ], [ 106.9715585, -6.1707844 ], [ 106.9713654, -6.169419 ], [ 106.9710864, -6.1689497 ], [ 106.9708289, -6.1661337 ], [ 106.9712151, -6.1631896 ], [ 106.9711937, -6.1613123 ], [ 106.9709147, -6.1580482 ], [ 106.9707216, -6.1545494 ], [ 106.970786, -6.1526507 ], [ 106.9705929, -6.1456957 ], [ 106.9701208, -6.1413649 ], [ 106.9696487, -6.138826 ], [ 106.9693269, -6.1348364 ], [ 106.9691981, -6.1328096 ], [ 106.9696487, -6.1266225 ], [ 106.9696058, -6.1225261 ], [ 106.9695844, -6.1188138 ], [ 106.9695844, -6.114632 ], [ 106.9695846, -6.1102982 ], [ 106.9694985, -6.1076979 ], [ 106.9694764, -6.1073619 ], [ 106.9690694, -6.1011691 ], [ 106.96902, -6.0995263 ], [ 106.9687288, -6.0978273 ], [ 106.9691133, -6.0915801 ] ] ] } },
{ "type": "Feature", "properties": { "full_id": "w28761279", "osm_id": "28761279", "osm_type": "way", "waterway": "river", "admin_leve": null, "ele": null, "name_ja": null, "boundary": null, "salt": null, "fishing": null, "name_id": null, "man_made": null, "addr_city": null, "embankment": null, "width": null, "tidal": null, "intermitte": null, "tunnel": null, "wikidata": null, "name_nl": null, "wikipedia": null, "boat": null, "name_en": null, "name": "Sungai Angke", "layer": null, "alt_name": null, "path": null }, "geometry": { "type": "MultiLineString", "coordinates": [ [ [ 106.6965365, -6.213002 ], [ 106.6967404, -6.212746 ], [ 106.6966653, -6.2124793 ], [ 106.696397, -6.212266 ], [ 106.696558, -6.2119673 ], [ 106.6969549, -6.2118287 ], [ 106.6971159, -6.2116047 ], [ 106.6969979, -6.2114234 ], [ 106.6966974, -6.2115088 ], [ 106.6963327, -6.2115088 ], [ 106.6963863, -6.2111141 ], [ 106.6961395, -6.2109754 ], [ 106.6957426, -6.2108901 ], [ 106.6957104, -6.2106981 ], [ 106.6958499, -6.2104742 ], [ 106.695764, -6.2102609 ], [ 106.6954958, -6.2099942 ], [ 106.6954744, -6.2092156 ], [ 106.6953134, -6.2089809 ], [ 106.6949594, -6.2088742 ], [ 106.6949272, -6.208725 ], [ 106.6951739, -6.2084049 ], [ 106.695013, -6.207765 ], [ 106.6949057, -6.2073491 ], [ 106.6950237, -6.2070611 ], [ 106.6949808, -6.2068051 ], [ 106.6943907, -6.2070291 ], [ 106.6940045, -6.2071464 ], [ 106.6940796, -6.2067731 ], [ 106.6941011, -6.2065171 ], [ 106.6934251, -6.2063785 ], [ 106.6930711, -6.2061651 ], [ 106.6931253, -6.2057815 ], [ 106.6934595, -6.2054881 ], [ 106.6939085, -6.2054615 ], [ 106.6943269, -6.2056001 ], [ 106.6946595, -6.2056001 ], [ 106.6946059, -6.2048002 ], [ 106.6941982, -6.2046615 ], [ 106.694284, -6.2043309 ], [ 106.6944449, -6.2041282 ], [ 106.6942105, -6.2037603 ], [ 106.69435, -6.2034723 ], [ 106.6946461, -6.2033602 ], [ 106.6947078, -6.2030696 ], [ 106.6946182, -6.202747 ], [ 106.6945565, -6.2022004 ], [ 106.6946059, -6.201643 ], [ 106.6948741, -6.2013231 ], [ 106.6958182, -6.2012911 ], [ 106.6963117, -6.2012377 ], [ 106.6965049, -6.2009178 ], [ 106.6969662, -6.2007791 ], [ 106.6972425, -6.2003724 ], [ 106.6976314, -6.2002671 ], [ 106.6982966, -6.2006191 ], [ 106.6981571, -6.2010457 ], [ 106.6981357, -6.2013657 ], [ 106.6982644, -6.2018457 ], [ 106.6984682, -6.201995 ], [ 106.6988652, -6.201835 ], [ 106.698994, -6.2014831 ], [ 106.6989403, -6.2012377 ], [ 106.6991656, -6.2009817 ], [ 106.6993802, -6.2007258 ], [ 106.6997342, -6.2004911 ], [ 106.6996822, -6.2001978 ], [ 106.6999376, -6.2000402 ], [ 106.700099, -6.1998511 ], [ 106.7001972, -6.1995632 ], [ 106.7006618, -6.1993469 ], [ 106.7007551, -6.1992058 ], [ 106.700798, -6.1989445 ], [ 106.7010003, -6.1988698 ], [ 106.7011934, -6.1989659 ], [ 106.7013324, -6.1989576 ], [ 106.7014933, -6.1988776 ], [ 106.7016167, -6.1987016 ], [ 106.7019224, -6.1985309 ], [ 106.7020757, -6.1984138 ], [ 106.7021078, -6.1983128 ], [ 106.7020979, -6.1981644 ], [ 106.7020029, -6.1981043 ], [ 106.7019291, -6.19807 ], [ 106.7018314, -6.1980814 ], [ 106.7014772, -6.1982056 ], [ 106.7012197, -6.1981896 ], [ 106.7010695, -6.1981203 ], [ 106.7010095, -6.1978826 ], [ 106.7007584, -6.1978483 ], [ 106.7003882, -6.1979603 ], [ 106.7003346, -6.1978856 ], [ 106.7003989, -6.1976616 ], [ 106.7003829, -6.1975283 ], [ 106.700297, -6.1973896 ], [ 106.7002809, -6.197219 ], [ 106.7003024, -6.1969577 ], [ 106.7002273, -6.1968137 ], [ 106.7002058, -6.196611 ], [ 106.7002541, -6.1964297 ], [ 106.7003614, -6.1962697 ], [ 106.7003185, -6.196163 ], [ 106.7001844, -6.1960084 ], [ 106.7001093, -6.1958484 ], [ 106.7001146, -6.1956351 ], [ 106.7001897, -6.1955284 ], [ 106.7003936, -6.1955551 ], [ 106.7006403, -6.1956671 ], [ 106.7009032, -6.1956724 ], [ 106.7011661, -6.1956191 ], [ 106.7013163, -6.1956724 ], [ 106.7014718, -6.1958377 ], [ 106.7016542, -6.1958644 ], [ 106.7022389, -6.1957204 ], [ 106.7023355, -6.1958004 ], [ 106.7023677, -6.1960297 ], [ 106.7024213, -6.196147 ], [ 106.7025876, -6.196227 ], [ 106.7027539, -6.1962644 ], [ 106.7029095, -6.1962004 ], [ 106.702931, -6.196019 ], [ 106.702888, -6.1958644 ], [ 106.702888, -6.1956831 ], [ 106.7029417, -6.1955871 ], [ 106.7032743, -6.1954857 ], [ 106.7033494, -6.1954004 ], [ 106.7033655, -6.1951284 ], [ 106.7034996, -6.1950591 ], [ 106.7036498, -6.1950538 ], [ 106.7042667, -6.1953204 ], [ 106.7043525, -6.1954377 ], [ 106.7043686, -6.1958111 ], [ 106.704669, -6.1962004 ], [ 106.7049158, -6.196243 ], [ 106.7050633, -6.1961684 ], [ 106.7052698, -6.195971 ], [ 106.705589, -6.1959017 ], [ 106.7058224, -6.1958031 ], [ 106.7059318, -6.1958567 ], [ 106.7060471, -6.196014 ], [ 106.7061866, -6.1960726 ], [ 106.7063056, -6.196022 ], [ 106.7063663, -6.1956007 ], [ 106.7065282, -6.1955714 ], [ 106.7067482, -6.1957207 ], [ 106.7069681, -6.1958247 ], [ 106.7071667, -6.1957714 ], [ 106.7073866, -6.1954487 ], [ 106.7076028, -6.1954621 ], [ 106.7077004, -6.1956061 ], [ 106.7077138, -6.1958087 ], [ 106.7074859, -6.1961154 ], [ 106.7073785, -6.196406 ], [ 106.707421, -6.1966323 ], [ 106.7076709, -6.1968886 ], [ 106.7080169, -6.196934 ], [ 106.7082744, -6.196822 ], [ 106.7085287, -6.1966377 ], [ 106.7087143, -6.1966353 ], [ 106.7088833, -6.196814 ], [ 106.7089315, -6.1970753 ], [ 106.7090361, -6.1972593 ], [ 106.7092507, -6.1973233 ], [ 106.7096118, -6.197166 ], [ 106.7097872, -6.1971579 ], [ 106.7099535, -6.197334 ], [ 106.7101305, -6.1974299 ], [ 106.7102592, -6.1973926 ], [ 106.7105237, -6.197206 ], [ 106.7105865, -6.1970673 ], [ 106.7106026, -6.1965713 ], [ 106.7111068, -6.1959154 ], [ 106.7112855, -6.1957607 ], [ 106.7114823, -6.195798 ], [ 106.7117613, -6.195926 ], [ 106.7120617, -6.1959793 ], [ 106.7124694, -6.195606 ], [ 106.7129522, -6.1947101 ], [ 106.7131346, -6.1940061 ], [ 106.7129951, -6.1936221 ], [ 106.7126641, -6.1934888 ], [ 106.7126196, -6.1930355 ], [ 106.7131346, -6.1928435 ], [ 106.7132311, -6.1925662 ], [ 106.7128771, -6.1922248 ], [ 106.7130273, -6.1919795 ], [ 106.7132435, -6.1919102 ], [ 106.7135546, -6.1916649 ], [ 106.7137584, -6.1912809 ], [ 106.7139178, -6.1910942 ], [ 106.7142949, -6.1912382 ], [ 106.7144215, -6.1914566 ], [ 106.7146253, -6.1915739 ], [ 106.7148721, -6.1916058 ], [ 106.7149472, -6.1913925 ], [ 106.7150008, -6.1910086 ], [ 106.7149108, -6.1904318 ], [ 106.7148921, -6.1899972 ], [ 106.7149644, -6.189884 ], [ 106.7150671, -6.1898675 ], [ 106.7152583, -6.1899174 ], [ 106.7154729, -6.1900806 ], [ 106.7156429, -6.1901573 ], [ 106.71584, -6.190184 ], [ 106.7159597, -6.1901599 ], [ 106.7161257, -6.1900697 ], [ 106.7162454, -6.189974 ], [ 106.7162668, -6.1898353 ], [ 106.7165765, -6.1897796 ], [ 106.7167496, -6.1897428 ], [ 106.7168303, -6.1896271 ], [ 106.7168504, -6.1895306 ], [ 106.7167671, -6.1893493 ], [ 106.7168254, -6.1892031 ], [ 106.717102, -6.189046 ], [ 106.7172507, -6.1889778 ], [ 106.7174189, -6.1886379 ], [ 106.7174899, -6.1883527 ], [ 106.7177367, -6.1881393 ], [ 106.7178333, -6.1879793 ], [ 106.7180477, -6.1877659 ], [ 106.7182088, -6.1877234 ], [ 106.7186594, -6.1878513 ], [ 106.7190295, -6.1877604 ], [ 106.719228, -6.1876913 ], [ 106.7196893, -6.1873607 ], [ 106.7200648, -6.1872114 ], [ 106.7203253, -6.1870981 ], [ 106.7205906, -6.187066 ], [ 106.7208842, -6.1868967 ], [ 106.7210317, -6.1868553 ], [ 106.7211822, -6.1869487 ], [ 106.7213094, -6.1870832 ], [ 106.7214972, -6.1870048 ], [ 106.721701, -6.1868059 ], [ 106.7221489, -6.1865393 ], [ 106.7223715, -6.1863794 ], [ 106.7227041, -6.1856326 ], [ 106.7229402, -6.1855685 ], [ 106.723305, -6.1855685 ], [ 106.7236697, -6.1856326 ], [ 106.7240426, -6.1857099 ], [ 106.7242143, -6.1856271 ], [ 106.7243358, -6.1854401 ], [ 106.7243765, -6.1852525 ], [ 106.7243161, -6.1850646 ], [ 106.7241994, -6.1850275 ], [ 106.7238696, -6.1849608 ], [ 106.7234765, -6.1847687 ], [ 106.7231977, -6.1846621 ], [ 106.7230582, -6.1844594 ], [ 106.7229831, -6.1842461 ], [ 106.7230904, -6.1841501 ], [ 106.7232299, -6.1839475 ], [ 106.7233371, -6.1837448 ], [ 106.7234122, -6.1836808 ], [ 106.7235732, -6.1836488 ], [ 106.723659, -6.1837128 ], [ 106.7237663, -6.1838408 ], [ 106.7238521, -6.1839901 ], [ 106.7240131, -6.1839688 ], [ 106.7243027, -6.1838301 ], [ 106.7244315, -6.1836382 ], [ 106.7244315, -6.1834782 ], [ 106.7243778, -6.1832328 ], [ 106.7242062, -6.1829981 ], [ 106.7241311, -6.1828168 ], [ 106.7240399, -6.1825421 ], [ 106.7243832, -6.1814488 ], [ 106.7246997, -6.1808328 ], [ 106.7253193, -6.1798676 ], [ 106.7254293, -6.1796755 ], [ 106.7255258, -6.1794995 ], [ 106.7255258, -6.1793715 ], [ 106.7257113, -6.1792014 ], [ 106.7257994, -6.1789849 ], [ 106.7259496, -6.1786676 ], [ 106.726073, -6.1784943 ], [ 106.7262929, -6.1783449 ], [ 106.7266179, -6.1782201 ], [ 106.7266953, -6.1779849 ], [ 106.7266416, -6.1777396 ], [ 106.7266738, -6.1774622 ], [ 106.7268777, -6.1773129 ], [ 106.7271888, -6.1774303 ], [ 106.7274785, -6.1774409 ], [ 106.7276421, -6.1773635 ], [ 106.7277494, -6.1772303 ], [ 106.7277789, -6.1770676 ], [ 106.727736, -6.1768223 ], [ 106.7277789, -6.1766302 ], [ 106.7280284, -6.1763796 ], [ 106.7284441, -6.1760863 ], [ 106.7288518, -6.1758836 ], [ 106.7290369, -6.1757956 ], [ 106.7292487, -6.1758516 ], [ 106.7294526, -6.1759262 ], [ 106.7295544, -6.1759263 ], [ 106.7296457, -6.1758089 ], [ 106.7296618, -6.1757343 ], [ 106.7297832, -6.1756297 ], [ 106.7299132, -6.1755715 ], [ 106.7300373, -6.175565 ], [ 106.7303095, -6.1757703 ], [ 106.7304852, -6.1758743 ], [ 106.7307186, -6.1760863 ], [ 106.7309398, -6.176113 ], [ 106.7310606, -6.1759663 ], [ 106.7310941, -6.1758516 ], [ 106.7310083, -6.1755849 ], [ 106.7308608, -6.175169 ], [ 106.7308876, -6.1750062 ], [ 106.7309788, -6.1749183 ], [ 106.7311773, -6.1748356 ], [ 106.7314669, -6.1747156 ], [ 106.7318559, -6.174477 ], [ 106.7319685, -6.1743384 ], [ 106.7320047, -6.1742356 ], [ 106.7319859, -6.174121 ], [ 106.7319014, -6.1740836 ], [ 106.7317753, -6.1740303 ], [ 106.7317057, -6.1739476 ], [ 106.7316761, -6.1738676 ], [ 106.7317083, -6.1737729 ], [ 106.7317807, -6.1737063 ], [ 106.731876, -6.1735957 ], [ 106.7319095, -6.1734983 ], [ 106.7319337, -6.1730157 ], [ 106.7319564, -6.1729423 ], [ 106.7321308, -6.1727357 ], [ 106.7321952, -6.1726957 ], [ 106.7322743, -6.1726836 ], [ 106.7324714, -6.1727184 ], [ 106.732576, -6.172705 ], [ 106.7326109, -6.1726529 ], [ 106.7326605, -6.1724916 ], [ 106.7327611, -6.1723116 ], [ 106.7328966, -6.1721943 ], [ 106.7333257, -6.171937 ], [ 106.7333364, -6.1717983 ], [ 106.7334115, -6.1716169 ], [ 106.7335188, -6.1714836 ], [ 106.7336436, -6.1714517 ], [ 106.7337508, -6.1714943 ], [ 106.7341679, -6.1717784 ], [ 106.7342846, -6.1717717 ], [ 106.7343905, -6.1716956 ], [ 106.7344227, -6.1716116 ], [ 106.73442, -6.1714889 ], [ 106.7344388, -6.1712969 ], [ 106.7345247, -6.171221 ], [ 106.7346668, -6.171137 ], [ 106.7348921, -6.1710049 ], [ 106.7350142, -6.1709623 ], [ 106.7351241, -6.170973 ], [ 106.7351791, -6.171077 ], [ 106.7352972, -6.1712076 ], [ 106.7354098, -6.1712317 ], [ 106.735568, -6.1711476 ], [ 106.7357075, -6.1710157 ], [ 106.7357518, -6.1708957 ], [ 106.7357209, -6.1707783 ], [ 106.7355399, -6.1706077 ], [ 106.7354285, -6.1704543 ], [ 106.7354192, -6.1703156 ], [ 106.7354527, -6.1702063 ], [ 106.7355063, -6.1700783 ], [ 106.7356431, -6.1699423 ], [ 106.7357719, -6.1699209 ], [ 106.7358604, -6.1699743 ], [ 106.7359462, -6.1700716 ], [ 106.7360441, -6.1702303 ], [ 106.7361796, -6.1703263 ], [ 106.7363084, -6.1704023 ], [ 106.7364384, -6.1703875 ], [ 106.7365873, -6.1703156 ], [ 106.7367254, -6.1702303 ], [ 106.7370271, -6.1700863 ], [ 106.7372685, -6.1699956 ], [ 106.737467, -6.1698996 ], [ 106.73764, -6.1699143 ], [ 106.7377688, -6.1699823 ], [ 106.7378479, -6.1701143 ], [ 106.7378318, -6.1703796 ], [ 106.7378706, -6.170585 ], [ 106.7379699, -6.1706676 ], [ 106.7381215, -6.1706982 ], [ 106.738261, -6.170657 ], [ 106.73832, -6.170537 ], [ 106.7383562, -6.170373 ], [ 106.7383804, -6.1701956 ], [ 106.7383374, -6.170073 ], [ 106.7382355, -6.1699276 ], [ 106.738104, -6.1698276 ], [ 106.7378855, -6.1696916 ], [ 106.7378077, -6.169605 ], [ 106.7377245, -6.169489 ], [ 106.7377406, -6.1693356 ], [ 106.7377903, -6.1692277 ], [ 106.7378251, -6.1690877 ], [ 106.7378854, -6.1688863 ], [ 106.737982, -6.1687156 ], [ 106.7380732, -6.1686623 ], [ 106.7381725, -6.1686663 ], [ 106.7382932, -6.1687263 ], [ 106.7384755, -6.168865 ], [ 106.7385399, -6.1689583 ], [ 106.738603, -6.169061 ], [ 106.7386217, -6.1692129 ], [ 106.7385748, -6.1695543 ], [ 106.7385721, -6.1696823 ], [ 106.7386204, -6.169773 ], [ 106.7387035, -6.1698277 ], [ 106.7388215, -6.1698036 ], [ 106.7388806, -6.1697223 ], [ 106.738961, -6.1695157 ], [ 106.7390347, -6.1693463 ], [ 106.7390332, -6.1691162 ], [ 106.7390267, -6.1689156 ], [ 106.7390656, -6.1687689 ], [ 106.739177, -6.168721 ], [ 106.7392883, -6.1686596 ], [ 106.7393647, -6.1686343 ], [ 106.7394036, -6.1685583 ], [ 106.7393875, -6.1683103 ], [ 106.7393996, -6.1682637 ], [ 106.7394519, -6.1682236 ], [ 106.7395618, -6.1681903 ], [ 106.7397282, -6.168149 ], [ 106.7397992, -6.1681316 ], [ 106.7398649, -6.168081 ], [ 106.7399561, -6.1680543 ], [ 106.7399991, -6.1680503 ], [ 106.7400379, -6.1680782 ], [ 106.74005, -6.168137 ], [ 106.7400554, -6.168337 ], [ 106.7400701, -6.1684863 ], [ 106.7401037, -6.1685863 ], [ 106.7401814, -6.1686089 ], [ 106.7403356, -6.1685984 ], [ 106.740455, -6.1685477 ], [ 106.740506, -6.1684422 ], [ 106.7405194, -6.1683422 ], [ 106.7405181, -6.168221 ], [ 106.7404724, -6.1681263 ], [ 106.7403679, -6.1679942 ], [ 106.7403209, -6.1678516 ], [ 106.7403303, -6.1677116 ], [ 106.7403893, -6.1676316 ], [ 106.7404617, -6.167561 ], [ 106.7405677, -6.1675316 ], [ 106.7406387, -6.1675756 ], [ 106.7407045, -6.1676263 ], [ 106.7407527, -6.1676876 ], [ 106.7408131, -6.1677036 ], [ 106.740911, -6.167713 ], [ 106.7410263, -6.1676957 ], [ 106.7410974, -6.167689 ], [ 106.7411725, -6.1677169 ], [ 106.7411979, -6.1678063 ], [ 106.7412194, -6.1679596 ], [ 106.7412436, -6.1680956 ], [ 106.7413187, -6.1681423 ], [ 106.7414622, -6.1681622 ], [ 106.7415829, -6.1681276 ], [ 106.7416835, -6.1680649 ], [ 106.7417464, -6.1679836 ], [ 106.7417894, -6.1678729 ], [ 106.7418189, -6.1678103 ], [ 106.7418149, -6.167701 ], [ 106.7417411, -6.167569 ], [ 106.7417143, -6.1674649 ], [ 106.7417143, -6.1673636 ], [ 106.7417921, -6.1672449 ], [ 106.7419772, -6.1670569 ], [ 106.7423259, -6.1668036 ], [ 106.7424774, -6.1666529 ], [ 106.7425901, -6.1665275 ], [ 106.7427215, -6.1664516 ], [ 106.7427778, -6.1664662 ], [ 106.7429039, -6.1665196 ], [ 106.7430246, -6.1665716 ], [ 106.743164, -6.1666036 ], [ 106.7433035, -6.1666169 ], [ 106.7434712, -6.1666223 ], [ 106.7435986, -6.1666156 ], [ 106.7437393, -6.1665929 ], [ 106.7438627, -6.1665102 ], [ 106.7439304, -6.1663991 ], [ 106.7439963, -6.166363 ], [ 106.7440704, -6.1663933 ], [ 106.7441136, -6.1664396 ], [ 106.7441323, -6.1665222 ], [ 106.7441994, -6.1666676 ], [ 106.7443013, -6.1667209 ], [ 106.7444032, -6.1667423 ], [ 106.7445065, -6.1667343 ], [ 106.7446259, -6.166693 ], [ 106.7447157, -6.1666236 ], [ 106.7447841, -6.166561 ], [ 106.7448592, -6.1664582 ], [ 106.7449155, -6.166405 ], [ 106.7450094, -6.1664169 ], [ 106.7450778, -6.1664436 ], [ 106.7451703, -6.1664997 ], [ 106.7452911, -6.1665423 ], [ 106.7454439, -6.1665077 ], [ 106.7455418, -6.1664543 ], [ 106.7456545, -6.1663743 ], [ 106.7457014, -6.1662876 ], [ 106.7457121, -6.166197 ], [ 106.7456933, -6.1660222 ], [ 106.7456826, -6.1659462 ], [ 106.7457175, -6.1658049 ], [ 106.7458194, -6.1657476 ], [ 106.7459468, -6.1657516 ], [ 106.7460394, -6.1658036 ], [ 106.7461037, -6.1659742 ], [ 106.7462526, -6.1661009 ], [ 106.7464068, -6.1661103 ], [ 106.7465785, -6.1660422 ], [ 106.7467247, -6.1659503 ], [ 106.746828, -6.165841 ], [ 106.7468131, -6.165717 ], [ 106.7466925, -6.165593 ], [ 106.7465678, -6.1654756 ], [ 106.746498, -6.1653276 ], [ 106.7465289, -6.165189 ], [ 106.7465973, -6.1650889 ], [ 106.7467488, -6.1650369 ], [ 106.7467998, -6.1650343 ], [ 106.746844, -6.1650676 ], [ 106.7468816, -6.1651383 ], [ 106.7469043, -6.1652463 ], [ 106.7469607, -6.1652942 ], [ 106.7470465, -6.1653649 ], [ 106.7471712, -6.1654102 ], [ 106.7473242, -6.1653556 ], [ 106.7474743, -6.1653289 ], [ 106.7475857, -6.1654036 ], [ 106.7477989, -6.1655476 ], [ 106.7480282, -6.165669 ], [ 106.7484184, -6.1658382 ], [ 106.7488823, -6.1658263 ] ] ] } },
{ "type": "Feature", "properties": { "full_id": "w29575726", "osm_id": "29575726", "osm_type": "way", "waterway": "river", "admin_leve": null, "ele": null, "name_ja": null, "boundary": null, "salt": null, "fishing": null, "name_id": null, "man_made": null, "addr_city": null, "embankment": null, "width": null, "tidal": null, "intermitte": null, "tunnel": null, "wikidata": null, "name_nl": null, "wikipedia": null, "boat": null, "name_en": null, "name": "Sungai Buaran", "layer": null, "alt_name": null, "path": null }, "geometry": { "type": "MultiLineString", "coordinates": [ [ [ 106.9215456, -6.2766218 ], [ 106.921574, -6.2764885 ], [ 106.9215944, -6.2763511 ], [ 106.921635, -6.2760399 ], [ 106.9216798, -6.2758863 ], [ 106.9219643, -6.275167 ], [ 106.9220172, -6.2750417 ], [ 106.9221554, -6.2747185 ], [ 106.9222001, -6.2745932 ], [ 106.9224115, -6.2740489 ], [ 106.9226135, -6.2736616 ], [ 106.9229871, -6.27271 ], [ 106.9231085, -6.2723062 ], [ 106.9231492, -6.2720753 ], [ 106.9231739, -6.2717538 ], [ 106.9231832, -6.2716145 ], [ 106.9232078, -6.2713581 ], [ 106.9232206, -6.2711967 ], [ 106.9232299, -6.271011 ], [ 106.9231832, -6.2709507 ], [ 106.9230945, -6.2709739 ], [ 106.9229637, -6.2709507 ], [ 106.9229069, -6.2708469 ], [ 106.922915, -6.2706691 ], [ 106.9229516, -6.2703943 ], [ 106.9229679, -6.2701761 ], [ 106.9229801, -6.2699336 ], [ 106.9229882, -6.2696467 ], [ 106.9229997, -6.2694646 ], [ 106.9229535, -6.2693391 ], [ 106.9227378, -6.2691032 ], [ 106.9227009, -6.2690083 ], [ 106.9227509, -6.2688324 ], [ 106.9227194, -6.2682825 ], [ 106.9227266, -6.2679157 ], [ 106.9226806, -6.2675322 ], [ 106.9226027, -6.2668638 ], [ 106.9223939, -6.2652279 ], [ 106.9223833, -6.2651399 ], [ 106.9222521, -6.2642029 ], [ 106.9222445, -6.2641488 ], [ 106.9222311, -6.2640528 ], [ 106.922178, -6.2639614 ], [ 106.9217922, -6.263891 ], [ 106.9216754, -6.2638629 ], [ 106.9216613, -6.2638206 ], [ 106.9217533, -6.2632577 ], [ 106.9216967, -6.2632015 ], [ 106.9214772, -6.2630572 ], [ 106.9214772, -6.2629904 ], [ 106.9215303, -6.2627617 ], [ 106.9215657, -6.2626632 ], [ 106.9216542, -6.2624204 ], [ 106.9217037, -6.2622903 ], [ 106.9217792, -6.2620282 ], [ 106.9219163, -6.2607735 ], [ 106.9219753, -6.259907 ], [ 106.9220209, -6.2594938 ], [ 106.9220752, -6.2590434 ], [ 106.9221345, -6.2586894 ], [ 106.9222968, -6.257955 ], [ 106.9223112, -6.2578929 ], [ 106.9224216, -6.2574178 ], [ 106.9223948, -6.2571246 ], [ 106.9222982, -6.2553222 ], [ 106.9222338, -6.2549276 ], [ 106.9221802, -6.2549063 ], [ 106.9221319, -6.2547197 ], [ 106.9220139, -6.2544157 ], [ 106.9219924, -6.2540638 ], [ 106.9219665, -6.2537011 ], [ 106.9218874, -6.253394 ], [ 106.9216537, -6.2532853 ], [ 106.9216073, -6.2531786 ], [ 106.9216431, -6.2530719 ], [ 106.921844, -6.2527903 ], [ 106.9218451, -6.2527216 ], [ 106.9214588, -6.2518902 ], [ 106.9214374, -6.2517808 ], [ 106.9215037, -6.2516868 ], [ 106.9217034, -6.2516935 ], [ 106.9217208, -6.2516195 ], [ 106.9217153, -6.2513247 ], [ 106.9216758, -6.2512751 ], [ 106.9214323, -6.2512363 ], [ 106.9213579, -6.2511633 ], [ 106.9213191, -6.2509603 ], [ 106.9212537, -6.2508918 ], [ 106.9211322, -6.25086 ], [ 106.9210161, -6.2507949 ], [ 106.9210269, -6.250667 ], [ 106.9210791, -6.2505152 ], [ 106.9211556, -6.2504057 ], [ 106.9212267, -6.2502617 ], [ 106.9212254, -6.2501284 ], [ 106.9210966, -6.2500111 ], [ 106.9210269, -6.2499684 ], [ 106.9209786, -6.2496645 ], [ 106.9209572, -6.2495418 ], [ 106.9208713, -6.2493712 ], [ 106.9208552, -6.2492645 ], [ 106.9208767, -6.2491259 ], [ 106.9210644, -6.2487153 ], [ 106.9211127, -6.2485713 ], [ 106.9210985, -6.2481786 ], [ 106.9211056, -6.2478647 ], [ 106.9210408, -6.2475373 ], [ 106.9205953, -6.246185 ], [ 106.9201546, -6.245131 ], [ 106.9201343, -6.2447022 ], [ 106.9205741, -6.2435886 ], [ 106.9212584, -6.2430228 ], [ 106.9215309, -6.2422912 ], [ 106.9216184, -6.2416385 ], [ 106.9221516, -6.241254 ], [ 106.9223817, -6.2409394 ], [ 106.922323, -6.2406106 ], [ 106.9221422, -6.2403285 ], [ 106.922162, -6.2400904 ], [ 106.9227628, -6.2382133 ], [ 106.9229344, -6.2368481 ], [ 106.9236658, -6.2351062 ], [ 106.9238592, -6.234261 ], [ 106.9238833, -6.2338106 ], [ 106.9238531, -6.2334411 ], [ 106.9237612, -6.232854 ], [ 106.9232309, -6.2299722 ], [ 106.9232309, -6.2294923 ], [ 106.9234161, -6.228903 ], [ 106.923709, -6.2282184 ], [ 106.9238214, -6.2280653 ], [ 106.9238936, -6.2279257 ], [ 106.9240263, -6.227581 ], [ 106.9244194, -6.2267387 ], [ 106.9244387, -6.2266962 ], [ 106.9246217, -6.2262009 ], [ 106.9246432, -6.2253061 ], [ 106.924618, -6.2250634 ], [ 106.9244502, -6.2241736 ], [ 106.9244391, -6.2237979 ], [ 106.9243763, -6.2226322 ], [ 106.9241673, -6.2203954 ], [ 106.9242857, -6.2200474 ], [ 106.9246579, -6.2194453 ], [ 106.9248162, -6.2190912 ], [ 106.9248417, -6.2191176 ], [ 106.9247759, -6.218656 ], [ 106.9247067, -6.2173856 ], [ 106.9247134, -6.2160624 ], [ 106.9248032, -6.2155938 ], [ 106.9248354, -6.2143352 ], [ 106.9247791, -6.2139799 ], [ 106.9247858, -6.2137369 ], [ 106.9248002, -6.213567 ], [ 106.9249427, -6.212394 ], [ 106.9249963, -6.2121914 ], [ 106.9248783, -6.2118607 ], [ 106.9247496, -6.2115301 ], [ 106.9247281, -6.2113594 ], [ 106.9247818, -6.2112314 ], [ 106.9251573, -6.2105061 ], [ 106.9253289, -6.2102395 ], [ 106.9255542, -6.2093222 ], [ 106.9257259, -6.2089703 ], [ 106.926037, -6.2085116 ], [ 106.9263589, -6.2081597 ], [ 106.9275713, -6.2070184 ], [ 106.9277429, -6.2068264 ], [ 106.927818, -6.2066557 ], [ 106.9278502, -6.2062505 ], [ 106.9278502, -6.2057722 ], [ 106.9278502, -6.2057019 ], [ 106.9278395, -6.20368 ], [ 106.9278824, -6.2024854 ], [ 106.9279039, -6.2022613 ], [ 106.9283974, -6.2013441 ], [ 106.9285047, -6.2012161 ], [ 106.9291913, -6.2008321 ], [ 106.931026, -6.1996909 ], [ 106.9311654, -6.1996695 ], [ 106.9321203, -6.1996802 ], [ 106.9323027, -6.1996802 ], [ 106.9325065, -6.1995842 ], [ 106.9326353, -6.1994562 ], [ 106.9327962, -6.1992002 ], [ 106.9328928, -6.1988269 ], [ 106.9330322, -6.1981656 ], [ 106.9330537, -6.1979523 ], [ 106.9330966, -6.196875 ], [ 106.9330859, -6.1966616 ], [ 106.9329893, -6.1965337 ], [ 106.9328085, -6.1963506 ], [ 106.9324207, -6.1959577 ], [ 106.9323134, -6.1957977 ], [ 106.9322061, -6.1955097 ], [ 106.9321954, -6.1952111 ], [ 106.9322598, -6.1945497 ], [ 106.9323309, -6.1939581 ], [ 106.9324529, -6.1932592 ], [ 106.9324851, -6.1928859 ], [ 106.9323349, -6.1919365 ], [ 106.9321847, -6.1912753 ], [ 106.9319594, -6.1905392 ], [ 106.9318628, -6.1902833 ], [ 106.9317448, -6.1900593 ], [ 106.9312298, -6.1895047 ], [ 106.9306612, -6.188982 ], [ 106.9303715, -6.1885233 ], [ 106.9298243, -6.1876487 ], [ 106.9297492, -6.1873927 ] ] ] } },
{ "type": "Feature", "properties": { "full_id": "w30931510", "osm_id": "30931510", "osm_type": "way", "waterway": "river", "admin_leve": null, "ele": null, "name_ja": null, "boundary": null, "salt": null, "fishing": null, "name_id": null, "man_made": null, "addr_city": null, "embankment": null, "width": null, "tidal": null, "intermitte": null, "tunnel": null, "wikidata": null, "name_nl": null, "wikipedia": null, "boat": null, "name_en": null, "name": "Sungai Cengkareng Drain", "layer": null, "alt_name": null, "path": null }, "geometry": { "type": "MultiLineString", "coordinates": [ [ [ 106.7543839, -6.1799832 ], [ 106.7540726, -6.1800476 ], [ 106.7534825, -6.1801396 ], [ 106.7531835, -6.1801596 ], [ 106.7530091, -6.1801796 ], [ 106.7520556, -6.1802156 ], [ 106.751495, -6.1802902 ], [ 106.7510886, -6.1802716 ], [ 106.7508593, -6.1802382 ], [ 106.750693, -6.1802049 ], [ 106.7505254, -6.1800796 ], [ 106.7504707, -6.1798764 ], [ 106.7505663, -6.1797088 ], [ 106.7505733, -6.1795994 ], [ 106.7505622, -6.1794816 ], [ 106.7505437, -6.1793651 ], [ 106.7505706, -6.1792871 ], [ 106.7506966, -6.1790747 ], [ 106.7507556, -6.1789751 ], [ 106.7507905, -6.1788787 ], [ 106.7509532, -6.1783223 ], [ 106.7512549, -6.1778543 ], [ 106.7513294, -6.1776009 ], [ 106.7512268, -6.1773116 ], [ 106.7510028, -6.177241 ], [ 106.7505656, -6.177557 ], [ 106.7505012, -6.1775436 ], [ 106.7503993, -6.177229 ], [ 106.7503095, -6.1771183 ], [ 106.7500412, -6.1771716 ], [ 106.7499018, -6.177165 ], [ 106.7498689, -6.177123 ], [ 106.7498595, -6.1769716 ], [ 106.7498488, -6.1767583 ], [ 106.7497522, -6.1763529 ], [ 106.7495343, -6.1761796 ], [ 106.749366, -6.1759263 ], [ 106.7493982, -6.1758196 ], [ 106.7495571, -6.1755563 ], [ 106.7497355, -6.1752316 ], [ 106.7497522, -6.1750409 ], [ 106.7495913, -6.1743903 ], [ 106.7498059, -6.1737503 ], [ 106.7498059, -6.1736436 ], [ 106.7497308, -6.1734196 ], [ 106.7494089, -6.172897 ], [ 106.7492201, -6.1720968 ], [ 106.7491622, -6.1718516 ], [ 106.7491259, -6.1710887 ], [ 106.7489046, -6.1663716 ], [ 106.7488823, -6.1658263 ], [ 106.7485994, -6.1645551 ], [ 106.7476151, -6.1607114 ], [ 106.747555, -6.160097 ], [ 106.7479857, -6.1557429 ], [ 106.7481301, -6.15426 ], [ 106.7485163, -6.1528093 ], [ 106.7503102, -6.1501383 ], [ 106.7503874, -6.1496007 ], [ 106.7502887, -6.1471898 ], [ 106.7503745, -6.1423788 ], [ 106.7505062, -6.1416359 ], [ 106.7506558, -6.1412333 ], [ 106.7506638, -6.1412119 ], [ 106.7512328, -6.1395627 ], [ 106.7527475, -6.1350634 ], [ 106.7529565, -6.1342881 ], [ 106.7534751, -6.1320209 ], [ 106.7532396, -6.12952 ], [ 106.752459, -6.1212323 ], [ 106.7522989, -6.1195323 ], [ 106.7516378, -6.1125117 ], [ 106.7514969, -6.1103677 ], [ 106.7512479, -6.1082655 ], [ 106.7511684, -6.1075278 ], [ 106.7510075, -6.1062796 ], [ 106.7509451, -6.1002136 ] ] ] } },
{ "type": "Feature", "properties": { "full_id": "w56676566", "osm_id": "56676566", "osm_type": "way", "waterway": "river", "admin_leve": null, "ele": null, "name_ja": null, "boundary": null, "salt": null, "fishing": null, "name_id": null, "man_made": null, "addr_city": null, "embankment": null, "width": null, "tidal": null, "intermitte": null, "tunnel": null, "wikidata": null, "name_nl": null, "wikipedia": null, "boat": "no", "name_en": "Ciliwung River", "name": "Sungai Ciliwung", "layer": null, "alt_name": null, "path": "G:/My Drive/Work Data/Harmoni/Flood Early Warning System/Dataset/29 River in Jakarta/Batas Sungai Ciliwung - DKI Jakarta.geojson" }, "geometry": { "type": "MultiLineString", "coordinates": [ [ [ 106.8297519, -6.3902462 ], [ 106.8299655, -6.3901708 ], [ 106.8301336, -6.3902257 ], [ 106.8302476, -6.390391 ], [ 106.8303973, -6.3907511 ], [ 106.8305311, -6.3913023 ], [ 106.8305917, -6.3918037 ], [ 106.8307645, -6.39217 ], [ 106.8309143, -6.392313 ], [ 106.8311297, -6.3923574 ], [ 106.8317081, -6.3921441 ], [ 106.8328089, -6.3902766 ], [ 106.8328708, -6.3898786 ], [ 106.8329837, -6.389538 ], [ 106.8333796, -6.388962 ], [ 106.8336808, -6.3885416 ], [ 106.8337538, -6.3882332 ], [ 106.8336589, -6.3878536 ], [ 106.8333941, -6.3874956 ], [ 106.8328746, -6.3871603 ], [ 106.8324315, -6.3869905 ], [ 106.8321673, -6.38683 ], [ 106.8319723, -6.3866216 ], [ 106.8319157, -6.3863961 ], [ 106.8319723, -6.3861261 ], [ 106.8321045, -6.3857827 ], [ 106.8323011, -6.3854154 ], [ 106.8324218, -6.3850822 ], [ 106.8324406, -6.3842572 ], [ 106.8323355, -6.3840379 ], [ 106.8321973, -6.3838851 ], [ 106.8319396, -6.3836681 ], [ 106.8317499, -6.3833896 ], [ 106.8316247, -6.3831324 ], [ 106.8316005, -6.3827251 ], [ 106.8324256, -6.3821925 ], [ 106.8328984, -6.3821757 ], [ 106.8334974, -6.3821986 ], [ 106.8339257, -6.3822916 ], [ 106.8354404, -6.3820285 ], [ 106.8358054, -6.381827 ], [ 106.8364089, -6.3810473 ], [ 106.8367407, -6.3803532 ], [ 106.8368394, -6.3801983 ], [ 106.8369428, -6.3801061 ], [ 106.8370868, -6.3800795 ], [ 106.8372367, -6.3801312 ], [ 106.8373692, -6.3802936 ], [ 106.837553, -6.3805881 ], [ 106.8378331, -6.3809473 ], [ 106.8379125, -6.3810491 ], [ 106.83794, -6.3810702 ], [ 106.8380208, -6.3811322 ], [ 106.8381148, -6.3811415 ], [ 106.838221, -6.3811041 ], [ 106.8385609, -6.3809559 ], [ 106.8388108, -6.3807427 ], [ 106.8389927, -6.3802855 ], [ 106.8389801, -6.3798766 ], [ 106.8390592, -6.3792251 ], [ 106.8391617, -6.3788933 ], [ 106.8393234, -6.3786355 ], [ 106.8394484, -6.3783703 ], [ 106.839465, -6.37812 ], [ 106.8394087, -6.3778969 ], [ 106.839214, -6.3776946 ], [ 106.8389776, -6.3775339 ], [ 106.8387562, -6.377401 ], [ 106.8384926, -6.3772635 ], [ 106.8381283, -6.3770559 ], [ 106.8378797, -6.3768717 ], [ 106.8376794, -6.376658 ], [ 106.837581, -6.3764999 ], [ 106.8375768, -6.3763686 ], [ 106.8376326, -6.3762495 ], [ 106.8377241, -6.3761628 ], [ 106.8378597, -6.3760954 ], [ 106.8390324, -6.3757415 ], [ 106.83938, -6.3757268 ], [ 106.8398228, -6.3758006 ], [ 106.8405122, -6.3760405 ], [ 106.8407353, -6.3760936 ], [ 106.8409022, -6.3760344 ], [ 106.8410931, -6.3758937 ], [ 106.8412149, -6.3756759 ], [ 106.8413241, -6.3753456 ], [ 106.8412787, -6.3750415 ], [ 106.8411816, -6.3747661 ], [ 106.8411425, -6.3744894 ], [ 106.8412215, -6.374171 ], [ 106.8413357, -6.3739028 ], [ 106.8415873, -6.3736083 ], [ 106.8417748, -6.3733044 ], [ 106.8418984, -6.3730312 ], [ 106.8419269, -6.3728238 ], [ 106.8418818, -6.3726305 ], [ 106.8417673, -6.3725413 ], [ 106.841579, -6.372513 ], [ 106.8412372, -6.3725667 ], [ 106.8408587, -6.3725923 ], [ 106.8404955, -6.3725528 ], [ 106.8402185, -6.3724718 ], [ 106.8400074, -6.3723401 ], [ 106.8391846, -6.3713387 ], [ 106.838995, -6.3710754 ], [ 106.8388313, -6.3708784 ], [ 106.8385296, -6.3707014 ], [ 106.8382667, -6.3706054 ], [ 106.8380402, -6.3705296 ], [ 106.8378442, -6.370435 ], [ 106.8375066, -6.3702581 ], [ 106.8371829, -6.3700784 ], [ 106.837027, -6.3699598 ], [ 106.8369903, -6.3697828 ], [ 106.8373175, -6.3695177 ], [ 106.8377466, -6.3693897 ], [ 106.8386908, -6.3693897 ], [ 106.8391532, -6.3693812 ], [ 106.839518, -6.3693386 ], [ 106.8398709, -6.3692405 ], [ 106.840505, -6.3689121 ], [ 106.8410726, -6.3687073 ], [ 106.8413944, -6.3683448 ], [ 106.8414374, -6.3681316 ], [ 106.8414803, -6.3678117 ], [ 106.8414803, -6.3675345 ], [ 106.8412872, -6.3672785 ], [ 106.8411369, -6.3671079 ], [ 106.8409438, -6.3670013 ], [ 106.8407078, -6.3670653 ], [ 106.8404718, -6.3672572 ], [ 106.8401284, -6.3674491 ], [ 106.8397851, -6.3676198 ], [ 106.8394418, -6.3677264 ], [ 106.8390985, -6.3677477 ], [ 106.8388624, -6.3676411 ], [ 106.8387337, -6.3672999 ], [ 106.8386908, -6.3669587 ], [ 106.8386908, -6.3666601 ], [ 106.8389268, -6.3662123 ], [ 106.8393989, -6.3659351 ], [ 106.8396564, -6.3656152 ], [ 106.8398066, -6.3654872 ], [ 106.8399782, -6.3654232 ], [ 106.8399997, -6.3651673 ], [ 106.8399568, -6.3648688 ], [ 106.8397422, -6.3646342 ], [ 106.8395705, -6.3640797 ], [ 106.839356, -6.3636746 ], [ 106.839356, -6.3633334 ], [ 106.839313, -6.3630348 ], [ 106.8394418, -6.3626936 ], [ 106.8395062, -6.3623524 ], [ 106.8396349, -6.3620538 ], [ 106.8396349, -6.3618192 ], [ 106.8393345, -6.3614567 ], [ 106.8390126, -6.3614567 ], [ 106.8385835, -6.3615633 ], [ 106.8382831, -6.3618192 ], [ 106.8381543, -6.3620112 ], [ 106.8381758, -6.3622457 ], [ 106.838326, -6.3625017 ], [ 106.8384547, -6.3627149 ], [ 106.8385191, -6.3630135 ], [ 106.838562, -6.3632694 ], [ 106.8385835, -6.363504 ], [ 106.8384977, -6.3637385 ], [ 106.8384118, -6.3639731 ], [ 106.8381329, -6.3640158 ], [ 106.8378325, -6.3639518 ], [ 106.8376608, -6.3638238 ], [ 106.8373604, -6.3635253 ], [ 106.8368025, -6.3623097 ], [ 106.8368454, -6.3618406 ], [ 106.8369312, -6.361606 ], [ 106.8371458, -6.3613927 ], [ 106.8373175, -6.3611795 ], [ 106.8375106, -6.3610089 ], [ 106.8377896, -6.3608383 ], [ 106.8381972, -6.3607316 ], [ 106.838488, -6.3606805 ], [ 106.8387337, -6.3605397 ], [ 106.8389268, -6.3603904 ], [ 106.8390341, -6.3602411 ], [ 106.8389483, -6.3596654 ], [ 106.8386479, -6.3594734 ], [ 106.8383689, -6.3593028 ], [ 106.8380685, -6.3591322 ], [ 106.8378325, -6.3589414 ], [ 106.8374248, -6.3581523 ], [ 106.8371887, -6.3576192 ], [ 106.8368025, -6.3575339 ], [ 106.836545, -6.3577471 ], [ 106.836309, -6.358131 ], [ 106.8362231, -6.3582803 ], [ 106.8360729, -6.3585575 ], [ 106.8357725, -6.3587707 ], [ 106.835558, -6.3586641 ], [ 106.8353219, -6.3583442 ], [ 106.8351717, -6.3579177 ], [ 106.8351503, -6.3575552 ], [ 106.8351288, -6.3571073 ], [ 106.8351503, -6.3568088 ], [ 106.8353005, -6.3564036 ], [ 106.8355365, -6.356233 ], [ 106.8358272, -6.3561381 ], [ 106.8362446, -6.356105 ], [ 106.8368454, -6.3560837 ], [ 106.837458, -6.3560528 ], [ 106.8377252, -6.3558065 ], [ 106.8378539, -6.3555506 ], [ 106.8377681, -6.355252 ], [ 106.8375535, -6.3550601 ], [ 106.8372746, -6.3549961 ], [ 106.8368883, -6.3549108 ], [ 106.8364377, -6.3547189 ], [ 106.835898, -6.3541966 ], [ 106.8358831, -6.3536379 ], [ 106.8360086, -6.353226 ], [ 106.8359227, -6.3528422 ], [ 106.8355897, -6.352348 ], [ 106.8354582, -6.3520495 ], [ 106.8354717, -6.3519748 ], [ 106.8355387, -6.3518789 ], [ 106.8356326, -6.3518042 ], [ 106.8357238, -6.3517616 ], [ 106.8358203, -6.3517562 ], [ 106.8361181, -6.3517909 ], [ 106.8373063, -6.3519562 ], [ 106.8383443, -6.3520255 ], [ 106.8388812, -6.3519971 ], [ 106.8390949, -6.351935 ], [ 106.8393942, -6.3513829 ], [ 106.839271, -6.3508507 ], [ 106.8384496, -6.3496429 ], [ 106.838051, -6.3487998 ], [ 106.83818, -6.3481637 ], [ 106.838047, -6.3478519 ], [ 106.837843, -6.3473487 ], [ 106.8377896, -6.3469988 ], [ 106.8380685, -6.346679 ], [ 106.83842, -6.3466357 ], [ 106.8388839, -6.346487 ], [ 106.8392433, -6.3461858 ], [ 106.8399231, -6.3446126 ], [ 106.8397672, -6.34371 ], [ 106.8394718, -6.3434749 ], [ 106.8389912, -6.3433094 ], [ 106.838592, -6.3431963 ], [ 106.8384364, -6.3431963 ], [ 106.8382299, -6.3432256 ], [ 106.8379644, -6.3432896 ], [ 106.8376935, -6.3434629 ], [ 106.8375889, -6.3435455 ], [ 106.8375272, -6.3436388 ], [ 106.8371838, -6.3442519 ], [ 106.8369773, -6.3445398 ], [ 106.8366427, -6.344718 ], [ 106.8364093, -6.344726 ], [ 106.8361116, -6.3446193 ], [ 106.8357441, -6.3444621 ], [ 106.8354996, -6.3441995 ], [ 106.835528, -6.3439831 ], [ 106.8358145, -6.3434925 ], [ 106.8361802, -6.3430535 ], [ 106.8367381, -6.3423924 ], [ 106.8369021, -6.341998 ], [ 106.8374033, -6.341582 ], [ 106.8379183, -6.3414753 ], [ 106.8382621, -6.3411677 ], [ 106.8385382, -6.3412332 ], [ 106.8387766, -6.3417739 ], [ 106.8392272, -6.3421791 ], [ 106.8394965, -6.3423188 ], [ 106.8397755, -6.3424468 ], [ 106.8401188, -6.3425534 ], [ 106.8404836, -6.3425534 ], [ 106.8407936, -6.3424777 ], [ 106.8408734, -6.3422358 ], [ 106.8410726, -6.3417952 ], [ 106.8410082, -6.3412834 ], [ 106.8406863, -6.3409209 ], [ 106.8403001, -6.3407502 ], [ 106.839828, -6.3408142 ], [ 106.8395491, -6.3408142 ], [ 106.8393989, -6.340409 ], [ 106.8393774, -6.3401744 ], [ 106.8395062, -6.3399185 ], [ 106.839592, -6.3396413 ], [ 106.8397851, -6.339364 ], [ 106.8400426, -6.3391721 ], [ 106.8402572, -6.3389802 ], [ 106.8403859, -6.3387669 ], [ 106.8404503, -6.3382551 ], [ 106.8403873, -6.3376992 ], [ 106.8403135, -6.33735 ], [ 106.8403538, -6.3369169 ], [ 106.8404185, -6.3366417 ], [ 106.8405134, -6.3363943 ], [ 106.8405486, -6.3362884 ], [ 106.8405486, -6.3361711 ], [ 106.8404409, -6.3360597 ], [ 106.8402428, -6.3359099 ], [ 106.8400762, -6.3358304 ], [ 106.8398602, -6.3354306 ], [ 106.8397508, -6.335118 ], [ 106.8397117, -6.3349674 ], [ 106.8397212, -6.3347568 ], [ 106.8397561, -6.3345222 ], [ 106.8397923, -6.3341957 ], [ 106.8398204, -6.3337838 ], [ 106.8398499, -6.3331786 ], [ 106.8399357, -6.3326241 ], [ 106.8400859, -6.3322402 ], [ 106.8403438, -6.3320833 ], [ 106.8406745, -6.3321793 ], [ 106.8410341, -6.3321883 ], [ 106.8415451, -6.3322189 ], [ 106.8418884, -6.3321549 ], [ 106.842103, -6.3321549 ], [ 106.8425854, -6.3321002 ], [ 106.8434552, -6.3317711 ], [ 106.8434767, -6.3315152 ], [ 106.8433264, -6.3313232 ], [ 106.8427256, -6.3310673 ], [ 106.8422321, -6.331046 ], [ 106.8419102, -6.3310033 ], [ 106.8414382, -6.3304488 ], [ 106.8412236, -6.3303208 ], [ 106.8405155, -6.3297664 ], [ 106.8403224, -6.3293398 ], [ 106.840317, -6.3290599 ], [ 106.8404485, -6.3287214 ], [ 106.84077, -6.3280092 ], [ 106.8410784, -6.3272601 ], [ 106.8411776, -6.3270122 ], [ 106.8412705, -6.3267753 ], [ 106.8413627, -6.326623 ], [ 106.8414858, -6.3265013 ], [ 106.8416041, -6.326655 ], [ 106.8416407, -6.3268046 ], [ 106.8417561, -6.3272045 ], [ 106.8418587, -6.3273918 ], [ 106.8419974, -6.327551 ], [ 106.8421798, -6.3275936 ], [ 106.8424802, -6.3275297 ], [ 106.8427652, -6.3273464 ], [ 106.8429845, -6.3270471 ], [ 106.8431481, -6.3267379 ], [ 106.8432206, -6.3263754 ], [ 106.8431588, -6.3260555 ], [ 106.8429228, -6.3254796 ], [ 106.8416139, -6.3236455 ], [ 106.8413993, -6.3234113 ], [ 106.8411337, -6.3232354 ], [ 106.840533, -6.3229923 ], [ 106.8401763, -6.3228323 ], [ 106.8400448, -6.3226116 ], [ 106.8399992, -6.3224085 ], [ 106.8400448, -6.322169 ], [ 106.8401118, -6.3219659 ], [ 106.8406858, -6.3218114 ], [ 106.8409916, -6.3216195 ], [ 106.8410452, -6.3214519 ], [ 106.8409594, -6.3212996 ], [ 106.8408414, -6.321148 ], [ 106.840608, -6.321161 ], [ 106.8395834, -6.3215874 ], [ 106.8392374, -6.3216487 ], [ 106.8388835, -6.3215741 ], [ 106.8385669, -6.3213848 ], [ 106.8383738, -6.3210436 ], [ 106.8383317, -6.3207833 ], [ 106.8383684, -6.3205637 ], [ 106.8386838, -6.3200362 ], [ 106.8390017, -6.3195634 ], [ 106.839451, -6.3190881 ], [ 106.8397471, -6.3188469 ], [ 106.8400904, -6.3185483 ], [ 106.8404568, -6.3183883 ], [ 106.8409004, -6.3182284 ], [ 106.8419271, -6.31799 ], [ 106.8424286, -6.3179313 ], [ 106.8428557, -6.3179912 ], [ 106.8430777, -6.3182086 ], [ 106.8432232, -6.3184203 ], [ 106.8435451, -6.3184843 ], [ 106.8440601, -6.3182071 ], [ 106.844103, -6.3177805 ], [ 106.8441459, -6.3170981 ], [ 106.8441888, -6.3168634 ], [ 106.8443417, -6.3165675 ], [ 106.8446079, -6.3164478 ], [ 106.8449532, -6.3164555 ], [ 106.845367, -6.316645 ], [ 106.8456881, -6.3168634 ], [ 106.8460556, -6.3169755 ], [ 106.8464928, -6.3167141 ], [ 106.8469702, -6.3158798 ], [ 106.8473004, -6.3155066 ], [ 106.8477038, -6.3152426 ], [ 106.8479843, -6.3150933 ], [ 106.8483474, -6.3149947 ], [ 106.8485932, -6.3150613 ], [ 106.8487955, -6.3152186 ], [ 106.8489151, -6.3153573 ], [ 106.8489752, -6.3155145 ], [ 106.8490063, -6.3156159 ], [ 106.8490143, -6.3157198 ], [ 106.8489913, -6.315925 ], [ 106.8488867, -6.3161889 ], [ 106.8487043, -6.3166181 ], [ 106.8484978, -6.3171487 ], [ 106.8483261, -6.3174179 ], [ 106.8478111, -6.3176525 ], [ 106.847103, -6.3176525 ], [ 106.8469139, -6.3179085 ], [ 106.8470869, -6.3181405 ], [ 106.8473337, -6.3182044 ], [ 106.8477103, -6.3181919 ], [ 106.8480498, -6.3181884 ], [ 106.8482441, -6.3182399 ], [ 106.8485004, -6.3183429 ], [ 106.8488974, -6.3186443 ], [ 106.8491441, -6.3186922 ], [ 106.8493634, -6.3186389 ], [ 106.8495056, -6.3183644 ], [ 106.8494289, -6.3179493 ], [ 106.8494359, -6.3175939 ], [ 106.8495791, -6.3173335 ], [ 106.8500152, -6.3170953 ], [ 106.8506735, -6.3167576 ], [ 106.8513362, -6.3164155 ], [ 106.8516755, -6.3162156 ], [ 106.8518471, -6.3160023 ], [ 106.8518857, -6.3158399 ], [ 106.8518324, -6.3156664 ], [ 106.8516349, -6.3153374 ], [ 106.8513751, -6.3150212 ], [ 106.8512892, -6.3146586 ], [ 106.8513751, -6.3142321 ], [ 106.8517828, -6.3134004 ], [ 106.8522978, -6.3124833 ], [ 106.8523192, -6.3120994 ], [ 106.8522763, -6.3117368 ], [ 106.8523575, -6.3111555 ], [ 106.8524814, -6.3109737 ], [ 106.8526388, -6.31091 ], [ 106.8528223, -6.3109057 ], [ 106.8530262, -6.3110134 ], [ 106.8532936, -6.3112763 ], [ 106.8543707, -6.3120529 ], [ 106.8547224, -6.3124122 ], [ 106.8548273, -6.3125837 ], [ 106.8548501, -6.3128004 ], [ 106.8547516, -6.313199 ], [ 106.8547774, -6.3135015 ], [ 106.8548699, -6.3136727 ], [ 106.8550059, -6.3138209 ], [ 106.8552167, -6.3138561 ], [ 106.8554249, -6.3138191 ], [ 106.8558835, -6.3135959 ], [ 106.8565785, -6.3129172 ], [ 106.8572085, -6.3123693 ], [ 106.85804, -6.3116402 ], [ 106.8583324, -6.3112883 ], [ 106.8583973, -6.3111169 ], [ 106.8583943, -6.3109859 ], [ 106.8583922, -6.3108974 ], [ 106.8582278, -6.3106751 ], [ 106.8580376, -6.3105495 ], [ 106.8578104, -6.31055 ], [ 106.8574486, -6.3106591 ], [ 106.8572054, -6.3106326 ], [ 106.8569335, -6.3104135 ], [ 106.8568554, -6.3100588 ], [ 106.8568979, -6.3095498 ], [ 106.8569899, -6.3092108 ], [ 106.857082, -6.308969 ], [ 106.8572116, -6.3087082 ], [ 106.8573725, -6.3084198 ], [ 106.8576512, -6.3081299 ], [ 106.8577412, -6.3079884 ], [ 106.8578124, -6.3077912 ], [ 106.8578361, -6.3075964 ], [ 106.8577848, -6.3074094 ], [ 106.857674, -6.3072427 ], [ 106.8576024, -6.3070361 ], [ 106.8575387, -6.3067965 ], [ 106.8575192, -6.3065213 ], [ 106.8575924, -6.3062915 ], [ 106.8576657, -6.3062041 ], [ 106.8577602, -6.3061102 ], [ 106.8579626, -6.3060637 ], [ 106.8582327, -6.3060257 ], [ 106.8585043, -6.3058529 ], [ 106.8585808, -6.3057995 ], [ 106.8586243, -6.3055325 ], [ 106.8585962, -6.3054486 ], [ 106.8585143, -6.3052046 ], [ 106.8584124, -6.3050553 ], [ 106.85823, -6.3049327 ], [ 106.8576446, -6.3046563 ], [ 106.8569935, -6.3044555 ], [ 106.8563954, -6.3041995 ], [ 106.8553922, -6.3036903 ], [ 106.8550892, -6.303501 ], [ 106.8547431, -6.3031651 ], [ 106.8544723, -6.3028345 ], [ 106.8544464, -6.3023916 ], [ 106.8545202, -6.3023236 ], [ 106.8545684, -6.3022663 ], [ 106.8548072, -6.3018866 ], [ 106.8550057, -6.3014931 ], [ 106.8551248, -6.3011746 ], [ 106.8551151, -6.3011646 ], [ 106.8550716, -6.3006143 ], [ 106.8550513, -6.3002502 ], [ 106.8549846, -6.2999108 ], [ 106.8549194, -6.2995671 ], [ 106.8547754, -6.2994 ], [ 106.8544396, -6.2993903 ], [ 106.8538939, -6.2995396 ], [ 106.8534193, -6.2997361 ], [ 106.8529686, -6.2997754 ], [ 106.8526997, -6.2997676 ], [ 106.8525062, -6.2998326 ], [ 106.8523438, -6.2999327 ], [ 106.8522621, -6.3000326 ], [ 106.8522138, -6.3001605 ], [ 106.8522014, -6.3003414 ], [ 106.8520749, -6.300758 ], [ 106.8518785, -6.3010137 ], [ 106.8517364, -6.3011123 ], [ 106.8516192, -6.3011179 ], [ 106.8513957, -6.3009577 ], [ 106.8513074, -6.3008966 ], [ 106.8511657, -6.3007966 ], [ 106.8507601, -6.3005178 ], [ 106.8504087, -6.3001979 ], [ 106.8499956, -6.2998033 ], [ 106.8498159, -6.2995767 ], [ 106.8497408, -6.2994887 ], [ 106.8496572, -6.2991929 ], [ 106.8496529, -6.2989945 ], [ 106.8496791, -6.2988598 ], [ 106.8497899, -6.2987439 ], [ 106.8500303, -6.298683 ], [ 106.8504093, -6.2987033 ], [ 106.850727, -6.2987656 ], [ 106.8511744, -6.2989583 ], [ 106.8513318, -6.2991249 ], [ 106.8514061, -6.2992176 ], [ 106.8514907, -6.2993059 ], [ 106.8515257, -6.2994209 ], [ 106.8516073, -6.2994625 ], [ 106.8517373, -6.299486 ], [ 106.851895, -6.2994155 ], [ 106.851981, -6.299377 ], [ 106.8520854, -6.2993472 ], [ 106.8521724, -6.2992597 ], [ 106.8522165, -6.2991678 ], [ 106.8522975, -6.2988683 ], [ 106.8523427, -6.2985857 ], [ 106.8523314, -6.2982013 ], [ 106.8522861, -6.2978932 ], [ 106.8521459, -6.2977055 ], [ 106.8518618, -6.2975334 ], [ 106.8509746, -6.2970076 ], [ 106.8506136, -6.2967001 ], [ 106.8504546, -6.2964854 ], [ 106.8504191, -6.2964064 ], [ 106.8504009, -6.2963103 ], [ 106.8504385, -6.2961864 ], [ 106.8505019, -6.2960839 ], [ 106.8507157, -6.2959034 ], [ 106.8508349, -6.2958362 ], [ 106.8512399, -6.2957112 ], [ 106.8514634, -6.2956717 ], [ 106.8517801, -6.2956686 ], [ 106.851827, -6.2956736 ], [ 106.8522928, -6.295723 ], [ 106.8524515, -6.295746 ], [ 106.8525989, -6.29577 ], [ 106.8528654, -6.2958287 ], [ 106.8530824, -6.2958714 ], [ 106.8531898, -6.295896 ], [ 106.8533091, -6.2959344 ], [ 106.8537205, -6.2961576 ], [ 106.8540203, -6.2962601 ], [ 106.8541427, -6.2962633 ], [ 106.8542609, -6.2962281 ], [ 106.8543898, -6.2960722 ], [ 106.8544346, -6.2957944 ], [ 106.8544338, -6.2951996 ], [ 106.8544382, -6.2943722 ], [ 106.8543307, -6.2940411 ], [ 106.8541954, -6.2938201 ], [ 106.8539977, -6.2936802 ], [ 106.8538677, -6.2936225 ], [ 106.8537656, -6.2936407 ], [ 106.8536475, -6.2937304 ], [ 106.8535316, -6.2937594 ], [ 106.8533961, -6.2938062 ], [ 106.8532639, -6.2938596 ], [ 106.8532016, -6.2938927 ], [ 106.8531221, -6.2939867 ], [ 106.8530426, -6.2940881 ], [ 106.8528149, -6.2943134 ], [ 106.852716, -6.2944597 ], [ 106.8526269, -6.2945729 ], [ 106.8525087, -6.2945975 ], [ 106.8524131, -6.2945857 ], [ 106.8523329, -6.2944868 ], [ 106.852412, -6.2940151 ], [ 106.8526651, -6.2936949 ], [ 106.8528391, -6.2934963 ], [ 106.8530447, -6.2932291 ], [ 106.8532007, -6.2931095 ], [ 106.8535063, -6.2927825 ], [ 106.8537748, -6.2924789 ], [ 106.8540298, -6.2921287 ], [ 106.8543742, -6.2916103 ], [ 106.8544846, -6.2913108 ], [ 106.8545739, -6.2909923 ], [ 106.8546166, -6.290632 ], [ 106.8545689, -6.2904091 ], [ 106.8544443, -6.2903085 ], [ 106.8541835, -6.2902059 ], [ 106.8539578, -6.2902021 ], [ 106.8535549, -6.2903007 ], [ 106.8531521, -6.290529 ], [ 106.8528271, -6.2907882 ], [ 106.8526461, -6.2908733 ], [ 106.8524262, -6.2909584 ], [ 106.8522666, -6.2909836 ], [ 106.8517626, -6.2910048 ], [ 106.8516633, -6.2911054 ], [ 106.8516244, -6.2912834 ], [ 106.8515874, -6.2916703 ], [ 106.8515952, -6.2920475 ], [ 106.8515349, -6.2921577 ], [ 106.8515057, -6.292328 ], [ 106.8515349, -6.2925021 ], [ 106.8513774, -6.2927463 ], [ 106.8512825, -6.2928319 ], [ 106.8510936, -6.2929263 ], [ 106.8509183, -6.2928995 ], [ 106.8505679, -6.2928091 ], [ 106.850318, -6.2926285 ], [ 106.8502614, -6.2925393 ], [ 106.8501418, -6.2922971 ], [ 106.8500366, -6.2920742 ], [ 106.8494713, -6.2908533 ], [ 106.8493846, -6.2905967 ], [ 106.8493794, -6.2903771 ], [ 106.8494935, -6.2901748 ], [ 106.8497315, -6.2901398 ], [ 106.849917, -6.2901025 ], [ 106.8502845, -6.2899861 ], [ 106.8505878, -6.2898992 ], [ 106.8507906, -6.2898448 ], [ 106.8509727, -6.2896848 ], [ 106.8510653, -6.2894968 ], [ 106.8512801, -6.2889881 ], [ 106.8513253, -6.2887281 ], [ 106.8512801, -6.2883098 ], [ 106.8512202, -6.2882081 ], [ 106.8510426, -6.2880983 ], [ 106.8507929, -6.2879361 ], [ 106.8506009, -6.2878549 ], [ 106.850428, -6.2878263 ], [ 106.850099, -6.2879866 ], [ 106.8499863, -6.2881699 ], [ 106.8498711, -6.2883369 ], [ 106.8496502, -6.2884944 ], [ 106.8494193, -6.2885213 ], [ 106.8493815, -6.2885122 ], [ 106.8484967, -6.2880443 ], [ 106.8483296, -6.2878802 ], [ 106.8481282, -6.287664 ], [ 106.8479698, -6.287454 ], [ 106.8477982, -6.2872132 ], [ 106.8477112, -6.2870477 ], [ 106.8475714, -6.2868361 ], [ 106.8474848, -6.2864361 ], [ 106.8474498, -6.2862438 ], [ 106.847406, -6.2859479 ], [ 106.8473582, -6.2855786 ], [ 106.8476739, -6.2849975 ], [ 106.8480469, -6.2845679 ], [ 106.8482391, -6.2844097 ], [ 106.848374, -6.2843009 ], [ 106.8486247, -6.2840709 ], [ 106.8486991, -6.2839566 ], [ 106.848807, -6.2838423 ], [ 106.8488725, -6.2838053 ], [ 106.848915, -6.28364 ], [ 106.8488672, -6.2834817 ], [ 106.8487867, -6.2833414 ], [ 106.8485911, -6.2832996 ], [ 106.8484248, -6.2834061 ], [ 106.8482919, -6.283479 ], [ 106.8481149, -6.2834923 ], [ 106.8479037, -6.2834657 ], [ 106.8477521, -6.2833957 ], [ 106.8476428, -6.283271 ], [ 106.8476178, -6.2830666 ], [ 106.8476709, -6.2829153 ], [ 106.8477205, -6.282852 ], [ 106.8477541, -6.2827799 ], [ 106.8477983, -6.282706 ], [ 106.8479558, -6.2825354 ], [ 106.8480337, -6.2824316 ], [ 106.8481363, -6.2822926 ], [ 106.8483098, -6.2820728 ], [ 106.8484726, -6.2818845 ], [ 106.848567, -6.2817304 ], [ 106.8487911, -6.2814043 ], [ 106.8488884, -6.2812865 ], [ 106.8490052, -6.2812056 ], [ 106.8490725, -6.2811229 ], [ 106.8491025, -6.2809875 ], [ 106.8493998, -6.2806269 ], [ 106.8495874, -6.2804422 ], [ 106.8498935, -6.2802804 ], [ 106.8502891, -6.2799872 ], [ 106.8503967, -6.2798803 ], [ 106.8504864, -6.2797326 ], [ 106.8504955, -6.2796767 ], [ 106.8504661, -6.2795634 ], [ 106.8502935, -6.279473 ], [ 106.8500333, -6.2794818 ], [ 106.8494438, -6.2795586 ], [ 106.8489571, -6.2796425 ], [ 106.8484483, -6.2797951 ], [ 106.8483151, -6.2798951 ], [ 106.8481133, -6.2799743 ], [ 106.8478331, -6.280025 ], [ 106.8474338, -6.2798798 ], [ 106.8472594, -6.2797725 ], [ 106.847035, -6.2795445 ], [ 106.8470076, -6.2795167 ], [ 106.8468217, -6.27934 ], [ 106.8467961, -6.2790495 ], [ 106.8468923, -6.2788044 ], [ 106.8475417, -6.2783641 ], [ 106.8477598, -6.2782367 ], [ 106.8479562, -6.278106 ], [ 106.848136, -6.2779852 ], [ 106.8485737, -6.2776183 ], [ 106.8488193, -6.2773453 ], [ 106.8489644, -6.2770857 ], [ 106.8490913, -6.2769328 ], [ 106.8492342, -6.2766318 ], [ 106.8494552, -6.276518 ], [ 106.8497563, -6.2765119 ], [ 106.8503519, -6.2767218 ], [ 106.8506233, -6.2767648 ], [ 106.8507649, -6.2767511 ], [ 106.8509402, -6.2767726 ], [ 106.8513272, -6.2766096 ], [ 106.8515425, -6.276473 ], [ 106.8517638, -6.2760931 ], [ 106.8518044, -6.2760079 ], [ 106.852005, -6.2755013 ], [ 106.8520313, -6.2753361 ], [ 106.8520254, -6.2751825 ], [ 106.851734, -6.2745335 ], [ 106.8515153, -6.2742003 ], [ 106.8513754, -6.2739975 ], [ 106.8512738, -6.2738338 ], [ 106.8512822, -6.2736163 ], [ 106.8514574, -6.2734262 ], [ 106.851766, -6.2732206 ], [ 106.8520345, -6.2731424 ], [ 106.8523323, -6.2732199 ], [ 106.8526, -6.2732843 ], [ 106.8531001, -6.2733729 ], [ 106.8533149, -6.273329 ], [ 106.8534662, -6.2731803 ], [ 106.8536196, -6.2729494 ], [ 106.8535714, -6.2727973 ], [ 106.8535537, -6.2725627 ], [ 106.8535081, -6.2723522 ], [ 106.8535402, -6.2720592 ], [ 106.8536318, -6.2719145 ], [ 106.8539823, -6.2719143 ], [ 106.8544028, -6.2719428 ], [ 106.8547957, -6.2721701 ], [ 106.8551577, -6.2724364 ], [ 106.8554537, -6.2725815 ], [ 106.8563995, -6.2726859 ], [ 106.8565795, -6.2727207 ], [ 106.8567026, -6.2726959 ], [ 106.8568596, -6.2724501 ], [ 106.8567248, -6.2720622 ], [ 106.8566914, -6.2718669 ], [ 106.8566154, -6.271724 ], [ 106.8565125, -6.271617 ], [ 106.8562529, -6.2715079 ], [ 106.8560438, -6.271403 ], [ 106.8558945, -6.2713283 ], [ 106.8552675, -6.2709017 ], [ 106.8550101, -6.2706628 ], [ 106.8548854, -6.2703732 ], [ 106.8548813, -6.2698779 ], [ 106.8549506, -6.2696399 ], [ 106.8551604, -6.2695929 ], [ 106.8553796, -6.2696385 ], [ 106.8555937, -6.2700656 ], [ 106.855841, -6.2704545 ], [ 106.8560658, -6.2705604 ], [ 106.8562154, -6.2706257 ], [ 106.8563622, -6.2705682 ], [ 106.8564416, -6.2705132 ], [ 106.8565778, -6.27037 ], [ 106.8566053, -6.2702462 ], [ 106.8565551, -6.2701509 ], [ 106.8564241, -6.2698082 ], [ 106.855791, -6.2680304 ], [ 106.8555079, -6.2671989 ], [ 106.8555251, -6.2669856 ], [ 106.8555251, -6.2666187 ], [ 106.8553693, -6.2661404 ], [ 106.8550932, -6.26593 ], [ 106.8544682, -6.2655794 ], [ 106.853963, -6.265083 ], [ 106.8541775, -6.2646991 ], [ 106.8549963, -6.2645083 ], [ 106.8560658, -6.2643749 ], [ 106.8568816, -6.2642452 ], [ 106.8571988, -6.2640165 ], [ 106.8572159, -6.263863 ], [ 106.8569241, -6.2636753 ], [ 106.8565121, -6.263607 ], [ 106.8556967, -6.263334 ], [ 106.8551696, -6.263027 ], [ 106.8547209, -6.2628281 ], [ 106.8544996, -6.262726 ], [ 106.8542631, -6.2624449 ], [ 106.8543586, -6.2621633 ], [ 106.854649, -6.2619825 ], [ 106.8550429, -6.2618464 ], [ 106.8553364, -6.261777 ], [ 106.8554649, -6.2618015 ], [ 106.8556245, -6.2620031 ], [ 106.855796, -6.2621982 ], [ 106.856031, -6.2624328 ], [ 106.8563063, -6.2626569 ], [ 106.8568812, -6.2628647 ], [ 106.8573533, -6.2628647 ], [ 106.8578598, -6.2628657 ], [ 106.8581248, -6.2628781 ], [ 106.8583383, -6.2628885 ], [ 106.8586736, -6.2629739 ], [ 106.8590115, -6.2629952 ], [ 106.8591805, -6.2628912 ], [ 106.8594062, -6.2625732 ], [ 106.8594475, -6.2625235 ], [ 106.8596879, -6.2615338 ], [ 106.8598923, -6.2605963 ], [ 106.8600366, -6.259696 ], [ 106.8602286, -6.2590681 ], [ 106.8605204, -6.2580016 ], [ 106.8605719, -6.2574299 ], [ 106.8605102, -6.2571653 ], [ 106.8602393, -6.2569827 ], [ 106.8601226, -6.2570093 ], [ 106.8599174, -6.2570426 ], [ 106.8596813, -6.2570587 ], [ 106.8594511, -6.2570491 ], [ 106.8593218, -6.2569094 ], [ 106.859336, -6.2567218 ], [ 106.8593998, -6.256554 ], [ 106.8595066, -6.2564561 ], [ 106.8597674, -6.256309 ], [ 106.8602867, -6.2560015 ], [ 106.860457, -6.25588 ], [ 106.8606985, -6.2556204 ], [ 106.8607676, -6.2555095 ], [ 106.8607875, -6.2553768 ], [ 106.8607307, -6.2550069 ], [ 106.8605033, -6.2546571 ], [ 106.8600226, -6.2544388 ], [ 106.8598076, -6.2543719 ], [ 106.8596058, -6.2543425 ], [ 106.8594295, -6.254376 ], [ 106.8592382, -6.2544627 ], [ 106.8590695, -6.2546165 ], [ 106.8588857, -6.2547447 ], [ 106.8584176, -6.2550581 ], [ 106.8579425, -6.2553301 ], [ 106.8577868, -6.2552805 ], [ 106.8576213, -6.2549953 ], [ 106.8575935, -6.2538556 ], [ 106.8576812, -6.2535217 ], [ 106.8578867, -6.2529496 ], [ 106.8579554, -6.2526936 ], [ 106.8583416, -6.2521305 ], [ 106.8587279, -6.2517636 ], [ 106.8589855, -6.2515234 ], [ 106.8592269, -6.251348 ], [ 106.8593174, -6.251295 ], [ 106.8595297, -6.2511755 ], [ 106.859607, -6.2511457 ], [ 106.860187, -6.2509958 ], [ 106.8604092, -6.2510341 ], [ 106.8605257, -6.2511664 ], [ 106.8606313, -6.251396 ], [ 106.8607919, -6.2520506 ], [ 106.8608925, -6.2525353 ], [ 106.8610687, -6.2537134 ], [ 106.861091, -6.2538313 ], [ 106.8611803, -6.2539535 ], [ 106.8613284, -6.2540329 ], [ 106.8621469, -6.2538704 ], [ 106.8626303, -6.2536166 ], [ 106.8629114, -6.2532277 ], [ 106.8629435, -6.2531328 ], [ 106.8629169, -6.2529398 ], [ 106.862822, -6.2525742 ], [ 106.8622212, -6.2511408 ], [ 106.8621954, -6.2505265 ], [ 106.8624117, -6.2502973 ], [ 106.8631547, -6.249987 ], [ 106.8633023, -6.2498541 ], [ 106.8638335, -6.2497036 ], [ 106.8639618, -6.2496271 ], [ 106.8641035, -6.2494396 ], [ 106.8640115, -6.2492688 ], [ 106.863437, -6.2486019 ], [ 106.8628073, -6.2477725 ], [ 106.8621182, -6.2465249 ], [ 106.8619869, -6.2459909 ], [ 106.8619894, -6.2457315 ], [ 106.86204, -6.2455451 ], [ 106.8621442, -6.2451946 ], [ 106.8622509, -6.2448074 ], [ 106.8623959, -6.2444039 ], [ 106.8624973, -6.244044 ], [ 106.8625521, -6.2434778 ], [ 106.8625561, -6.242686 ], [ 106.8625451, -6.2425188 ], [ 106.8625642, -6.2415719 ], [ 106.8627382, -6.2403111 ], [ 106.8628606, -6.2397333 ], [ 106.8629277, -6.2394167 ], [ 106.8630108, -6.2390252 ], [ 106.8635724, -6.2375061 ], [ 106.8639818, -6.2371425 ], [ 106.8644528, -6.236858 ], [ 106.8646973, -6.2367712 ], [ 106.8649678, -6.2367556 ], [ 106.8652682, -6.2367727 ], [ 106.8654593, -6.2369956 ], [ 106.8655217, -6.2373005 ], [ 106.8656015, -6.2377034 ], [ 106.8661869, -6.2389035 ], [ 106.8663847, -6.2391042 ], [ 106.8666086, -6.2392461 ], [ 106.8667334, -6.2392301 ], [ 106.866778, -6.2391946 ], [ 106.8668442, -6.2390948 ], [ 106.8669386, -6.2388828 ], [ 106.8669749, -6.2385155 ], [ 106.8669102, -6.2382492 ], [ 106.8667901, -6.237887 ], [ 106.8665805, -6.2373329 ], [ 106.8664815, -6.2368506 ], [ 106.8662024, -6.2363727 ], [ 106.8653779, -6.2355888 ], [ 106.86524, -6.2353221 ], [ 106.8652159, -6.234975 ], [ 106.8653913, -6.2347926 ], [ 106.8658349, -6.2347332 ], [ 106.8661197, -6.2346391 ], [ 106.8663008, -6.2344365 ], [ 106.8662871, -6.2341593 ], [ 106.8662082, -6.2339525 ], [ 106.8656874, -6.2330451 ], [ 106.8654761, -6.2327587 ], [ 106.8650265, -6.2321492 ], [ 106.8644257, -6.2317653 ], [ 106.8637648, -6.231424 ], [ 106.8634695, -6.2312249 ], [ 106.8633353, -6.2309556 ], [ 106.863327, -6.2307709 ], [ 106.8638163, -6.2298711 ], [ 106.8644187, -6.2292511 ], [ 106.8648806, -6.2286509 ], [ 106.8648183, -6.2277206 ], [ 106.8647647, -6.2268034 ], [ 106.8646252, -6.2265367 ], [ 106.8643828, -6.2261936 ], [ 106.8638335, -6.225383 ], [ 106.8636103, -6.2247857 ], [ 106.8636618, -6.2245554 ], [ 106.863782, -6.2245042 ], [ 106.8638373, -6.224506 ], [ 106.8645802, -6.2245298 ], [ 106.8649836, -6.2244597 ], [ 106.8651404, -6.2244085 ], [ 106.8652838, -6.2243017 ], [ 106.8653715, -6.2240997 ], [ 106.8654104, -6.223992 ], [ 106.8654233, -6.2238656 ], [ 106.8654147, -6.2237224 ], [ 106.865368, -6.2235455 ], [ 106.8653152, -6.2233777 ], [ 106.8651821, -6.2231945 ], [ 106.8649643, -6.2229457 ], [ 106.8643869, -6.2223693 ], [ 106.8642256, -6.2220996 ], [ 106.8640409, -6.2218692 ], [ 106.8639965, -6.2218064 ], [ 106.8637675, -6.221544 ], [ 106.8636869, -6.2213907 ], [ 106.8635913, -6.221193 ], [ 106.8633572, -6.2206698 ], [ 106.8632684, -6.2204014 ], [ 106.8630624, -6.2198792 ], [ 106.8628785, -6.2196877 ], [ 106.8626349, -6.2196384 ], [ 106.862026, -6.2196847 ], [ 106.8616804, -6.2199055 ], [ 106.8614749, -6.2202341 ], [ 106.8614926, -6.2204172 ], [ 106.8616237, -6.2206184 ], [ 106.8617545, -6.2208368 ], [ 106.8618001, -6.2211046 ], [ 106.8617939, -6.2214236 ], [ 106.8615411, -6.2215783 ], [ 106.8614349, -6.2216127 ], [ 106.8613343, -6.2216622 ], [ 106.8611548, -6.2216882 ], [ 106.8609885, -6.2217222 ], [ 106.8608235, -6.2216982 ], [ 106.860517, -6.2215757 ], [ 106.8603271, -6.2214313 ], [ 106.8602533, -6.2213474 ], [ 106.8601966, -6.2211751 ], [ 106.8601611, -6.2210207 ], [ 106.8603222, -6.2207396 ], [ 106.8605891, -6.2203232 ], [ 106.8606795, -6.2201444 ], [ 106.8611276, -6.2193267 ], [ 106.8612384, -6.2190767 ], [ 106.8613493, -6.2189481 ], [ 106.8615034, -6.2187398 ], [ 106.8619362, -6.2182151 ], [ 106.8623373, -6.2176243 ], [ 106.8627168, -6.2172856 ], [ 106.8632465, -6.216851 ], [ 106.8635968, -6.216494 ], [ 106.8635758, -6.2163415 ], [ 106.8634953, -6.2162057 ], [ 106.8633706, -6.2161362 ], [ 106.8632915, -6.2161195 ], [ 106.8632164, -6.2161031 ], [ 106.8631195, -6.2161111 ], [ 106.8627729, -6.2161077 ], [ 106.8624365, -6.2162777 ], [ 106.8619764, -6.2164975 ], [ 106.8614896, -6.2168038 ], [ 106.8606639, -6.217254 ], [ 106.8604094, -6.2172909 ], [ 106.8600333, -6.2173122 ], [ 106.8597802, -6.216999 ], [ 106.8596514, -6.2168454 ], [ 106.8593939, -6.2166577 ], [ 106.8591193, -6.2164359 ], [ 106.8589461, -6.216334 ], [ 106.8587006, -6.2162978 ], [ 106.8585578, -6.216371 ], [ 106.8583811, -6.2165894 ], [ 106.8580893, -6.2169137 ], [ 106.8580249, -6.217157 ], [ 106.8578531, -6.2175477 ], [ 106.8577631, -6.2176304 ], [ 106.8574315, -6.2176642 ], [ 106.8569478, -6.2173403 ], [ 106.8564878, -6.216703 ], [ 106.8562869, -6.2163505 ], [ 106.8563469, -6.2159068 ], [ 106.8564928, -6.2154631 ], [ 106.8566109, -6.2150749 ], [ 106.8568673, -6.2145453 ], [ 106.85715, -6.214147 ], [ 106.8574654, -6.213795 ], [ 106.8575646, -6.21374 ], [ 106.8576548, -6.2137214 ], [ 106.857989, -6.2137257 ], [ 106.858254, -6.213628 ], [ 106.8583156, -6.2135587 ], [ 106.8583344, -6.2134894 ], [ 106.8583257, -6.2133453 ], [ 106.8579716, -6.212949 ], [ 106.8578227, -6.2127517 ], [ 106.8577651, -6.2126357 ], [ 106.8576872, -6.2125261 ], [ 106.8576001, -6.2123584 ], [ 106.8574611, -6.2121994 ], [ 106.8572758, -6.212051 ], [ 106.8570472, -6.2118687 ], [ 106.8568908, -6.2117826 ], [ 106.8566401, -6.2116959 ], [ 106.8551056, -6.2113848 ], [ 106.8545048, -6.2111099 ], [ 106.8543681, -6.2110501 ], [ 106.8542432, -6.2108032 ], [ 106.8541871, -6.2106647 ], [ 106.8540491, -6.2105369 ], [ 106.8534508, -6.2100434 ], [ 106.8527584, -6.2095543 ], [ 106.8524993, -6.2094387 ], [ 106.8523692, -6.2093867 ], [ 106.8522352, -6.2093543 ], [ 106.8516029, -6.2091849 ], [ 106.8512897, -6.2090695 ], [ 106.8507828, -6.2087602 ], [ 106.8505427, -6.2085636 ], [ 106.8501595, -6.2081811 ], [ 106.8498953, -6.2079624 ], [ 106.8496002, -6.2077672 ], [ 106.8493637, -6.2076422 ], [ 106.8492377, -6.2075896 ], [ 106.8491261, -6.2075414 ], [ 106.8491353, -6.2074693 ], [ 106.8491407, -6.2074393 ], [ 106.8491608, -6.2072926 ], [ 106.8491903, -6.2070214 ], [ 106.8493473, -6.2063571 ], [ 106.8494993, -6.2059462 ], [ 106.8497948, -6.205614 ], [ 106.8500906, -6.2055073 ], [ 106.8504345, -6.2054647 ], [ 106.8510479, -6.2058305 ], [ 106.8514159, -6.2058836 ], [ 106.8516208, -6.20591 ], [ 106.8518129, -6.205901 ], [ 106.8521962, -6.2058633 ], [ 106.852584, -6.2058447 ], [ 106.8527889, -6.2059113 ], [ 106.8529347, -6.2060118 ], [ 106.8533438, -6.2064424 ], [ 106.8535728, -6.2065264 ], [ 106.8538427, -6.2065158 ], [ 106.8543362, -6.2063598 ], [ 106.8546769, -6.2061331 ], [ 106.855159, -6.2057078 ], [ 106.8553536, -6.2053875 ], [ 106.8555251, -6.2050754 ], [ 106.8557846, -6.2044426 ], [ 106.8557712, -6.2036639 ], [ 106.8557442, -6.2034276 ], [ 106.8557026, -6.2032116 ], [ 106.8556264, -6.2029853 ], [ 106.8555071, -6.202768 ], [ 106.8554431, -6.2026537 ], [ 106.8554049, -6.202597 ], [ 106.8553447, -6.202544 ], [ 106.8552285, -6.2024417 ], [ 106.8551588, -6.202399 ], [ 106.8550457, -6.2023628 ], [ 106.8547962, -6.2023414 ], [ 106.8544158, -6.2023084 ], [ 106.8540533, -6.202244 ], [ 106.8531494, -6.2019597 ], [ 106.8529214, -6.201881 ], [ 106.8528181, -6.2018637 ], [ 106.8527149, -6.2018667 ], [ 106.8525646, -6.2019117 ], [ 106.8524506, -6.2019784 ], [ 106.8522883, -6.2020814 ], [ 106.8518592, -6.2023734 ], [ 106.8517519, -6.2024143 ], [ 106.8516352, -6.202444 ], [ 106.8515869, -6.202434 ], [ 106.8515494, -6.2024101 ], [ 106.8514931, -6.2023694 ], [ 106.8514374, -6.2023034 ], [ 106.851357, -6.2021649 ], [ 106.8512437, -6.201928 ], [ 106.8511765, -6.2017679 ], [ 106.8510412, -6.2014174 ], [ 106.8505758, -6.2006135 ], [ 106.8503236, -6.2002828 ], [ 106.8496463, -6.1996824 ], [ 106.8492171, -6.1992046 ], [ 106.8489854, -6.1984793 ], [ 106.8487708, -6.1983769 ], [ 106.8479297, -6.1983769 ], [ 106.8474698, -6.1984109 ], [ 106.8470641, -6.1986635 ], [ 106.846649, -6.1990669 ], [ 106.8462574, -6.1993282 ], [ 106.8460598, -6.1994128 ], [ 106.8458404, -6.1994296 ], [ 106.8456392, -6.1993202 ], [ 106.8454284, -6.1991767 ], [ 106.8451456, -6.1988954 ], [ 106.8450064, -6.1986388 ], [ 106.8449505, -6.1982834 ], [ 106.845084, -6.1978896 ], [ 106.8459319, -6.1962347 ], [ 106.845852, -6.1958696 ], [ 106.8456954, -6.1957658 ], [ 106.8452596, -6.1957231 ], [ 106.8446588, -6.1957738 ], [ 106.8442913, -6.1957698 ], [ 106.8441028, -6.1957058 ], [ 106.843889, -6.1955098 ], [ 106.8437368, -6.1953059 ], [ 106.8436536, -6.1948532 ], [ 106.8436245, -6.1945844 ], [ 106.8436221, -6.1942025 ], [ 106.8436067, -6.1938145 ], [ 106.8437254, -6.1936246 ], [ 106.8439399, -6.1934379 ], [ 106.8441813, -6.1932459 ], [ 106.8444549, -6.1930379 ], [ 106.8448841, -6.1927872 ], [ 106.8452392, -6.1924775 ], [ 106.8453582, -6.1922733 ], [ 106.8454018, -6.1921371 ], [ 106.8451737, -6.1918379 ], [ 106.8435108, -6.1911073 ], [ 106.8430602, -6.1909715 ], [ 106.8426317, -6.1907213 ], [ 106.8413289, -6.1895926 ], [ 106.8412042, -6.1894633 ], [ 106.8410969, -6.1892527 ], [ 106.8410607, -6.1890607 ], [ 106.8410979, -6.18889 ], [ 106.8412026, -6.1887598 ], [ 106.8415937, -6.188471 ], [ 106.8417768, -6.1882525 ], [ 106.841845, -6.1880634 ], [ 106.8418522, -6.1878831 ], [ 106.8418149, -6.1877907 ], [ 106.8416825, -6.1875846 ], [ 106.8415589, -6.1875184 ], [ 106.8407193, -6.1872348 ], [ 106.8404829, -6.1870437 ], [ 106.8404731, -6.186802 ], [ 106.8406447, -6.1865497 ], [ 106.8406998, -6.1864335 ], [ 106.8408888, -6.185884 ], [ 106.8408396, -6.1857017 ], [ 106.8407648, -6.1855693 ], [ 106.8406206, -6.1854654 ], [ 106.8402263, -6.1854417 ], [ 106.8394914, -6.1854431 ], [ 106.8388852, -6.1856708 ], [ 106.838583, -6.1859028 ], [ 106.8382616, -6.1860481 ], [ 106.8380872, -6.186056 ], [ 106.8378168, -6.1860086 ], [ 106.837366, -6.1855002 ], [ 106.8365872, -6.1850484 ], [ 106.8364794, -6.1849779 ], [ 106.8362606, -6.1846778 ], [ 106.8361405, -6.1843837 ], [ 106.8361528, -6.1841233 ], [ 106.8362884, -6.1837527 ], [ 106.8366211, -6.1830206 ], [ 106.8368245, -6.1824049 ], [ 106.8368645, -6.1820159 ], [ 106.8368491, -6.1818597 ], [ 106.8362668, -6.1814829 ], [ 106.8353178, -6.1810755 ], [ 106.8351514, -6.1809132 ], [ 106.8350529, -6.1807171 ], [ 106.8350498, -6.1805395 ], [ 106.835133, -6.1803679 ], [ 106.835438, -6.1800708 ], [ 106.8356537, -6.1797951 ], [ 106.83582, -6.1796113 ], [ 106.836085, -6.1794122 ], [ 106.8362545, -6.1793356 ], [ 106.8364486, -6.1791886 ], [ 106.836541, -6.1791029 ], [ 106.8366519, -6.1788946 ], [ 106.8368183, -6.1784443 ], [ 106.8369076, -6.1780062 ], [ 106.8368768, -6.1778531 ], [ 106.8367197, -6.1777888 ], [ 106.8365441, -6.1778378 ], [ 106.8363099, -6.1779879 ], [ 106.8360049, -6.1781931 ], [ 106.8356937, -6.1783432 ], [ 106.8354472, -6.1783891 ], [ 106.8350128, -6.1783861 ], [ 106.8348649, -6.1783156 ], [ 106.8347293, -6.1782053 ], [ 106.8346307, -6.1780644 ], [ 106.8345845, -6.1778837 ], [ 106.8346123, -6.1777214 ], [ 106.834754, -6.1773323 ], [ 106.8349666, -6.1768484 ], [ 106.8350498, -6.1766033 ], [ 106.8350467, -6.1764532 ], [ 106.8349604, -6.1761745 ], [ 106.8348249, -6.1757793 ], [ 106.8345229, -6.175035 ], [ 106.8343599, -6.1747577 ], [ 106.8342395, -6.1746735 ], [ 106.8341131, -6.1747164 ], [ 106.8339622, -6.1748665 ], [ 106.833691, -6.175231 ], [ 106.8334137, -6.1755741 ], [ 106.8331272, -6.1757395 ], [ 106.8327544, -6.1757977 ], [ 106.8324001, -6.1756905 ], [ 106.8322645, -6.175571 ], [ 106.832206, -6.1754148 ], [ 106.8321844, -6.1752616 ], [ 106.8322121, -6.1751207 ], [ 106.8322707, -6.1749584 ], [ 106.8324063, -6.1744905 ], [ 106.8324226, -6.1741772 ], [ 106.832604, -6.1736033 ], [ 106.8326677, -6.1734731 ], [ 106.8329898, -6.1728714 ], [ 106.833142, -6.1726145 ], [ 106.8331243, -6.1724491 ], [ 106.8330146, -6.17234 ], [ 106.8328128, -6.1722873 ], [ 106.8323563, -6.1722486 ], [ 106.8320236, -6.1722028 ], [ 106.8317263, -6.1721008 ], [ 106.83156, -6.171851 ], [ 106.8315316, -6.1717454 ], [ 106.8315883, -6.1716152 ], [ 106.8320982, -6.1710205 ], [ 106.8321832, -6.1708956 ], [ 106.8323354, -6.17082 ], [ 106.8324185, -6.1707285 ], [ 106.8324787, -6.1705332 ], [ 106.8323796, -6.170403 ], [ 106.8322451, -6.1702658 ], [ 106.8320115, -6.1699984 ], [ 106.8318204, -6.1696852 ], [ 106.8315868, -6.1688231 ], [ 106.8314771, -6.1683305 ], [ 106.831469, -6.1681956 ], [ 106.8316031, -6.1675628 ], [ 106.8317355, -6.1673661 ], [ 106.8380671, -6.1638007 ], [ 106.8381964, -6.1636034 ], [ 106.8368011, -6.1579664 ], [ 106.8345784, -6.1492606 ], [ 106.8344701, -6.1489878 ], [ 106.8341633, -6.1479886 ], [ 106.8339506, -6.1472079 ], [ 106.8339831, -6.1460805 ], [ 106.8339644, -6.1456241 ], [ 106.8339085, -6.1450563 ], [ 106.8329969, -6.1409939 ], [ 106.8328314, -6.1402308 ], [ 106.8323922, -6.1381645 ], [ 106.8317929, -6.1353409 ], [ 106.8313765, -6.1337063 ], [ 106.8306243, -6.1303092 ], [ 106.830372, -6.1291434 ], [ 106.829769, -6.1255293 ], [ 106.8297534, -6.1254457 ], [ 106.8295184, -6.1241869 ], [ 106.8291908, -6.1217876 ], [ 106.8290038, -6.1205073 ], [ 106.8289044, -6.1201703 ], [ 106.8285612, -6.1178014 ] ] ] } },
{ "type": "Feature", "properties": { "full_id": "w28188001", "osm_id": "28188001", "osm_type": "way", "waterway": "river", "admin_leve": null, "ele": null, "name_ja": null, "boundary": null, "salt": null, "fishing": null, "name_id": null, "man_made": null, "addr_city": null, "embankment": null, "width": null, "tidal": null, "intermitte": null, "tunnel": "culvert", "wikidata": null, "name_nl": null, "wikipedia": null, "boat": null, "name_en": null, "name": "Sungai Cipinang", "layer": "-1", "alt_name": null, "path": null }, "geometry": { "type": "MultiLineString", "coordinates": [ [ [ 106.8745581, -6.3614558 ], [ 106.8744186, -6.3613905 ], [ 106.8742094, -6.3613491 ], [ 106.8740559, -6.3613131 ], [ 106.873962, -6.3612438 ], [ 106.8738735, -6.3610253 ], [ 106.8737669, -6.3608853 ], [ 106.8735617, -6.3609733 ], [ 106.8733927, -6.3610506 ], [ 106.8732505, -6.3611066 ], [ 106.8731245, -6.3610586 ], [ 106.8729877, -6.3610692 ], [ 106.8725739, -6.3609293 ], [ 106.872071, -6.3605254 ], [ 106.8715869, -6.3600776 ], [ 106.8715306, -6.359895 ], [ 106.8715239, -6.3597364 ], [ 106.8717609, -6.3594058 ], [ 106.8718454, -6.3593245 ], [ 106.8719393, -6.3592326 ], [ 106.8720787, -6.3590886 ], [ 106.8723014, -6.3588554 ], [ 106.8723456, -6.3587927 ], [ 106.8723604, -6.3586048 ], [ 106.8721927, -6.3585661 ], [ 106.8721243, -6.3585275 ], [ 106.8720694, -6.3583955 ], [ 106.8720264, -6.3582303 ], [ 106.8719889, -6.3580903 ], [ 106.872017, -6.3578477 ], [ 106.8723329, -6.3578091 ], [ 106.8724576, -6.3577784 ], [ 106.8726132, -6.3576518 ], [ 106.8728277, -6.3576278 ], [ 106.8729793, -6.3576065 ], [ 106.8730289, -6.3575718 ], [ 106.8730665, -6.3575012 ], [ 106.8730718, -6.3573572 ], [ 106.8730732, -6.3572533 ], [ 106.8731402, -6.3571653 ], [ 106.8732958, -6.3570533 ], [ 106.8733753, -6.3569534 ], [ 106.8734249, -6.3568441 ], [ 106.8734564, -6.3567615 ], [ 106.8736897, -6.3566388 ], [ 106.8737501, -6.3566215 ], [ 106.8738091, -6.3565815 ], [ 106.8739164, -6.3564935 ], [ 106.8739352, -6.3563976 ], [ 106.8739834, -6.3562856 ], [ 106.8741095, -6.356187 ], [ 106.8742785, -6.3561097 ], [ 106.8743107, -6.3560457 ], [ 106.8742838, -6.3559497 ], [ 106.8741953, -6.3558644 ], [ 106.8740532, -6.3557685 ], [ 106.8738145, -6.3557791 ], [ 106.8736321, -6.3557711 ], [ 106.8735194, -6.3557365 ], [ 106.8734738, -6.3557178 ], [ 106.8732995, -6.3556192 ], [ 106.8732002, -6.3554966 ], [ 106.8731439, -6.3553446 ], [ 106.8731439, -6.355166 ], [ 106.8731412, -6.3550007 ], [ 106.8729562, -6.3549234 ], [ 106.8728127, -6.3549621 ], [ 106.8727134, -6.3550127 ], [ 106.8726329, -6.3551154 ], [ 106.8725874, -6.3551447 ], [ 106.8725498, -6.3551314 ], [ 106.8723916, -6.3549461 ], [ 106.8723875, -6.3548834 ], [ 106.8723969, -6.3548328 ], [ 106.8724184, -6.3547422 ], [ 106.872464, -6.3546182 ], [ 106.8724814, -6.3545529 ], [ 106.8724431, -6.3544776 ], [ 106.8723815, -6.3544123 ], [ 106.8722816, -6.354325 ], [ 106.8721837, -6.3542517 ], [ 106.8721354, -6.354145 ], [ 106.8721113, -6.3540584 ], [ 106.8720885, -6.3538665 ], [ 106.8720683, -6.3537758 ], [ 106.872016, -6.3537465 ], [ 106.8718578, -6.3537478 ], [ 106.8715882, -6.3537478 ], [ 106.8713763, -6.3537532 ], [ 106.8712395, -6.3537305 ], [ 106.871139, -6.3536332 ], [ 106.871088, -6.3535546 ], [ 106.8710732, -6.3534146 ], [ 106.871084, -6.3533373 ], [ 106.8711537, -6.353272 ], [ 106.8711939, -6.3532733 ], [ 106.8712342, -6.3533107 ], [ 106.8712985, -6.353332 ], [ 106.8713951, -6.3533213 ], [ 106.8714648, -6.3533107 ], [ 106.8715158, -6.3532653 ], [ 106.8715292, -6.3531907 ], [ 106.8714622, -6.3531241 ], [ 106.8714461, -6.3530414 ], [ 106.8713844, -6.3529241 ], [ 106.871261, -6.3528175 ], [ 106.8710545, -6.3527029 ], [ 106.8708372, -6.3526709 ], [ 106.8706092, -6.3526949 ], [ 106.8704027, -6.3527962 ], [ 106.8702364, -6.3528495 ], [ 106.8701962, -6.3527669 ], [ 106.8702123, -6.3526682 ], [ 106.8701988, -6.3525509 ], [ 106.8701318, -6.3524363 ], [ 106.869999, -6.3522977 ], [ 106.8699561, -6.3522564 ], [ 106.8698072, -6.3521457 ], [ 106.8697611, -6.3520906 ], [ 106.8697335, -6.3520324 ], [ 106.8697338, -6.3519684 ], [ 106.8697482, -6.3519136 ], [ 106.8697871, -6.3518232 ], [ 106.8697898, -6.3517512 ], [ 106.8698153, -6.3515753 ], [ 106.8697952, -6.3514966 ], [ 106.8697536, -6.351486 ], [ 106.8697107, -6.351504 ], [ 106.8696886, -6.3515553 ], [ 106.8696698, -6.3515913 ], [ 106.8696302, -6.3516106 ], [ 106.869542, -6.3516159 ], [ 106.8693794, -6.3516019 ], [ 106.869311, -6.3515846 ], [ 106.8692909, -6.35151 ], [ 106.8692815, -6.351362 ], [ 106.869256, -6.3512807 ], [ 106.8692051, -6.3512167 ], [ 106.8690468, -6.3512167 ], [ 106.8688899, -6.3512407 ], [ 106.8686794, -6.3512141 ], [ 106.8685868, -6.3511234 ], [ 106.8685547, -6.3510315 ], [ 106.86856, -6.3509155 ], [ 106.8686177, -6.3507675 ], [ 106.8686552, -6.3506782 ], [ 106.8686512, -6.350529 ], [ 106.8686914, -6.3504303 ], [ 106.868788, -6.350301 ], [ 106.8688282, -6.3501811 ], [ 106.8688242, -6.3501118 ], [ 106.8688537, -6.3500451 ], [ 106.8689033, -6.3500011 ], [ 106.8689664, -6.3499572 ], [ 106.869067, -6.3499292 ], [ 106.8691488, -6.3499372 ], [ 106.8692145, -6.3499692 ], [ 106.8692708, -6.3500105 ], [ 106.8693157, -6.3500128 ], [ 106.8693513, -6.3499945 ], [ 106.8693734, -6.3499372 ], [ 106.8693827, -6.3499062 ], [ 106.8694032, -6.3498385 ], [ 106.8694093, -6.3497752 ], [ 106.869413, -6.3497052 ], [ 106.8694093, -6.3496373 ], [ 106.8693968, -6.349575 ], [ 106.8693308, -6.349494 ], [ 106.8692916, -6.3494617 ], [ 106.8692335, -6.3494273 ], [ 106.8690857, -6.349332 ], [ 106.8690602, -6.3492321 ], [ 106.8690884, -6.3491081 ], [ 106.8690643, -6.3490175 ], [ 106.8690307, -6.3489548 ], [ 106.8689945, -6.3489069 ], [ 106.8688886, -6.3488189 ], [ 106.8688148, -6.3487229 ], [ 106.8687679, -6.348607 ], [ 106.8687692, -6.3485416 ], [ 106.8687813, -6.3484817 ], [ 106.8688135, -6.348443 ], [ 106.8688899, -6.3484217 ], [ 106.8689704, -6.3484563 ], [ 106.869067, -6.348495 ], [ 106.8691836, -6.3484497 ], [ 106.8692681, -6.3483977 ], [ 106.8693083, -6.3483337 ], [ 106.8693915, -6.3482617 ], [ 106.86959, -6.3481338 ], [ 106.8696919, -6.3480618 ], [ 106.8697536, -6.3480778 ], [ 106.869826, -6.3481604 ], [ 106.8698797, -6.3481844 ], [ 106.8698904, -6.3480778 ], [ 106.8698797, -6.3479392 ], [ 106.8698502, -6.3478459 ], [ 106.8698689, -6.3476966 ], [ 106.869877, -6.3474833 ], [ 106.8698448, -6.3473367 ], [ 106.8697603, -6.3472488 ], [ 106.869702, -6.3471674 ], [ 106.8696866, -6.3471208 ], [ 106.8696953, -6.3470754 ], [ 106.8697509, -6.3470355 ], [ 106.8698609, -6.3470115 ], [ 106.8699682, -6.3470328 ], [ 106.8701693, -6.3470461 ], [ 106.8702981, -6.3470595 ], [ 106.8704188, -6.3470275 ], [ 106.8704751, -6.3469395 ], [ 106.870518, -6.3467929 ], [ 106.8705127, -6.3466863 ], [ 106.8704376, -6.3466116 ], [ 106.8703437, -6.3465263 ], [ 106.8703195, -6.3463744 ], [ 106.8704, -6.3463024 ], [ 106.870569, -6.3462438 ], [ 106.870636, -6.3462571 ], [ 106.8707406, -6.3462571 ], [ 106.8709928, -6.3460945 ], [ 106.8710759, -6.3460198 ], [ 106.8712127, -6.3459932 ], [ 106.8713173, -6.3459558 ], [ 106.8714273, -6.3457639 ], [ 106.8713978, -6.3456973 ], [ 106.8714246, -6.3456466 ], [ 106.8715131, -6.3456973 ], [ 106.8716553, -6.3457986 ], [ 106.8717626, -6.3458146 ], [ 106.8718538, -6.3457399 ], [ 106.872012, -6.3455133 ], [ 106.8721247, -6.3453401 ], [ 106.8727389, -6.3447216 ], [ 106.8728194, -6.3445483 ], [ 106.8728274, -6.3443857 ], [ 106.8728837, -6.3442897 ], [ 106.8732592, -6.3437486 ], [ 106.8732673, -6.3436313 ], [ 106.8732405, -6.3435327 ], [ 106.87305, -6.343466 ], [ 106.8729427, -6.3434394 ], [ 106.8727764, -6.3435273 ], [ 106.8726128, -6.3436313 ], [ 106.8725216, -6.3436473 ], [ 106.8724304, -6.3436046 ], [ 106.8722695, -6.3434527 ], [ 106.872181, -6.3433381 ], [ 106.8721864, -6.3431568 ], [ 106.8722588, -6.3427916 ], [ 106.8724197, -6.342349 ], [ 106.8724948, -6.3421944 ], [ 106.8725324, -6.3419945 ], [ 106.8724841, -6.3419465 ], [ 106.8722212, -6.3418265 ], [ 106.8721354, -6.3417732 ], [ 106.8721113, -6.3417066 ], [ 106.8721113, -6.3411574 ], [ 106.8721086, -6.3410988 ], [ 106.8720576, -6.3410375 ], [ 106.8719235, -6.3410108 ], [ 106.8716982, -6.3409762 ], [ 106.8714595, -6.3409495 ], [ 106.8714139, -6.3408802 ], [ 106.8714622, -6.3407389 ], [ 106.8715534, -6.3405843 ], [ 106.8716472, -6.3404617 ], [ 106.8717411, -6.340403 ], [ 106.8719128, -6.340443 ], [ 106.8721059, -6.340491 ], [ 106.8722749, -6.3404883 ], [ 106.8723674, -6.3404457 ], [ 106.8724546, -6.340351 ], [ 106.8724801, -6.3402964 ], [ 106.8724707, -6.3402164 ], [ 106.8723956, -6.3401118 ], [ 106.8723339, -6.3400365 ], [ 106.8722051, -6.3399778 ], [ 106.872118, -6.3399098 ], [ 106.8720965, -6.3398312 ], [ 106.872122, -6.3396886 ], [ 106.8722413, -6.3396393 ], [ 106.8725954, -6.3396726 ], [ 106.8727742, -6.3396502 ], [ 106.8729563, -6.3395353 ], [ 106.8729563, -6.3393694 ], [ 106.8729892, -6.3392051 ], [ 106.8729913, -6.3390423 ], [ 106.8730302, -6.3389144 ], [ 106.8731232, -6.338854 ], [ 106.8731671, -6.3388193 ], [ 106.8732231, -6.338778 ], [ 106.8734411, -6.3386192 ], [ 106.8734868, -6.3384479 ], [ 106.8734994, -6.3382891 ], [ 106.8734634, -6.3381866 ], [ 106.8734593, -6.3381093 ], [ 106.8734918, -6.3380397 ], [ 106.8736055, -6.337928 ], [ 106.8737877, -6.3378017 ], [ 106.8739583, -6.3377272 ], [ 106.8740547, -6.3376617 ], [ 106.8742347, -6.3374046 ], [ 106.8745466, -6.3372459 ], [ 106.8745745, -6.3371602 ], [ 106.8745491, -6.337067 ], [ 106.8744375, -6.3370418 ], [ 106.8743564, -6.3370468 ], [ 106.8742981, -6.3370644 ], [ 106.874217, -6.3370644 ], [ 106.8741815, -6.3370292 ], [ 106.8741434, -6.3369485 ], [ 106.8741181, -6.3368376 ], [ 106.874113, -6.3367217 ], [ 106.874146, -6.3366436 ], [ 106.8743868, -6.3363387 ], [ 106.8744071, -6.3362581 ], [ 106.8743767, -6.3360665 ], [ 106.8743665, -6.335996 ], [ 106.8744147, -6.3358297 ], [ 106.8744401, -6.3358019 ], [ 106.8745871, -6.335812 ], [ 106.8746885, -6.3358448 ], [ 106.8748026, -6.335875 ], [ 106.8749091, -6.3358297 ], [ 106.8749396, -6.3357616 ], [ 106.8748483, -6.3355651 ], [ 106.8748483, -6.3355147 ], [ 106.874866, -6.3353332 ], [ 106.874866, -6.3352576 ], [ 106.8748432, -6.3351896 ], [ 106.8748128, -6.3351468 ], [ 106.8748508, -6.3350611 ], [ 106.8748787, -6.3350359 ], [ 106.8749243, -6.3350208 ], [ 106.87497, -6.3350258 ], [ 106.8751753, -6.3351316 ], [ 106.8752844, -6.3351316 ], [ 106.8753478, -6.3351064 ], [ 106.8756267, -6.3345899 ], [ 106.8757813, -6.3343832 ], [ 106.8758371, -6.3343353 ], [ 106.8759668, -6.334197 ], [ 106.876062, -6.33414 ], [ 106.8762346, -6.3341754 ], [ 106.8765141, -6.3341967 ], [ 106.8765927, -6.3341942 ], [ 106.8766839, -6.3340254 ], [ 106.8767296, -6.3338767 ], [ 106.8767651, -6.3337583 ], [ 106.8768285, -6.33366 ], [ 106.8768842, -6.3336096 ], [ 106.8769552, -6.3335415 ], [ 106.8770617, -6.3334886 ], [ 106.8771834, -6.3334055 ], [ 106.8772823, -6.3333374 ], [ 106.8773786, -6.3332492 ], [ 106.8774395, -6.3331484 ], [ 106.8774877, -6.3330199 ], [ 106.8775308, -6.3329544 ], [ 106.8776144, -6.3328536 ], [ 106.8776601, -6.3327528 ], [ 106.8776854, -6.3326898 ], [ 106.8776499, -6.3326192 ], [ 106.8776296, -6.3324655 ], [ 106.8776246, -6.332337 ], [ 106.8776322, -6.3322186 ], [ 106.8776525, -6.332148 ], [ 106.8777311, -6.3321228 ], [ 106.8778807, -6.3320523 ], [ 106.878086, -6.3319464 ], [ 106.8781418, -6.3318985 ], [ 106.8782179, -6.3318355 ], [ 106.8782635, -6.331765 ], [ 106.8782711, -6.3316944 ], [ 106.8782724, -6.3315726 ], [ 106.8782632, -6.331433 ], [ 106.878261, -6.331324 ], [ 106.8782939, -6.3312106 ], [ 106.8783801, -6.3311501 ], [ 106.8784892, -6.3310795 ], [ 106.8785804, -6.3310266 ], [ 106.8786844, -6.3309964 ], [ 106.8788695, -6.3309838 ], [ 106.8789861, -6.3309258 ], [ 106.8790901, -6.3308679 ], [ 106.8792523, -6.3308578 ], [ 106.8793182, -6.3308805 ], [ 106.8793791, -6.3309964 ], [ 106.879407, -6.3311425 ], [ 106.8794298, -6.3312257 ], [ 106.879445, -6.3312988 ], [ 106.8795515, -6.3313139 ], [ 106.8796453, -6.3313063 ], [ 106.8797543, -6.3312711 ], [ 106.8799496, -6.3312307 ], [ 106.8800738, -6.3312081 ], [ 106.8801702, -6.3311677 ], [ 106.8802386, -6.3311199 ], [ 106.880264, -6.3310846 ], [ 106.8803273, -6.3310342 ], [ 106.8803603, -6.3310241 ], [ 106.8804719, -6.3309913 ], [ 106.8805961, -6.3309964 ], [ 106.8806722, -6.3309964 ], [ 106.8807508, -6.3309687 ], [ 106.8808294, -6.3309157 ], [ 106.8808902, -6.3308376 ], [ 106.880837, -6.3306915 ], [ 106.8807584, -6.3305655 ], [ 106.8806012, -6.3304168 ], [ 106.8805403, -6.3303488 ], [ 106.8805023, -6.3302732 ], [ 106.8805074, -6.33019 ], [ 106.8805353, -6.3301169 ], [ 106.8806595, -6.3299254 ], [ 106.8807178, -6.3298574 ], [ 106.8807837, -6.329807 ], [ 106.8808294, -6.3297591 ], [ 106.8808547, -6.3296986 ], [ 106.8808598, -6.3296154 ], [ 106.8808978, -6.3295096 ], [ 106.8809257, -6.3293685 ], [ 106.8809359, -6.3292752 ], [ 106.8809029, -6.3292122 ], [ 106.8808496, -6.3291921 ], [ 106.8807642, -6.3291759 ], [ 106.8806578, -6.3290701 ], [ 106.880673, -6.3287677 ], [ 106.8803991, -6.3283141 ], [ 106.880267, -6.3279812 ], [ 106.8802086, -6.3278391 ], [ 106.8801507, -6.3275682 ], [ 106.8801963, -6.3274674 ], [ 106.8802318, -6.3273615 ], [ 106.8802166, -6.3267416 ], [ 106.880176, -6.3263939 ], [ 106.8802217, -6.3261872 ], [ 106.8802369, -6.3260713 ], [ 106.8802369, -6.3258495 ], [ 106.8801253, -6.3257034 ], [ 106.8800898, -6.3255875 ], [ 106.8801709, -6.3254791 ], [ 106.8803028, -6.325406 ], [ 106.8804498, -6.3253833 ], [ 106.8807161, -6.3255043 ], [ 106.8807997, -6.3256479 ], [ 106.880924, -6.3256832 ], [ 106.8811116, -6.3257109 ], [ 106.8812688, -6.3256429 ], [ 106.8814716, -6.3255497 ], [ 106.8817049, -6.3254715 ], [ 106.881715, -6.3253783 ], [ 106.8816567, -6.3252422 ], [ 106.8816821, -6.3251263 ], [ 106.8817252, -6.3249877 ], [ 106.8816719, -6.3247407 ], [ 106.8816821, -6.3245341 ], [ 106.8815198, -6.3244383 ], [ 106.8814437, -6.3243476 ], [ 106.8813749, -6.3241625 ], [ 106.8814205, -6.3240559 ], [ 106.8814581, -6.3237493 ], [ 106.8815117, -6.3236347 ], [ 106.8815171, -6.3235734 ], [ 106.8814715, -6.3233121 ], [ 106.8814661, -6.3232268 ], [ 106.8814339, -6.3231468 ], [ 106.881383, -6.3230908 ], [ 106.881281, -6.3229815 ], [ 106.8811308, -6.322699 ], [ 106.8811067, -6.3226643 ], [ 106.8810155, -6.322531 ], [ 106.8809806, -6.3224484 ], [ 106.8809216, -6.3223844 ], [ 106.8808331, -6.3223817 ], [ 106.8807634, -6.3224217 ], [ 106.8807044, -6.3224484 ], [ 106.8806319, -6.322443 ], [ 106.8805729, -6.3223977 ], [ 106.8805059, -6.322379 ], [ 106.8804281, -6.322411 ], [ 106.8803637, -6.3224804 ], [ 106.8803235, -6.322587 ], [ 106.8802779, -6.3226376 ], [ 106.8802081, -6.3226963 ], [ 106.880133, -6.322691 ], [ 106.8800794, -6.322627 ], [ 106.8800767, -6.3225443 ], [ 106.8800982, -6.322451 ], [ 106.8801196, -6.3223417 ], [ 106.8801491, -6.3222724 ], [ 106.880117, -6.3221791 ], [ 106.8800284, -6.3220152 ], [ 106.8799453, -6.3218672 ], [ 106.8799399, -6.3218072 ], [ 106.8799185, -6.3217632 ], [ 106.8798662, -6.3216779 ], [ 106.8797857, -6.3215979 ], [ 106.8797723, -6.3215953 ], [ 106.8796945, -6.3215806 ], [ 106.8795604, -6.3215553 ], [ 106.8794772, -6.3215286 ], [ 106.879437, -6.3214913 ], [ 106.8794035, -6.3214393 ], [ 106.8794021, -6.3213927 ], [ 106.8794424, -6.3213393 ], [ 106.879496, -6.3213087 ], [ 106.8795751, -6.321286 ], [ 106.8796771, -6.3212767 ], [ 106.8797656, -6.3212714 ], [ 106.8798554, -6.3212314 ], [ 106.8799218, -6.3211454 ], [ 106.879903, -6.3209561 ], [ 106.879903, -6.3207322 ], [ 106.8798843, -6.3206469 ], [ 106.879887, -6.3205669 ], [ 106.8799138, -6.3205003 ], [ 106.8800077, -6.3204629 ], [ 106.8801042, -6.3204763 ], [ 106.8803242, -6.3204576 ], [ 106.8804341, -6.3204469 ], [ 106.8806246, -6.3203456 ], [ 106.8806755, -6.320311 ], [ 106.8808257, -6.320255 ], [ 106.8809196, -6.3201777 ], [ 106.8809384, -6.320103 ], [ 106.8808713, -6.3200257 ], [ 106.8808096, -6.3199884 ], [ 106.8807023, -6.3199271 ], [ 106.8805629, -6.3198311 ], [ 106.8805468, -6.3197991 ], [ 106.8805682, -6.3197485 ], [ 106.8806326, -6.3196952 ], [ 106.8807426, -6.3197031 ], [ 106.8808552, -6.3197351 ], [ 106.8810698, -6.3197351 ], [ 106.8811389, -6.3196465 ], [ 106.8812059, -6.3195639 ], [ 106.8812167, -6.3194759 ], [ 106.881222, -6.3193959 ], [ 106.8812193, -6.3193079 ], [ 106.8811268, -6.3192433 ], [ 106.8810182, -6.31918 ], [ 106.8807768, -6.31906 ], [ 106.8807486, -6.319056 ], [ 106.8806749, -6.319024 ], [ 106.8805796, -6.318932 ], [ 106.8805287, -6.3188934 ], [ 106.8804563, -6.3188227 ], [ 106.8804442, -6.3187654 ], [ 106.8804683, -6.3186561 ], [ 106.8804723, -6.3185361 ], [ 106.8804858, -6.3184775 ], [ 106.8804925, -6.3183269 ], [ 106.8805099, -6.3182975 ], [ 106.8805421, -6.3182709 ], [ 106.8805783, -6.3182336 ], [ 106.8806078, -6.3181576 ], [ 106.8806091, -6.3181269 ], [ 106.8805944, -6.3180789 ], [ 106.8805756, -6.3180589 ], [ 106.8805407, -6.3180096 ], [ 106.8805474, -6.3179523 ], [ 106.8806199, -6.3178537 ], [ 106.8806799, -6.3177694 ], [ 106.8807875, -6.3176477 ], [ 106.8809458, -6.3174798 ], [ 106.8810316, -6.3173865 ], [ 106.8810665, -6.3173345 ], [ 106.8811053, -6.3172612 ], [ 106.8812153, -6.3171652 ], [ 106.8813065, -6.3170826 ], [ 106.8814312, -6.3169759 ], [ 106.8814889, -6.3169213 ], [ 106.8815506, -6.3168507 ], [ 106.8816592, -6.316772 ], [ 106.8817424, -6.316716 ], [ 106.881847, -6.3166 ], [ 106.8819248, -6.3165187 ], [ 106.8820119, -6.3165107 ], [ 106.8821353, -6.3165294 ], [ 106.8823338, -6.316572 ], [ 106.8824116, -6.3165827 ], [ 106.8824693, -6.3165574 ], [ 106.88248, -6.3164734 ], [ 106.8824746, -6.3162894 ], [ 106.8824518, -6.3161695 ], [ 106.8824786, -6.3160508 ], [ 106.8825135, -6.3159749 ], [ 106.8825779, -6.3159175 ], [ 106.8826865, -6.3158242 ], [ 106.8827495, -6.3156923 ], [ 106.8827948, -6.315594 ], [ 106.8828042, -6.315474 ], [ 106.8827975, -6.3153553 ], [ 106.8827988, -6.3152407 ], [ 106.8827948, -6.3149741 ], [ 106.8827908, -6.3149061 ], [ 106.8828042, -6.3148635 ], [ 106.8828511, -6.3148208 ], [ 106.8829651, -6.3148168 ], [ 106.8830482, -6.3148088 ], [ 106.8830804, -6.3147662 ], [ 106.8830979, -6.3147049 ], [ 106.883108, -6.3146029 ], [ 106.8831361, -6.3145842 ], [ 106.8832139, -6.3145309 ], [ 106.8832528, -6.3144989 ], [ 106.8832407, -6.3144403 ], [ 106.8831683, -6.3144136 ], [ 106.8830691, -6.3143963 ], [ 106.8830409, -6.3143856 ], [ 106.8830007, -6.314343 ], [ 106.882994, -6.3142737 ], [ 106.8830329, -6.3142043 ], [ 106.883108, -6.3141457 ], [ 106.883179, -6.3140164 ], [ 106.8831562, -6.3138991 ], [ 106.8831516, -6.3137797 ], [ 106.8831482, -6.3136898 ], [ 106.8831294, -6.3135459 ], [ 106.8830761, -6.313273 ], [ 106.8829943, -6.3129157 ], [ 106.8829715, -6.3127637 ], [ 106.8829742, -6.3125985 ], [ 106.8830258, -6.3124152 ], [ 106.8831344, -6.3121072 ], [ 106.8831653, -6.311962 ], [ 106.8831653, -6.3117673 ], [ 106.8830834, -6.3114981 ], [ 106.8830272, -6.3112341 ], [ 106.8829306, -6.3109342 ], [ 106.8828689, -6.310729 ], [ 106.8827991, -6.3105797 ], [ 106.8825712, -6.3106183 ], [ 106.8824096, -6.310649 ], [ 106.8822634, -6.3106838 ], [ 106.8821036, -6.3107084 ], [ 106.8819631, -6.3106497 ], [ 106.8818837, -6.3105811 ], [ 106.8818419, -6.3104285 ], [ 106.8818466, -6.3102634 ], [ 106.881765, -6.3100425 ], [ 106.881639, -6.3098919 ], [ 106.8814978, -6.3098334 ], [ 106.8812851, -6.3097571 ], [ 106.881159, -6.3096106 ], [ 106.8811005, -6.3094788 ], [ 106.8811054, -6.3092796 ], [ 106.8811661, -6.3088115 ], [ 106.8811435, -6.3086389 ], [ 106.8810845, -6.3084496 ], [ 106.8809424, -6.3082496 ], [ 106.8808445, -6.308147 ], [ 106.8807707, -6.3080937 ], [ 106.8805447, -6.3078331 ], [ 106.8804535, -6.3077238 ], [ 106.880418, -6.3076138 ], [ 106.8803161, -6.3075098 ], [ 106.880234, -6.3074778 ], [ 106.879598, -6.3073581 ], [ 106.8794558, -6.3072873 ], [ 106.8794009, -6.3071456 ] ], [ [ 106.8746164, -6.3620262 ], [ 106.8746205, -6.3619009 ], [ 106.8745373, -6.361773 ], [ 106.8744971, -6.3617557 ], [ 106.874485, -6.3617143 ], [ 106.8744864, -6.3616397 ], [ 106.8745581, -6.3614558 ] ], [ [ 106.8838404, -6.3670259 ], [ 106.8838089, -6.3668893 ], [ 106.8838223, -6.3666387 ], [ 106.8838223, -6.3665454 ], [ 106.8837365, -6.3663854 ], [ 106.8834387, -6.3661962 ], [ 106.883369, -6.3661162 ], [ 106.8833046, -6.3659883 ], [ 106.8833435, -6.3657297 ], [ 106.8833757, -6.3657097 ], [ 106.8834709, -6.3655951 ], [ 106.8835232, -6.3654764 ], [ 106.8835702, -6.3653418 ], [ 106.8835997, -6.3652672 ], [ 106.8836775, -6.3651739 ], [ 106.8836855, -6.3651112 ], [ 106.8836721, -6.3650459 ], [ 106.8836178, -6.36498 ], [ 106.8832423, -6.364884 ], [ 106.8830223, -6.364948 ], [ 106.8827327, -6.3649453 ], [ 106.8825127, -6.3648973 ], [ 106.8824376, -6.3648733 ], [ 106.8822794, -6.364996 ], [ 106.8822123, -6.3650813 ], [ 106.8821801, -6.3651932 ], [ 106.8821667, -6.3654331 ], [ 106.8822579, -6.3658356 ], [ 106.8823089, -6.3660249 ], [ 106.8823759, -6.3661875 ], [ 106.8824322, -6.3663421 ], [ 106.8824644, -6.3664168 ], [ 106.8824108, -6.3666034 ], [ 106.8820889, -6.3667233 ], [ 106.8817832, -6.3668193 ], [ 106.8816701, -6.3668929 ], [ 106.881329, -6.3669073 ], [ 106.8812387, -6.3669099 ], [ 106.8811837, -6.3667713 ], [ 106.8810831, -6.3666527 ], [ 106.8810214, -6.3665607 ], [ 106.8809879, -6.3664288 ], [ 106.8809141, -6.3663541 ], [ 106.8808263, -6.3662562 ], [ 106.8807002, -6.3660989 ], [ 106.8806841, -6.3659123 ], [ 106.880715, -6.3657137 ], [ 106.880784, -6.3655597 ], [ 106.8808672, -6.3653545 ], [ 106.8809128, -6.3651013 ], [ 106.8808591, -6.3649386 ], [ 106.8808055, -6.3645814 ], [ 106.8806593, -6.3644228 ], [ 106.8803696, -6.3643522 ], [ 106.8802503, -6.3643162 ], [ 106.8800934, -6.3643442 ], [ 106.8799961, -6.3644755 ], [ 106.879854, -6.3646088 ], [ 106.879795, -6.3646328 ], [ 106.8797091, -6.3646328 ], [ 106.8795402, -6.3646034 ], [ 106.8793122, -6.3644622 ], [ 106.879225, -6.3643275 ], [ 106.879233, -6.3642689 ], [ 106.8791472, -6.3641649 ], [ 106.8790909, -6.3640583 ], [ 106.8789729, -6.3639437 ], [ 106.878773, -6.3638904 ], [ 106.8785638, -6.363961 ], [ 106.8784968, -6.363977 ], [ 106.878419, -6.363977 ], [ 106.8783332, -6.3639557 ], [ 106.8782661, -6.3638877 ], [ 106.8782581, -6.3637757 ], [ 106.8782212, -6.3636191 ], [ 106.8781313, -6.3634259 ], [ 106.8780388, -6.3633086 ], [ 106.8779892, -6.3630274 ], [ 106.8779784, -6.3628701 ], [ 106.878071, -6.3626968 ], [ 106.8781555, -6.3626168 ], [ 106.8782413, -6.3625649 ], [ 106.8784773, -6.3626102 ], [ 106.8786235, -6.3625595 ], [ 106.8787107, -6.3624955 ], [ 106.8787838, -6.3623509 ], [ 106.8788696, -6.3622883 ], [ 106.8788696, -6.3621803 ], [ 106.8788629, -6.362083 ], [ 106.8788106, -6.3620364 ], [ 106.8786818, -6.3620417 ], [ 106.8786376, -6.3619917 ], [ 106.8786409, -6.3619224 ], [ 106.878706, -6.3618884 ], [ 106.8787442, -6.3618525 ], [ 106.8788213, -6.3618538 ], [ 106.8788844, -6.3618391 ], [ 106.879004, -6.3618028 ], [ 106.8790651, -6.3617235 ], [ 106.8790624, -6.3616542 ], [ 106.8790356, -6.3616002 ], [ 106.8790037, -6.3615006 ], [ 106.8789648, -6.3614766 ], [ 106.8788837, -6.3614379 ], [ 106.8788515, -6.361398 ], [ 106.8788606, -6.361331 ], [ 106.8789088, -6.3612683 ], [ 106.879002, -6.361241 ], [ 106.8789833, -6.361157 ], [ 106.8789403, -6.3610797 ], [ 106.8788411, -6.3610544 ], [ 106.8787204, -6.3610717 ], [ 106.8786359, -6.3611024 ], [ 106.8785072, -6.3610971 ], [ 106.8783918, -6.3610571 ], [ 106.8782698, -6.3610757 ], [ 106.8781203, -6.3612563 ], [ 106.8780478, -6.361331 ], [ 106.8779701, -6.3613643 ], [ 106.8776817, -6.3613136 ], [ 106.8774886, -6.3612977 ], [ 106.8773947, -6.3613136 ], [ 106.8773552, -6.3614223 ], [ 106.8772532, -6.3615689 ], [ 106.8770574, -6.3615955 ], [ 106.8770118, -6.3615676 ], [ 106.8768804, -6.3615329 ], [ 106.8766772, -6.3616802 ], [ 106.8764117, -6.3617068 ], [ 106.8761569, -6.3617148 ], [ 106.8758873, -6.3616175 ], [ 106.8755386, -6.3616335 ], [ 106.8753943, -6.3616304 ], [ 106.8753111, -6.3616517 ], [ 106.8749142, -6.3616037 ], [ 106.8745581, -6.3614558 ] ], [ [ 106.8791118, -6.2466363 ], [ 106.8791828, -6.2466936 ], [ 106.8792392, -6.2467016 ], [ 106.879287, -6.2466777 ], [ 106.8795096, -6.2465604 ], [ 106.8796839, -6.2464404 ] ], [ [ 106.8792466, -6.3062258 ], [ 106.8792593, -6.3054824 ], [ 106.8792491, -6.305403 ], [ 106.8791359, -6.3052638 ], [ 106.8787556, -6.3050831 ], [ 106.878342, -6.3051092 ], [ 106.8782245, -6.3050671 ], [ 106.8781811, -6.3049386 ], [ 106.8781757, -6.3047786 ], [ 106.8781274, -6.3043521 ], [ 106.8781119, -6.3041606 ], [ 106.8777787, -6.3039842 ], [ 106.8774944, -6.3038882 ], [ 106.8775218, -6.3037714 ], [ 106.8774032, -6.3037176 ], [ 106.8773603, -6.3036269 ], [ 106.877371, -6.3034829 ], [ 106.8774569, -6.3033656 ], [ 106.8773818, -6.3032217 ], [ 106.8773067, -6.3028111 ], [ 106.8772637, -6.3025818 ], [ 106.8772262, -6.3023472 ], [ 106.8771404, -6.3022619 ], [ 106.8768131, -6.3021286 ], [ 106.8763357, -6.301814 ], [ 106.8761802, -6.3017727 ], [ 106.875987, -6.3016647 ], [ 106.875848, -6.3016366 ], [ 106.8757729, -6.3017239 ], [ 106.8757904, -6.3019878 ], [ 106.8757436, -6.3020353 ], [ 106.8754211, -6.3020046 ], [ 106.8752521, -6.3022092 ], [ 106.8750805, -6.302228 ], [ 106.8749207, -6.3021898 ], [ 106.87489, -6.3021126 ], [ 106.8749468, -6.3020332 ], [ 106.875016, -6.301926 ], [ 106.8750093, -6.3018018 ], [ 106.8749616, -6.3017252 ], [ 106.8748497, -6.3016594 ], [ 106.8746244, -6.3015901 ], [ 106.8745386, -6.3014515 ], [ 106.8745493, -6.3013395 ], [ 106.8745815, -6.3011049 ], [ 106.8746483, -6.3009213 ], [ 106.8747586, -6.3008223 ], [ 106.874802, -6.3007268 ], [ 106.8747532, -6.3006463 ], [ 106.8745982, -6.3006042 ], [ 106.8745547, -6.3005557 ], [ 106.8746191, -6.300449 ], [ 106.8746405, -6.3003157 ], [ 106.8746459, -6.3001081 ], [ 106.8746143, -6.299879 ], [ 106.874507, -6.2998471 ], [ 106.8743138, -6.3000283 ], [ 106.8740719, -6.3001774 ], [ 106.8739002, -6.300252 ], [ 106.873793, -6.3005237 ], [ 106.8737393, -6.3006836 ], [ 106.8735789, -6.3007375 ], [ 106.873455, -6.3006836 ], [ 106.873358, -6.300606 ], [ 106.8732735, -6.300566 ], [ 106.8732119, -6.3004967 ], [ 106.8731502, -6.3003914 ], [ 106.8730952, -6.3002501 ], [ 106.8730697, -6.3001807 ], [ 106.8730643, -6.3000701 ], [ 106.8730737, -6.2999755 ], [ 106.873071, -6.2998342 ], [ 106.8730818, -6.2996809 ], [ 106.8730885, -6.2995982 ], [ 106.8730576, -6.2994796 ], [ 106.873, -6.299333 ], [ 106.8729302, -6.2992983 ], [ 106.872843, -6.299265 ], [ 106.8728189, -6.299225 ], [ 106.8727894, -6.299133 ], [ 106.8727485, -6.2990037 ], [ 106.8727673, -6.2989504 ], [ 106.8728263, -6.2988384 ], [ 106.8731481, -6.2982546 ], [ 106.8732719, -6.2981611 ], [ 106.8733386, -6.2981439 ], [ 106.8737825, -6.2982292 ], [ 106.8739742, -6.2981746 ], [ 106.8741821, -6.2979533 ], [ 106.8741734, -6.297894 ], [ 106.8740205, -6.2976834 ], [ 106.8738542, -6.2973874 ], [ 106.8739105, -6.2972115 ], [ 106.8742646, -6.2971928 ], [ 106.8744112, -6.2970891 ], [ 106.8743965, -6.2970352 ], [ 106.8743535, -6.2970012 ], [ 106.874278, -6.2970075 ], [ 106.874219, -6.2969849 ], [ 106.874215, -6.2969102 ], [ 106.8742901, -6.2968169 ], [ 106.8741506, -6.2964437 ], [ 106.8742056, -6.296293 ], [ 106.8743692, -6.2962457 ], [ 106.8744671, -6.2961396 ], [ 106.87451, -6.2961009 ], [ 106.8746307, -6.2960063 ], [ 106.8747232, -6.295937 ], [ 106.8748091, -6.2959116 ], [ 106.8749633, -6.2959123 ], [ 106.8750331, -6.2959037 ], [ 106.8751333, -6.2958643 ], [ 106.8751967, -6.295831 ], [ 106.8752265, -6.2957629 ], [ 106.8752413, -6.2956744 ], [ 106.8752076, -6.2956121 ], [ 106.8752082, -6.2954572 ], [ 106.8752278, -6.2952333 ], [ 106.8752354, -6.2951734 ], [ 106.8752636, -6.2950788 ], [ 106.8752622, -6.2950021 ], [ 106.875224, -6.2949575 ], [ 106.8751204, -6.2948917 ], [ 106.8749353, -6.294835 ], [ 106.8748638, -6.294807 ], [ 106.874839, -6.2947717 ], [ 106.8748236, -6.2947284 ], [ 106.8748048, -6.2947017 ], [ 106.8747759, -6.2946484 ], [ 106.8747156, -6.2946214 ], [ 106.8743967, -6.294676 ], [ 106.8740773, -6.2947387 ], [ 106.873852, -6.2946907 ], [ 106.8737983, -6.294632 ], [ 106.8737929, -6.2944881 ], [ 106.8737822, -6.2943174 ], [ 106.873616, -6.2939493 ], [ 106.8735845, -6.2935956 ], [ 106.8737741, -6.2931254 ], [ 106.8737796, -6.2930517 ], [ 106.8737571, -6.2929869 ], [ 106.8737393, -6.2929601 ], [ 106.8736132, -6.2928295 ], [ 106.8731787, -6.2927149 ], [ 106.873125, -6.2927122 ], [ 106.8730902, -6.2926909 ], [ 106.8730848, -6.2926482 ], [ 106.8732484, -6.2923923 ], [ 106.8732189, -6.2921736 ], [ 106.8731089, -6.2920483 ], [ 106.8730848, -6.2919524 ], [ 106.8732404, -6.2918057 ], [ 106.8732841, -6.2915694 ], [ 106.8732296, -6.2914711 ], [ 106.8732833, -6.2909019 ], [ 106.8732243, -6.2908379 ], [ 106.8732699, -6.29075 ], [ 106.8732645, -6.2906087 ], [ 106.872838, -6.2896222 ], [ 106.8726457, -6.2893299 ], [ 106.8724656, -6.2892763 ], [ 106.8721093, -6.2889265 ], [ 106.8718175, -6.2883293 ], [ 106.8718518, -6.2880819 ], [ 106.8719733, -6.2878333 ], [ 106.8721314, -6.2875099 ], [ 106.8722038, -6.2872993 ], [ 106.872232, -6.2871709 ], [ 106.8723126, -6.2871719 ], [ 106.8727283, -6.2872845 ], [ 106.8728112, -6.2872759 ], [ 106.8728973, -6.2872349 ], [ 106.8729714, -6.2871211 ], [ 106.8730363, -6.2869813 ], [ 106.8730363, -6.2868448 ], [ 106.8730706, -6.2867681 ], [ 106.8731908, -6.2866998 ], [ 106.8733023, -6.2866401 ], [ 106.8733538, -6.2865462 ], [ 106.8734654, -6.286495 ], [ 106.8739289, -6.2864609 ], [ 106.8740834, -6.2864268 ], [ 106.8742121, -6.2863756 ], [ 106.874298, -6.2862732 ], [ 106.8742806, -6.2861503 ], [ 106.8742885, -6.286013 ], [ 106.8743285, -6.2859416 ], [ 106.8744003, -6.2859154 ], [ 106.8745817, -6.2859069 ], [ 106.8746541, -6.2858828 ], [ 106.8747012, -6.2858423 ], [ 106.874709, -6.2857563 ], [ 106.8746802, -6.2856727 ], [ 106.8746192, -6.285516 ], [ 106.8746005, -6.285437 ], [ 106.874658, -6.2853454 ], [ 106.8751173, -6.2850422 ], [ 106.8753073, -6.2849546 ], [ 106.8754467, -6.2849311 ], [ 106.8757351, -6.2849266 ], [ 106.8759154, -6.2848634 ], [ 106.876073, -6.2847679 ], [ 106.8761616, -6.2846597 ], [ 106.8762259, -6.2844699 ], [ 106.876212, -6.2842427 ], [ 106.8757485, -6.283091 ], [ 106.8755597, -6.2826815 ], [ 106.8745812, -6.2805486 ], [ 106.8745469, -6.2803609 ], [ 106.8745782, -6.28023 ], [ 106.874708, -6.2801031 ], [ 106.8752345, -6.2798859 ], [ 106.8755254, -6.2797296 ], [ 106.8757657, -6.2796869 ], [ 106.8760224, -6.2795302 ], [ 106.8761948, -6.2794736 ], [ 106.8762635, -6.2793627 ], [ 106.8761605, -6.2792603 ], [ 106.8760918, -6.2789788 ], [ 106.8761084, -6.2787455 ], [ 106.8761154, -6.2786451 ], [ 106.8761862, -6.2786034 ], [ 106.8763322, -6.2785181 ], [ 106.8766068, -6.278501 ], [ 106.87683, -6.2784498 ], [ 106.8768901, -6.2783474 ], [ 106.8768643, -6.2781427 ], [ 106.8767956, -6.277972 ], [ 106.8768711, -6.2779077 ], [ 106.876841, -6.2778263 ], [ 106.8769134, -6.277781 ], [ 106.8770878, -6.277749 ], [ 106.8771709, -6.2776423 ], [ 106.8771521, -6.2775463 ], [ 106.877136, -6.277421 ], [ 106.8771629, -6.2773384 ], [ 106.8772299, -6.2772931 ], [ 106.8773613, -6.277421 ], [ 106.8774552, -6.2774264 ], [ 106.8776309, -6.2773087 ], [ 106.8777583, -6.2771524 ], [ 106.8777141, -6.2770844 ], [ 106.8774727, -6.2770004 ], [ 106.8774539, -6.2769538 ], [ 106.8774633, -6.2768072 ], [ 106.8776202, -6.2767312 ], [ 106.8776457, -6.2766379 ], [ 106.877643, -6.2764632 ], [ 106.8775706, -6.2762326 ], [ 106.8775826, -6.2760953 ], [ 106.8778066, -6.275654 ], [ 106.8782009, -6.2758007 ], [ 106.8785777, -6.275918 ], [ 106.8786957, -6.2760033 ], [ 106.8787601, -6.2760993 ], [ 106.8788459, -6.2762166 ], [ 106.8790552, -6.2763472 ], [ 106.8790042, -6.2764566 ], [ 106.8789559, -6.2766832 ], [ 106.8790981, -6.2767445 ], [ 106.8794173, -6.2765925 ], [ 106.8795406, -6.2765605 ], [ 106.879656, -6.2765499 ], [ 106.8796828, -6.2765792 ], [ 106.8796694, -6.2768885 ], [ 106.8797257, -6.2770564 ], [ 106.8799778, -6.2770324 ], [ 106.8800422, -6.2768618 ], [ 106.8800556, -6.2766832 ], [ 106.8801549, -6.2766538 ], [ 106.8802434, -6.2768005 ], [ 106.8804043, -6.2768405 ], [ 106.8805304, -6.2768378 ], [ 106.8806779, -6.2769125 ], [ 106.8807986, -6.2768165 ], [ 106.8807959, -6.2767178 ], [ 106.8806591, -6.2765605 ], [ 106.8806403, -6.2764166 ], [ 106.8806645, -6.2762539 ], [ 106.8807101, -6.2761153 ], [ 106.8807825, -6.2761286 ], [ 106.8808656, -6.2762513 ], [ 106.8809649, -6.2763366 ], [ 106.8811419, -6.2763206 ], [ 106.8812036, -6.2760913 ], [ 106.8812653, -6.2760006 ], [ 106.8813538, -6.2760326 ], [ 106.8814235, -6.276134 ], [ 106.8815174, -6.2761979 ], [ 106.8815898, -6.2760486 ], [ 106.8815952, -6.2759047 ], [ 106.8815416, -6.2757927 ], [ 106.8815979, -6.275654 ], [ 106.8816891, -6.2755554 ], [ 106.8816542, -6.2755074 ], [ 106.8815389, -6.2754328 ], [ 106.8815603, -6.2753341 ], [ 106.8816381, -6.2750622 ], [ 106.8816247, -6.2746169 ], [ 106.8816328, -6.2742863 ], [ 106.8817079, -6.274041 ], [ 106.8817776, -6.2739264 ], [ 106.8819117, -6.2738331 ], [ 106.8819895, -6.2736251 ], [ 106.8820807, -6.2736278 ], [ 106.8822309, -6.2736571 ], [ 106.8822765, -6.2735638 ], [ 106.8822631, -6.2733185 ], [ 106.8822953, -6.2730946 ], [ 106.8823543, -6.2729479 ], [ 106.8823114, -6.2726466 ], [ 106.8821397, -6.2724707 ], [ 106.8815523, -6.272676 ], [ 106.8800234, -6.2733692 ], [ 106.8785187, -6.2740917 ], [ 106.8781942, -6.2741903 ], [ 106.8777784, -6.274129 ], [ 106.8774378, -6.2737024 ], [ 106.8771213, -6.2729399 ], [ 106.8770959, -6.2724948 ], [ 106.877214, -6.2720661 ], [ 106.8774154, -6.2716181 ], [ 106.8775318, -6.2712103 ], [ 106.8776062, -6.2709278 ], [ 106.8776515, -6.2706244 ], [ 106.8776574, -6.2705221 ], [ 106.8776905, -6.2704701 ], [ 106.8778721, -6.2703052 ], [ 106.8782863, -6.2698407 ], [ 106.8785731, -6.2695451 ], [ 106.878743, -6.2693339 ], [ 106.8787787, -6.2692003 ], [ 106.8787643, -6.2690383 ], [ 106.8786368, -6.2689011 ], [ 106.8784669, -6.2688588 ], [ 106.8783713, -6.2685949 ], [ 106.8784244, -6.268426 ], [ 106.8785518, -6.2682887 ], [ 106.8786338, -6.2682215 ], [ 106.8786262, -6.2680987 ], [ 106.8785943, -6.2679298 ], [ 106.8786687, -6.2678031 ], [ 106.8788386, -6.2677609 ], [ 106.8788811, -6.2675708 ], [ 106.878913, -6.2674336 ], [ 106.8789406, -6.2672432 ], [ 106.8789452, -6.2669887 ], [ 106.8789582, -6.2668178 ], [ 106.8790125, -6.2665985 ], [ 106.879136, -6.2664834 ], [ 106.8792023, -6.2662749 ], [ 106.879136, -6.2661456 ], [ 106.8789236, -6.2660189 ], [ 106.878848, -6.2657219 ], [ 106.8786902, -6.2655004 ], [ 106.8785899, -6.2654726 ], [ 106.8785235, -6.2654067 ], [ 106.8785731, -6.2653221 ], [ 106.8787401, -6.2652826 ], [ 106.8787565, -6.2651212 ], [ 106.8787324, -6.2649737 ], [ 106.8787749, -6.2647309 ], [ 106.8788811, -6.2645514 ], [ 106.8791118, -6.2645224 ], [ 106.8793203, -6.2641981 ], [ 106.8790829, -6.2639179 ], [ 106.8790935, -6.2637173 ], [ 106.8793166, -6.2636118 ], [ 106.8795577, -6.2634332 ], [ 106.8794568, -6.263222 ], [ 106.8792922, -6.2631217 ], [ 106.8792739, -6.2629278 ], [ 106.87934, -6.2628684 ], [ 106.8794781, -6.2628472 ], [ 106.8795896, -6.2627786 ], [ 106.8796533, -6.262615 ], [ 106.8796905, -6.262388 ], [ 106.8797277, -6.2622138 ], [ 106.8797755, -6.2620924 ], [ 106.8798498, -6.2619551 ], [ 106.8799879, -6.2619023 ], [ 106.8800622, -6.2617862 ], [ 106.8801578, -6.2615381 ], [ 106.8802481, -6.2613797 ], [ 106.8802853, -6.2611633 ], [ 106.8802746, -6.260968 ], [ 106.8803596, -6.2609152 ], [ 106.8804764, -6.2608624 ], [ 106.8805508, -6.2607199 ], [ 106.8806229, -6.2605894 ], [ 106.8807398, -6.2602621 ], [ 106.8808456, -6.2599345 ], [ 106.8809442, -6.2596918 ], [ 106.8811221, -6.259523 ], [ 106.8812708, -6.2593858 ], [ 106.8813325, -6.2593631 ], [ 106.8814393, -6.2593736 ], [ 106.8816497, -6.259403 ], [ 106.8818531, -6.2594226 ], [ 106.8819612, -6.2593858 ], [ 106.8819776, -6.2593017 ], [ 106.881914, -6.2592007 ], [ 106.8817211, -6.2589706 ], [ 106.8817381, -6.258879 ], [ 106.881855, -6.2587101 ], [ 106.881993, -6.2585728 ], [ 106.8821123, -6.2584308 ], [ 106.8822639, -6.2582994 ], [ 106.8823435, -6.2581505 ], [ 106.8821896, -6.2580157 ], [ 106.8821245, -6.2579768 ], [ 106.8820992, -6.257876 ], [ 106.8821325, -6.2578062 ], [ 106.8821842, -6.2577599 ], [ 106.8823223, -6.2575702 ], [ 106.8824222, -6.2574089 ], [ 106.8825453, -6.2572109 ], [ 106.8825375, -6.2570969 ], [ 106.8824604, -6.2569364 ], [ 106.8823223, -6.2568414 ], [ 106.8822161, -6.2567041 ], [ 106.8822373, -6.2565669 ], [ 106.8823229, -6.2565344 ], [ 106.8823966, -6.2564719 ], [ 106.8824208, -6.2563491 ], [ 106.8823809, -6.2562049 ], [ 106.8822505, -6.2560731 ], [ 106.8821554, -6.255978 ], [ 106.882078, -6.2558278 ], [ 106.8821205, -6.2556378 ], [ 106.8820992, -6.2555006 ], [ 106.8817594, -6.2548143 ], [ 106.8812177, -6.2537691 ], [ 106.881154, -6.2535474 ], [ 106.8813558, -6.2532834 ], [ 106.8816319, -6.2529984 ], [ 106.8816532, -6.2523438 ], [ 106.8815045, -6.2504434 ], [ 106.8814089, -6.2499261 ], [ 106.8816213, -6.2495249 ], [ 106.8818762, -6.2491342 ], [ 106.8819631, -6.2486846 ], [ 106.8817312, -6.2481545 ], [ 106.8814901, -6.2479011 ], [ 106.8814054, -6.2478234 ], [ 106.8812429, -6.2476745 ], [ 106.8809815, -6.2473922 ], [ 106.8806099, -6.2470942 ], [ 106.8805087, -6.247039 ], [ 106.8803719, -6.2469324 ], [ 106.8801841, -6.2467164 ], [ 106.8800661, -6.2466124 ], [ 106.8799401, -6.2465537 ], [ 106.8797603, -6.2465457 ], [ 106.8796839, -6.2464404 ] ], [ [ 106.8796839, -6.2464404 ], [ 106.8797394, -6.2463342 ], [ 106.8797966, -6.2462245 ], [ 106.8798636, -6.2460032 ], [ 106.8798985, -6.2457925 ], [ 106.8798086, -6.2456205 ], [ 106.8795458, -6.2454392 ], [ 106.8795052, -6.2453366 ], [ 106.8795009, -6.2451396 ], [ 106.8795007, -6.2451318 ], [ 106.8795112, -6.2448575 ], [ 106.8794498, -6.2446199 ], [ 106.8793425, -6.2444532 ], [ 106.8792636, -6.2443684 ], [ 106.8791601, -6.2442572 ], [ 106.8791325, -6.244211 ], [ 106.8790676, -6.2441026 ], [ 106.8790904, -6.2440026 ], [ 106.8791701, -6.2438645 ], [ 106.8792974, -6.2436937 ], [ 106.879445, -6.2428688 ], [ 106.8794144, -6.2427373 ], [ 106.8793584, -6.2425855 ], [ 106.8793432, -6.242378 ], [ 106.8793764, -6.242199 ], [ 106.8794501, -6.2418011 ], [ 106.879221, -6.2413254 ], [ 106.8789156, -6.2411382 ], [ 106.8788492, -6.2399721 ], [ 106.8788491, -6.2399112 ], [ 106.8788284, -6.2379376 ], [ 106.8785929, -6.23693 ], [ 106.8785307, -6.2364166 ], [ 106.8782094, -6.2347909 ], [ 106.8774648, -6.2321989 ], [ 106.8773245, -6.2314502 ], [ 106.8772285, -6.2312295 ], [ 106.8771914, -6.2311122 ], [ 106.8771711, -6.2309382 ], [ 106.8771724, -6.2307602 ], [ 106.8772816, -6.2304997 ], [ 106.877767, -6.229848 ], [ 106.8781078, -6.2294689 ], [ 106.8783497, -6.2291318 ], [ 106.8780963, -6.2290493 ], [ 106.8778263, -6.2290346 ], [ 106.8776775, -6.2289498 ], [ 106.877342, -6.2287328 ], [ 106.8771176, -6.2287845 ], [ 106.8770291, -6.2287618 ], [ 106.8769176, -6.2287221 ], [ 106.8768454, -6.2286832 ], [ 106.8767823, -6.2286272 ], [ 106.8767661, -6.2285506 ], [ 106.8767877, -6.2284192 ], [ 106.8768239, -6.2283166 ], [ 106.8768587, -6.2282755 ], [ 106.877013, -6.2282166 ], [ 106.8772085, -6.2281594 ], [ 106.8773805, -6.2281659 ], [ 106.8774707, -6.2281533 ], [ 106.8775401, -6.2281152 ], [ 106.8775744, -6.2280772 ], [ 106.8774921, -6.2280126 ], [ 106.8773923, -6.2279207 ], [ 106.8773085, -6.2278355 ], [ 106.8772401, -6.2277745 ], [ 106.8771642, -6.2276916 ], [ 106.8770537, -6.2275638 ], [ 106.8770015, -6.2275383 ], [ 106.8769471, -6.2275459 ], [ 106.8768591, -6.2275923 ], [ 106.8768151, -6.2277342 ], [ 106.8766968, -6.2277998 ], [ 106.8766046, -6.227788 ], [ 106.8765525, -6.227663 ], [ 106.8765219, -6.227179 ], [ 106.8764251, -6.2268316 ], [ 106.8763511, -6.2264234 ], [ 106.8763656, -6.2260474 ], [ 106.8764774, -6.2254339 ], [ 106.8765823, -6.2252704 ], [ 106.8767685, -6.2251835 ], [ 106.8769683, -6.2251118 ], [ 106.877184, -6.22494 ], [ 106.8772638, -6.2247556 ], [ 106.8772871, -6.2247072 ], [ 106.8773081, -6.2246635 ], [ 106.8773589, -6.2245572 ], [ 106.877419, -6.224432 ], [ 106.87738, -6.2242401 ], [ 106.8773521, -6.224038 ], [ 106.8774765, -6.2235589 ], [ 106.8778324, -6.2233909 ], [ 106.878032, -6.2232578 ], [ 106.878168, -6.223137 ], [ 106.8782389, -6.2230204 ], [ 106.8783298, -6.2228708 ], [ 106.8783349, -6.222866 ], [ 106.8784104, -6.2227955 ], [ 106.8785727, -6.2227798 ], [ 106.8787175, -6.2228265 ], [ 106.8788168, -6.2228984 ], [ 106.8789439, -6.223052 ], [ 106.879118, -6.223341 ], [ 106.87923, -6.2233531 ], [ 106.8793392, -6.2233649 ], [ 106.8794723, -6.2233793 ], [ 106.8796105, -6.2233943 ], [ 106.8797682, -6.2233866 ], [ 106.8797849, -6.2232465 ], [ 106.8797721, -6.223094 ], [ 106.8797637, -6.2229946 ], [ 106.8797894, -6.222908 ], [ 106.8799845, -6.2227808 ], [ 106.8801115, -6.222698 ], [ 106.8803284, -6.2225072 ], [ 106.8804376, -6.2224112 ], [ 106.880533, -6.2223666 ], [ 106.8807025, -6.2222875 ], [ 106.8807823, -6.2222503 ], [ 106.8808842, -6.2222027 ], [ 106.8809121, -6.2220846 ], [ 106.8809572, -6.2218937 ], [ 106.880988, -6.2217633 ], [ 106.8810106, -6.2215645 ], [ 106.8810191, -6.2214595 ], [ 106.8810155, -6.221306 ], [ 106.8810144, -6.2212584 ], [ 106.8809704, -6.2209644 ], [ 106.8810117, -6.2208226 ], [ 106.8811397, -6.2205826 ], [ 106.8818389, -6.2207191 ], [ 106.8820213, -6.2205165 ], [ 106.882042, -6.2201064 ], [ 106.8821413, -6.2200498 ], [ 106.8822539, -6.2200024 ], [ 106.8823491, -6.2199751 ], [ 106.8824591, -6.2200231 ], [ 106.8829848, -6.2199338 ], [ 106.8832765, -6.219915 ], [ 106.8834341, -6.2199004 ], [ 106.8835514, -6.2199715 ], [ 106.8837238, -6.2201195 ], [ 106.8837789, -6.2201094 ], [ 106.8838078, -6.2200763 ], [ 106.8838017, -6.2198241 ], [ 106.8838365, -6.2197001 ], [ 106.8839156, -6.2196401 ], [ 106.8840538, -6.2196428 ], [ 106.8842429, -6.2196868 ], [ 106.884444, -6.2198054 ], [ 106.8845272, -6.2199721 ], [ 106.8846235, -6.2201001 ], [ 106.8847702, -6.2202163 ], [ 106.885327, -6.2201406 ], [ 106.885374, -6.2196908 ], [ 106.8857524, -6.2192095 ], [ 106.8856486, -6.2189852 ], [ 106.8855789, -6.2187951 ], [ 106.8856395, -6.2185258 ], [ 106.8856014, -6.2184029 ], [ 106.8855679, -6.2183269 ], [ 106.8855451, -6.2181602 ], [ 106.8856301, -6.2180997 ], [ 106.8857929, -6.2179674 ], [ 106.8858935, -6.2178987 ], [ 106.8860198, -6.2178467 ], [ 106.8861389, -6.2178331 ], [ 106.8864361, -6.2177645 ], [ 106.8873381, -6.2176091 ], [ 106.8876922, -6.2173638 ], [ 106.8878853, -6.2170118 ], [ 106.8880248, -6.2169051 ], [ 106.8886135, -6.2168464 ], [ 106.8888101, -6.2168847 ], [ 106.8891942, -6.2170545 ], [ 106.8895054, -6.2170545 ], [ 106.8900096, -6.2171718 ], [ 106.8902242, -6.2171931 ], [ 106.8904066, -6.2171185 ], [ 106.8907178, -6.2169318 ], [ 106.8910021, -6.2167238 ], [ 106.891175, -6.2165732 ], [ 106.8914869, -6.2161057 ], [ 106.8917458, -6.2156501 ], [ 106.891943, -6.2153608 ], [ 106.8921347, -6.2151818 ], [ 106.8924793, -6.2151394 ], [ 106.8925652, -6.2148301 ], [ 106.8924054, -6.2141155 ], [ 106.8923701, -6.2135477 ], [ 106.8925752, -6.2127829 ], [ 106.8928301, -6.2125603 ], [ 106.8932036, -6.2125383 ], [ 106.8938254, -6.2123982 ], [ 106.8943307, -6.2123417 ], [ 106.895078, -6.2123915 ], [ 106.8958059, -6.212478 ] ] ] } },
{ "type": "Feature", "properties": { "full_id": "w28931504", "osm_id": "28931504", "osm_type": "way", "waterway": "river", "admin_leve": null, "ele": null, "name_ja": null, "boundary": null, "salt": null, "fishing": null, "name_id": null, "man_made": null, "addr_city": null, "embankment": null, "width": null, "tidal": null, "intermitte": null, "tunnel": null, "wikidata": null, "name_nl": null, "wikipedia": null, "boat": null, "name_en": null, "name": "Sungai Grogol", "layer": null, "alt_name": null, "path": null }, "geometry": { "type": "MultiLineString", "coordinates": [ [ [ 106.785424551767008, -6.315831052819714 ], [ 106.7854517, -6.3157624 ], [ 106.7856582, -6.3156211 ], [ 106.7857468, -6.3156158 ], [ 106.78594756385047, -6.315657129016354 ] ], [ [ 106.786029447904141, -6.315673985573873 ], [ 106.7861223, -6.3156931 ], [ 106.7862403, -6.3156584 ], [ 106.7862457, -6.3155358 ], [ 106.7861813, -6.3153065 ], [ 106.7861115, -6.3149253 ], [ 106.7861357, -6.3147227 ], [ 106.7862537, -6.314664 ], [ 106.7865031, -6.3147307 ], [ 106.786707, -6.31476 ], [ 106.7869484, -6.3147093 ], [ 106.7870905, -6.3145094 ], [ 106.7871281, -6.3142615 ], [ 106.7870852, -6.3140615 ], [ 106.7869886, -6.3137709 ], [ 106.7869994, -6.3135656 ], [ 106.7870637, -6.3134803 ], [ 106.7872112, -6.3134963 ], [ 106.7874607, -6.313499 ], [ 106.7875492, -6.313435 ], [ 106.787568, -6.3130911 ], [ 106.7875063, -6.3129125 ], [ 106.7874124, -6.3127312 ], [ 106.787399, -6.312326 ], [ 106.7874231, -6.3120407 ], [ 106.7874982, -6.3118461 ], [ 106.787582, -6.3115396 ], [ 106.7876967, -6.3113556 ], [ 106.7878519, -6.3112379 ], [ 106.7879358, -6.3112293 ], [ 106.7880166, -6.3112409 ], [ 106.7882868, -6.3112596 ], [ 106.7883753, -6.3112169 ], [ 106.7884263, -6.311025 ], [ 106.7884719, -6.3106944 ], [ 106.7884853, -6.3104465 ], [ 106.7885604, -6.3102305 ], [ 106.7885336, -6.3101106 ], [ 106.788437, -6.309924 ], [ 106.7883673, -6.3095107 ], [ 106.7882466, -6.3093454 ], [ 106.7882412, -6.3092441 ], [ 106.788311, -6.3091562 ], [ 106.7883592, -6.3090335 ], [ 106.7883646, -6.3088842 ], [ 106.7883244, -6.3087616 ], [ 106.788268, -6.3086096 ], [ 106.7882144, -6.3084337 ], [ 106.7882385, -6.3082817 ], [ 106.7883297, -6.3080978 ], [ 106.7884129, -6.3079778 ], [ 106.7883378, -6.3078258 ], [ 106.7881983, -6.3076526 ], [ 106.7881768, -6.3074713 ], [ 106.7882198, -6.3072553 ], [ 106.7883083, -6.3070154 ], [ 106.7882493, -6.3068341 ], [ 106.7882654, -6.3065728 ], [ 106.7882144, -6.3063676 ], [ 106.7882359, -6.3061463 ], [ 106.7882922, -6.306005 ], [ 106.7884317, -6.3059597 ], [ 106.7886489, -6.3060103 ], [ 106.7887696, -6.3059543 ], [ 106.7888286, -6.3057544 ], [ 106.7888072, -6.3055118 ], [ 106.7888608, -6.3053012 ], [ 106.7890566, -6.304664 ], [ 106.7891693, -6.3044587 ], [ 106.789298, -6.3043974 ], [ 106.7894884, -6.3044321 ], [ 106.7896279, -6.3044081 ], [ 106.7900185, -6.3041985 ], [ 106.7901903, -6.3040799 ], [ 106.7902734, -6.3039412 ], [ 106.7903029, -6.3038119 ], [ 106.7902224, -6.3037026 ], [ 106.7901741, -6.3035053 ], [ 106.79015, -6.3033214 ], [ 106.7902036, -6.3031641 ], [ 106.7903136, -6.3029774 ], [ 106.790327, -6.3028148 ], [ 106.790276, -6.3027242 ], [ 106.7898576, -6.3026682 ], [ 106.7897315, -6.3026309 ], [ 106.7896269, -6.3025216 ], [ 106.7896108, -6.3022976 ], [ 106.7896725, -6.3020203 ], [ 106.789694, -6.301895 ], [ 106.7896779, -6.3016204 ], [ 106.7894352, -6.3012699 ], [ 106.7893825, -6.3010169 ], [ 106.7893453, -6.3008979 ], [ 106.7893882, -6.3006314 ], [ 106.7893695, -6.3006047 ], [ 106.7893426, -6.30059 ], [ 106.7892407, -6.3006127 ], [ 106.7891334, -6.3006314 ], [ 106.7890408, -6.300618 ], [ 106.7888477, -6.3004967 ], [ 106.7887793, -6.3004914 ], [ 106.7887499, -6.3005407 ], [ 106.7887673, -6.3007086 ], [ 106.7887445, -6.300758 ], [ 106.7886882, -6.300786 ], [ 106.7884226, -6.3007233 ], [ 106.78831, -6.300728 ], [ 106.7881061, -6.3007713 ], [ 106.7879895, -6.3008406 ], [ 106.7879384, -6.300854 ], [ 106.7877078, -6.3007487 ], [ 106.7876475, -6.3007367 ], [ 106.7875965, -6.3007567 ], [ 106.7875588, -6.3008071 ], [ 106.7875201, -6.3009046 ], [ 106.7874433, -6.3010463 ], [ 106.7873776, -6.3011049 ], [ 106.7873028, -6.3011272 ], [ 106.7867543, -6.3010606 ], [ 106.7864405, -6.3009779 ], [ 106.7863936, -6.3008793 ], [ 106.7863292, -6.3007353 ], [ 106.7862218, -6.3006234 ], [ 106.7860445, -6.3005011 ], [ 106.7859885, -6.3003875 ], [ 106.7860998, -6.3001755 ], [ 106.7861441, -6.3000182 ], [ 106.786124, -6.2998595 ], [ 106.7858531, -6.2996769 ], [ 106.7856948, -6.2994956 ], [ 106.7855473, -6.2991517 ], [ 106.7854641, -6.2989304 ], [ 106.7852952, -6.2987758 ], [ 106.7851798, -6.2986079 ], [ 106.7851289, -6.2984692 ], [ 106.7851825, -6.2982399 ], [ 106.7851772, -6.298072 ], [ 106.7851181, -6.2980027 ], [ 106.7849197, -6.297872 ], [ 106.784858, -6.2977067 ], [ 106.7848821, -6.2975201 ], [ 106.7849894, -6.2973335 ], [ 106.7852201, -6.2971362 ], [ 106.7854427, -6.2969203 ], [ 106.7855017, -6.296691 ], [ 106.7854776, -6.2965923 ], [ 106.7851611, -6.2961418 ], [ 106.7849223, -6.2958005 ], [ 106.7848821, -6.2956432 ], [ 106.784858, -6.295334 ], [ 106.7848043, -6.2950034 ], [ 106.7846783, -6.2947341 ], [ 106.7844986, -6.2945502 ], [ 106.7838092, -6.2941503 ], [ 106.7836939, -6.2940249 ], [ 106.7836993, -6.2938916 ], [ 106.7837556, -6.293769 ], [ 106.7838816, -6.2935584 ], [ 106.7838629, -6.2934597 ], [ 106.7838468, -6.2933318 ], [ 106.7839219, -6.2930412 ], [ 106.7840023, -6.2927053 ], [ 106.7840238, -6.292268 ], [ 106.7841284, -6.2920014 ], [ 106.7845023, -6.2914164 ], [ 106.7849341, -6.2909846 ], [ 106.785044, -6.2908087 ], [ 106.785087, -6.2905367 ], [ 106.7851743, -6.2903804 ], [ 106.7852479, -6.2902488 ], [ 106.7855805, -6.2898116 ], [ 106.7857039, -6.2896409 ], [ 106.7856663, -6.2895716 ], [ 106.7855966, -6.2893103 ], [ 106.7855697, -6.2889051 ], [ 106.7855273, -6.2886408 ], [ 106.7855107, -6.2885372 ], [ 106.7852586, -6.2883879 ], [ 106.7851567, -6.2882439 ], [ 106.7851084, -6.2881426 ], [ 106.7851138, -6.288036 ], [ 106.7853927, -6.2877107 ], [ 106.7859399, -6.2869215 ], [ 106.7863369, -6.2862817 ], [ 106.787163, -6.2852686 ], [ 106.787619, -6.2848313 ], [ 106.7878646, -6.284595 ], [ 106.7881715, -6.2843328 ], [ 106.7883325, -6.2842795 ], [ 106.7884197, -6.2842368 ], [ 106.788484, -6.2840475 ], [ 106.7888179, -6.2836129 ], [ 106.788944, -6.2832636 ], [ 106.7889762, -6.283125 ], [ 106.7898988, -6.2820479 ], [ 106.7901241, -6.2815467 ], [ 106.7901885, -6.2811734 ], [ 106.7900383, -6.2806083 ], [ 106.7901563, -6.2803202 ], [ 106.7903387, -6.2799897 ], [ 106.7903387, -6.279851 ], [ 106.7902248, -6.2795457 ], [ 106.790214, -6.2793632 ], [ 106.7902529, -6.2788699 ], [ 106.7902422, -6.2787419 ], [ 106.7901751, -6.2786047 ], [ 106.7900598, -6.278462 ], [ 106.7897648, -6.27807 ], [ 106.789632, -6.2776088 ], [ 106.7895824, -6.2772236 ], [ 106.7896843, -6.2765237 ], [ 106.7896735, -6.2762998 ], [ 106.7896923, -6.2753476 ], [ 106.7899497, -6.2750916 ], [ 106.7902759, -6.2746138 ], [ 106.7906707, -6.2742726 ], [ 106.7907098, -6.274229 ], [ 106.7909625, -6.2739484 ], [ 106.7912887, -6.2735047 ], [ 106.7914604, -6.2732658 ], [ 106.7914831, -6.2732123 ], [ 106.7915805, -6.2729843 ], [ 106.7915548, -6.2727539 ], [ 106.7914861, -6.2725748 ], [ 106.791426, -6.2723785 ], [ 106.7914346, -6.2721226 ], [ 106.7914947, -6.2719264 ], [ 106.7914947, -6.2716448 ], [ 106.7914089, -6.2713633 ], [ 106.791289, -6.2711267 ], [ 106.7912989, -6.2709818 ], [ 106.7913072, -6.2708607 ], [ 106.7913248, -6.270477 ], [ 106.791249, -6.2701291 ], [ 106.7911565, -6.2698676 ], [ 106.7909733, -6.269526 ], [ 106.7908926, -6.2692505 ], [ 106.7907839, -6.2690935 ], [ 106.7906879, -6.2689147 ], [ 106.7906659, -6.2687679 ], [ 106.7906606, -6.268584 ], [ 106.7905104, -6.2682107 ], [ 106.7904142, -6.2678975 ], [ 106.7901901, -6.2676605 ], [ 106.7896579, -6.2675411 ], [ 106.7889541, -6.2673192 ], [ 106.7884346, -6.2671603 ], [ 106.7879499, -6.2670121 ], [ 106.7873491, -6.2668329 ], [ 106.7869028, -6.266722 ], [ 106.7866624, -6.2666879 ], [ 106.7864608, -6.2665029 ], [ 106.7864363, -6.2664668 ], [ 106.7864012, -6.2662111 ], [ 106.7863267, -6.2660101 ], [ 106.7863261, -6.2660084 ], [ 106.7861867, -6.265891 ], [ 106.7857361, -6.2656778 ], [ 106.7854241, -6.2654654 ], [ 106.7853663, -6.2654232 ], [ 106.7853288, -6.2653354 ], [ 106.7854035, -6.2650166 ], [ 106.7852962, -6.2647073 ], [ 106.7852318, -6.2644727 ], [ 106.7852278, -6.2644205 ], [ 106.7851673, -6.2640385 ], [ 106.7851623, -6.2639731 ], [ 106.7851757, -6.2638702 ], [ 106.7852382, -6.2636916 ], [ 106.7852756, -6.263545 ], [ 106.7852919, -6.2632941 ], [ 106.7852627, -6.2631535 ], [ 106.785264, -6.262745 ], [ 106.785323, -6.2615825 ], [ 106.7850923, -6.2613852 ] ], [ [ 106.7851686, -6.2613616 ], [ 106.7853242, -6.2611179 ], [ 106.7854854, -6.2610609 ], [ 106.7855133, -6.2610504 ], [ 106.7855053, -6.2608656 ], [ 106.7854253, -6.2607662 ], [ 106.7851341, -6.2605892 ], [ 106.7850207, -6.260511 ], [ 106.7849851, -6.2604903 ], [ 106.7849327, -6.2604455 ], [ 106.7849172, -6.2604062 ], [ 106.7849249, -6.2603654 ], [ 106.7850595, -6.2602346 ], [ 106.7852366, -6.2601448 ], [ 106.785328, -6.260033 ], [ 106.7853537, -6.2598037 ], [ 106.7854703, -6.2595933 ], [ 106.7854444, -6.2594516 ], [ 106.7854789, -6.2593443 ], [ 106.7855178, -6.2592369 ], [ 106.7855005, -6.2591682 ], [ 106.7854055, -6.2590995 ], [ 106.7853321, -6.259121 ], [ 106.7851852, -6.2590737 ], [ 106.785142, -6.2589578 ], [ 106.7852154, -6.2588118 ], [ 106.7852716, -6.2587087 ], [ 106.7852759, -6.2586443 ], [ 106.7849562, -6.2585584 ], [ 106.7848569, -6.2585241 ], [ 106.7848404, -6.2584859 ], [ 106.7848491, -6.2584373 ], [ 106.7848833, -6.2582535 ], [ 106.7849164, -6.2581184 ], [ 106.7849802, -6.2579313 ], [ 106.7849918, -6.2578932 ], [ 106.785129, -6.2574205 ], [ 106.7851718, -6.2571507 ], [ 106.7853651, -6.2571361 ], [ 106.7855363, -6.257117 ], [ 106.7856039, -6.2569934 ], [ 106.7856863, -6.2569567 ], [ 106.7862771, -6.257021 ], [ 106.7863472, -6.2568751 ], [ 106.7863775, -6.2566862 ], [ 106.78633, -6.2565316 ], [ 106.7860146, -6.2564629 ], [ 106.785993, -6.2563856 ], [ 106.7858936, -6.255909 ], [ 106.7858504, -6.2555268 ], [ 106.7858504, -6.2551618 ], [ 106.7861096, -6.2545219 ], [ 106.7861889, -6.2541534 ], [ 106.7862133, -6.2540882 ], [ 106.7862608, -6.2539723 ], [ 106.7865589, -6.2538435 ], [ 106.7867922, -6.2537791 ], [ 106.7869866, -6.2536803 ], [ 106.7874013, -6.2534398 ], [ 106.787803, -6.2534398 ], [ 106.7878808, -6.2533282 ], [ 106.7878819, -6.2531966 ], [ 106.7878471, -6.2530282 ], [ 106.7878769, -6.2529895 ], [ 106.787992, -6.2529455 ], [ 106.7880622, -6.2528988 ], [ 106.7880703, -6.252844 ], [ 106.7881702, -6.2527442 ], [ 106.7883344, -6.252727 ], [ 106.7883516, -6.2526153 ], [ 106.7883344, -6.2524479 ], [ 106.7883791, -6.2523154 ], [ 106.788496, -6.2521666 ], [ 106.7886886, -6.2519154 ], [ 106.788713, -6.2518701 ], [ 106.7885266, -6.2517261 ], [ 106.7885492, -6.2516452 ], [ 106.788667, -6.2514926 ], [ 106.7888378, -6.2512762 ], [ 106.7889262, -6.2511339 ], [ 106.7889386, -6.2510589 ], [ 106.7889132, -6.250975 ], [ 106.7888779, -6.250882 ], [ 106.7888544, -6.25082 ], [ 106.7888398, -6.2507817 ], [ 106.7888381, -6.2507469 ], [ 106.7888311, -6.2506027 ], [ 106.7888277, -6.2505337 ], [ 106.7888268, -6.2505155 ], [ 106.7888163, -6.2504781 ], [ 106.7887966, -6.2504083 ], [ 106.7887727, -6.2503236 ], [ 106.7887589, -6.2501966 ], [ 106.788742, -6.2501423 ], [ 106.7887287, -6.250107 ], [ 106.7886883, -6.2500709 ], [ 106.7885721, -6.2500644 ], [ 106.7884952, -6.2500301 ], [ 106.7884511, -6.2499571 ], [ 106.7883916, -6.249899 ], [ 106.7883872, -6.2498756 ], [ 106.7883999, -6.2498083 ], [ 106.7884464, -6.2497078 ], [ 106.7884893, -6.2496564 ], [ 106.7885448, -6.2495803 ], [ 106.7886467, -6.2494923 ], [ 106.7886999, -6.2494311 ], [ 106.7887402, -6.2493818 ], [ 106.7887723, -6.2493098 ], [ 106.7887892, -6.249231 ], [ 106.7888244, -6.2490971 ], [ 106.7888309, -6.2490277 ], [ 106.7888206, -6.2489872 ], [ 106.7888314, -6.2489152 ], [ 106.7888448, -6.2488619 ], [ 106.788872, -6.2488298 ], [ 106.7888877, -6.2487899 ], [ 106.7889011, -6.2487206 ], [ 106.7889026, -6.2486928 ], [ 106.7888528, -6.2486353 ], [ 106.7888233, -6.2485953 ], [ 106.7888019, -6.2485739 ], [ 106.788759, -6.2485312 ], [ 106.7887145, -6.2484979 ], [ 106.7886662, -6.2484725 ], [ 106.7886158, -6.2484412 ], [ 106.7885957, -6.2484258 ], [ 106.7885778, -6.2484113 ], [ 106.7885712, -6.248398 ], [ 106.7885689, -6.2483552 ], [ 106.788585, -6.2482992 ], [ 106.7885987, -6.2482734 ], [ 106.78863, -6.2482466 ], [ 106.7886817, -6.248223 ], [ 106.7887338, -6.248213 ], [ 106.7887828, -6.2482142 ], [ 106.7888763, -6.2482165 ], [ 106.7889317, -6.2482265 ], [ 106.7889853, -6.2482318 ], [ 106.7890389, -6.2482372 ], [ 106.7890707, -6.2482293 ], [ 106.7890851, -6.248196 ], [ 106.7890937, -6.2481691 ], [ 106.7890913, -6.2481382 ], [ 106.7890835, -6.248106 ], [ 106.7890544, -6.24806 ], [ 106.7890245, -6.2480114 ], [ 106.7890063, -6.2479822 ], [ 106.7889712, -6.2479419 ], [ 106.7889386, -6.24791 ], [ 106.7889333, -6.2478674 ], [ 106.7889256, -6.2478086 ], [ 106.7889279, -6.2477741 ], [ 106.7889413, -6.2477154 ], [ 106.7889589, -6.2476867 ], [ 106.7889789, -6.2476754 ], [ 106.7890187, -6.2476727 ], [ 106.7890758, -6.2476673 ], [ 106.7891184, -6.2476567 ], [ 106.7891488, -6.247642 ], [ 106.7891693, -6.2475901 ], [ 106.7891912, -6.2475286 ], [ 106.7891988, -6.2474621 ], [ 106.7891988, -6.2474061 ], [ 106.7891925, -6.247328 ], [ 106.7891709, -6.2473076 ], [ 106.7891291, -6.2473128 ], [ 106.7890624, -6.2473153 ], [ 106.7889848, -6.2473226 ], [ 106.7889172, -6.2473395 ], [ 106.7888367, -6.2473448 ], [ 106.7887723, -6.2473501 ], [ 106.7887245, -6.247334 ], [ 106.7886976, -6.2473127 ], [ 106.7886704, -6.2472861 ], [ 106.788649, -6.2472088 ], [ 106.7886329, -6.2471448 ], [ 106.7886362, -6.2470785 ], [ 106.7886655, -6.247022 ], [ 106.7886869, -6.2469927 ], [ 106.7887026, -6.2469528 ], [ 106.7887294, -6.2468835 ], [ 106.7887187, -6.2468035 ], [ 106.788708, -6.2467529 ], [ 106.7886719, -6.2467102 ], [ 106.7886087, -6.2466404 ], [ 106.7885304, -6.2465822 ], [ 106.7885068, -6.2465609 ], [ 106.7884532, -6.2465289 ], [ 106.7883915, -6.2464569 ], [ 106.7883584, -6.2464049 ], [ 106.7883462, -6.2463856 ], [ 106.7883056, -6.2463209 ], [ 106.7878845, -6.2454864 ], [ 106.7877477, -6.2451958 ], [ 106.7876807, -6.2450411 ], [ 106.7876726, -6.2450011 ], [ 106.787673, -6.2449263 ], [ 106.787676, -6.2448682 ], [ 106.7876807, -6.2448198 ], [ 106.7876726, -6.2447638 ], [ 106.7876449, -6.2447085 ], [ 106.7876354, -6.2446587 ], [ 106.7876136, -6.2446065 ], [ 106.7876002, -6.2445345 ], [ 106.7875841, -6.2444839 ], [ 106.7876083, -6.2444439 ], [ 106.7876355, -6.2443984 ], [ 106.7876623, -6.2443797 ], [ 106.7876941, -6.2443505 ], [ 106.7876941, -6.2443159 ], [ 106.7876914, -6.2442892 ], [ 106.7876834, -6.2442626 ], [ 106.7876596, -6.2442438 ], [ 106.7876332, -6.2442215 ], [ 106.787568, -6.2442172 ], [ 106.7875251, -6.2442066 ], [ 106.7874661, -6.2442066 ], [ 106.7873803, -6.2441532 ], [ 106.7872561, -6.2441882 ], [ 106.7872006, -6.2441986 ], [ 106.7871038, -6.2442233 ], [ 106.7870263, -6.2442492 ], [ 106.7869377, -6.2442572 ], [ 106.7869005, -6.2442411 ], [ 106.7868787, -6.2441425 ], [ 106.7868358, -6.244012 ], [ 106.7868197, -6.2438786 ], [ 106.7868251, -6.2437613 ], [ 106.7868412, -6.2436733 ], [ 106.7868412, -6.2435879 ], [ 106.7868106, -6.2435032 ], [ 106.7867236, -6.2434252 ], [ 106.7865706, -6.2434652 ], [ 106.7863879, -6.243484 ], [ 106.7862564, -6.2434574 ], [ 106.786133, -6.24342 ], [ 106.7859752, -6.2433319 ], [ 106.7858246, -6.2432041 ], [ 106.7857231, -6.2431559 ], [ 106.7855568, -6.2430972 ], [ 106.7854893, -6.2430574 ], [ 106.7854066, -6.24298 ], [ 106.785369, -6.2429346 ], [ 106.7853096, -6.242908 ], [ 106.7852345, -6.2428334 ], [ 106.7851702, -6.2428147 ], [ 106.7851245, -6.2428094 ], [ 106.7850413, -6.2428441 ], [ 106.7849613, -6.2428599 ], [ 106.7849029, -6.2428456 ], [ 106.7848272, -6.2428093 ], [ 106.7847977, -6.242788 ], [ 106.7847624, -6.2427428 ], [ 106.784749, -6.2426894 ], [ 106.7847409, -6.2426574 ], [ 106.7847061, -6.2426148 ], [ 106.7846609, -6.2425906 ], [ 106.7846337, -6.2425668 ], [ 106.7846229, -6.2425241 ], [ 106.7846242, -6.2424797 ], [ 106.7845828, -6.2424084 ], [ 106.7845612, -6.2423508 ], [ 106.7845168, -6.2422947 ], [ 106.7844601, -6.242225 ], [ 106.7844168, -6.2421907 ], [ 106.7843743, -6.2421397 ], [ 106.7843095, -6.242092 ], [ 106.7842772, -6.2420432 ], [ 106.7842501, -6.2419695 ], [ 106.7842326, -6.2419015 ], [ 106.7842045, -6.2418416 ], [ 106.7841991, -6.2417936 ], [ 106.7841857, -6.2417242 ], [ 106.7841781, -6.2416601 ], [ 106.7841804, -6.2415829 ], [ 106.7841804, -6.2415376 ], [ 106.7842022, -6.2414868 ], [ 106.7842313, -6.2414496 ], [ 106.784272, -6.2414068 ], [ 106.784293, -6.2413829 ], [ 106.784293, -6.2413589 ], [ 106.7842934, -6.2413188 ], [ 106.7843037, -6.2412843 ], [ 106.7843322, -6.2412543 ], [ 106.7843632, -6.2412362 ], [ 106.784396, -6.2412387 ], [ 106.7844566, -6.2412416 ], [ 106.7844969, -6.2412523 ], [ 106.7846462, -6.2412468 ], [ 106.7847075, -6.2412177 ], [ 106.7847682, -6.2411668 ], [ 106.7847759, -6.241111 ], [ 106.784792, -6.241075 ], [ 106.7847785, -6.2410137 ], [ 106.7847556, -6.2408432 ], [ 106.7847616, -6.2407229 ], [ 106.7847584, -6.2405178 ], [ 106.7847705, -6.2403364 ], [ 106.7847602, -6.240227 ], [ 106.7847691, -6.2400978 ], [ 106.7847908, -6.2400096 ], [ 106.7848431, -6.2399184 ], [ 106.7848983, -6.239827 ], [ 106.784941, -6.2397468 ], [ 106.7849622, -6.2396919 ], [ 106.7849851, -6.2396385 ], [ 106.7849964, -6.2395532 ], [ 106.784989, -6.2393045 ], [ 106.7849797, -6.2392033 ], [ 106.7849683, -6.2391299 ], [ 106.7849596, -6.2390746 ], [ 106.7849649, -6.238998 ], [ 106.7850206, -6.23892 ], [ 106.7850991, -6.2388826 ], [ 106.7852278, -6.2388333 ], [ 106.7852996, -6.2388013 ], [ 106.7853726, -6.238762 ], [ 106.7854223, -6.238706 ], [ 106.7854303, -6.2385967 ], [ 106.7853914, -6.2384447 ], [ 106.7853418, -6.2383447 ], [ 106.7852546, -6.238238 ], [ 106.7851487, -6.2381354 ], [ 106.7850146, -6.2380074 ], [ 106.7849851, -6.2379168 ], [ 106.784973, -6.2378154 ], [ 106.7849664, -6.237728 ], [ 106.7849935, -6.2375386 ], [ 106.7849562, -6.2373655 ], [ 106.7849348, -6.2372695 ], [ 106.7849381, -6.2372055 ], [ 106.784973, -6.2371549 ], [ 106.7850713, -6.237104 ], [ 106.7851088, -6.2370827 ], [ 106.7851598, -6.2370587 ], [ 106.7852188, -6.2370427 ], [ 106.7852617, -6.2370214 ], [ 106.7853157, -6.2369846 ], [ 106.7853575, -6.2369462 ], [ 106.7853771, -6.2368747 ], [ 106.7853744, -6.2368081 ], [ 106.7853797, -6.2367388 ], [ 106.7853985, -6.2366268 ], [ 106.7854625, -6.2365249 ], [ 106.785488, -6.236301 ], [ 106.7855805, -6.236147 ], [ 106.7857482, -6.2360583 ], [ 106.7858528, -6.235995 ], [ 106.7859151, -6.235957 ], [ 106.7859976, -6.2359463 ], [ 106.7860586, -6.2359377 ], [ 106.7861062, -6.2359203 ], [ 106.7861632, -6.235865 ], [ 106.7861941, -6.2357884 ], [ 106.7861726, -6.2356844 ], [ 106.7861585, -6.2356057 ], [ 106.7861612, -6.2355244 ], [ 106.7862028, -6.2354524 ], [ 106.7862722, -6.2353887 ], [ 106.7863168, -6.2353684 ], [ 106.7863534, -6.2353603 ], [ 106.7864321, -6.2353751 ], [ 106.7864797, -6.2353871 ], [ 106.7865414, -6.2353944 ], [ 106.7866118, -6.2353984 ], [ 106.7866635, -6.2353897 ], [ 106.7867044, -6.2353691 ], [ 106.7867284, -6.2352932 ], [ 106.786765, -6.2352525 ], [ 106.7867933, -6.2352376 ], [ 106.786804, -6.2351816 ], [ 106.7868024, -6.235147 ], [ 106.7867772, -6.235083 ], [ 106.786753, -6.2350297 ], [ 106.7867396, -6.2349977 ], [ 106.7867258, -6.2349045 ], [ 106.7867124, -6.2348071 ], [ 106.7867115, -6.2347644 ], [ 106.7867381, -6.2347276 ], [ 106.7868295, -6.2346871 ], [ 106.7869261, -6.2346791 ], [ 106.7869878, -6.2346604 ], [ 106.7870414, -6.2346204 ], [ 106.7870722, -6.2345603 ], [ 106.7870947, -6.2345166 ], [ 106.7871456, -6.2344499 ], [ 106.7871832, -6.2344126 ], [ 106.787256, -6.2344018 ], [ 106.7872989, -6.2343831 ], [ 106.7873284, -6.2343378 ], [ 106.7873361, -6.2342846 ], [ 106.7873418, -6.2342311 ], [ 106.7873763, -6.2342019 ], [ 106.7874219, -6.2341753 ], [ 106.7874729, -6.2341673 ], [ 106.7875242, -6.2341671 ], [ 106.7875804, -6.2341781 ], [ 106.7876208, -6.2342071 ], [ 106.7876637, -6.2342125 ], [ 106.7877012, -6.2342125 ], [ 106.7877281, -6.2341858 ], [ 106.7877461, -6.2341344 ], [ 106.7877892, -6.2340917 ], [ 106.7878488, -6.2340765 ], [ 106.7878957, -6.2340793 ], [ 106.7879731, -6.2340579 ], [ 106.7880368, -6.2340938 ], [ 106.788148, -6.2341064 ], [ 106.7881903, -6.2340908 ], [ 106.7882503, -6.2340487 ], [ 106.7882972, -6.2340159 ], [ 106.7883342, -6.2339725 ], [ 106.7883772, -6.2339325 ], [ 106.7884201, -6.2339192 ], [ 106.7884657, -6.2338872 ], [ 106.7885135, -6.2338393 ], [ 106.7885515, -6.2337912 ], [ 106.7886098, -6.2337612 ], [ 106.7886772, -6.233738 ], [ 106.7887437, -6.2337348 ], [ 106.7888243, -6.2337797 ], [ 106.7888756, -6.2338126 ], [ 106.7889168, -6.2338047 ], [ 106.7889494, -6.2337876 ], [ 106.7889565, -6.2337405 ], [ 106.7889565, -6.2337085 ], [ 106.7889347, -6.2336793 ], [ 106.788912, -6.2336559 ], [ 106.7889159, -6.2335593 ], [ 106.7889243, -6.2334739 ], [ 106.7889373, -6.2333967 ], [ 106.7889803, -6.233354 ], [ 106.7890795, -6.233322 ], [ 106.7891725, -6.2333121 ], [ 106.7892561, -6.233312 ], [ 106.7893466, -6.2333336 ], [ 106.7894389, -6.2333354 ], [ 106.7894983, -6.2333512 ], [ 106.7895372, -6.2333787 ], [ 106.7896015, -6.2333773 ], [ 106.7896564, -6.2333947 ], [ 106.7897049, -6.2333806 ], [ 106.7897784, -6.2333598 ], [ 106.789793, -6.2333354 ], [ 106.7899918, -6.2331917 ], [ 106.7901987, -6.233032 ], [ 106.7903395, -6.2328598 ], [ 106.7905714, -6.2325682 ], [ 106.7909178, -6.2321031 ], [ 106.7910272, -6.2319487 ], [ 106.791105, -6.2318634 ], [ 106.7912354, -6.2316773 ], [ 106.7913004, -6.2315596 ], [ 106.7913812, -6.2314315 ], [ 106.7914402, -6.2313466 ], [ 106.7915153, -6.2312048 ], [ 106.7915744, -6.2311035 ], [ 106.7916012, -6.2310502 ], [ 106.7916446, -6.2309911 ], [ 106.7916677, -6.230965 ], [ 106.7917174, -6.2309028 ], [ 106.7917486, -6.230859 ], [ 106.7918881, -6.2307479 ], [ 106.7919937, -6.2306823 ], [ 106.792099, -6.230641 ], [ 106.7922082, -6.2306263 ], [ 106.792613, -6.2306369 ], [ 106.7927393, -6.2306163 ], [ 106.7928782, -6.2306256 ], [ 106.7930405, -6.2306394 ], [ 106.7932999, -6.2307076 ], [ 106.7936902, -6.2308092 ], [ 106.7937929, -6.2308002 ], [ 106.7941267, -6.2304105 ], [ 106.7943164, -6.2302452 ], [ 106.7944444, -6.2301573 ], [ 106.7946112, -6.2300597 ], [ 106.7947161, -6.2300131 ], [ 106.7948348, -6.2300393 ], [ 106.7949026, -6.2301051 ], [ 106.794957, -6.2301906 ], [ 106.7953944, -6.2304829 ], [ 106.795528, -6.2304765 ], [ 106.7956128, -6.2304146 ], [ 106.7958686, -6.2298694 ], [ 106.7958769, -6.2293166 ], [ 106.7957745, -6.2291092 ], [ 106.7957758, -6.2290028 ], [ 106.795947, -6.2286989 ], [ 106.7958896, -6.2285965 ], [ 106.7956526, -6.228465 ], [ 106.7956656, -6.2283559 ], [ 106.7957831, -6.2280426 ], [ 106.7959057, -6.2277939 ], [ 106.7959714, -6.2275913 ], [ 106.7960921, -6.227374 ], [ 106.796253, -6.227054 ], [ 106.7963992, -6.2262248 ], [ 106.7964019, -6.2257182 ], [ 106.7963603, -6.2254675 ], [ 106.7963238, -6.224988 ], [ 106.7962466, -6.2245785 ], [ 106.7961865, -6.2241092 ], [ 106.7960749, -6.2236484 ], [ 106.7961006, -6.2233327 ], [ 106.7967873, -6.2195101 ], [ 106.7968645, -6.2191944 ], [ 106.796916, -6.2188275 ], [ 106.7969866, -6.2183894 ], [ 106.7970925, -6.2179839 ], [ 106.7969686, -6.217698 ], [ 106.7965056, -6.2171824 ], [ 106.7961784, -6.2165105 ], [ 106.7961412, -6.2163472 ], [ 106.7961865, -6.2160545 ], [ 106.796238, -6.2157899 ], [ 106.7961779, -6.2155254 ], [ 106.7957675, -6.2143945 ], [ 106.7954564, -6.2138719 ], [ 106.7954081, -6.2136213 ], [ 106.7953491, -6.2134773 ], [ 106.7953705, -6.2133413 ], [ 106.7954215, -6.2132559 ], [ 106.7954322, -6.212992 ], [ 106.7954484, -6.2127787 ], [ 106.7955905, -6.212704 ], [ 106.7957112, -6.2126694 ], [ 106.7957943, -6.2126374 ], [ 106.7958319, -6.2125307 ], [ 106.7958426, -6.212416 ], [ 106.7956307, -6.212336 ], [ 106.7952767, -6.2122107 ], [ 106.795113, -6.2121707 ], [ 106.7948619, -6.2119662 ], [ 106.7947011, -6.2118581 ], [ 106.7945071, -6.2118349 ], [ 106.794455, -6.2118617 ], [ 106.7942237, -6.2119702 ], [ 106.7941479, -6.2119679 ], [ 106.7940625, -6.2119488 ], [ 106.7940155, -6.2119224 ], [ 106.7940234, -6.211806 ], [ 106.7939737, -6.2117277 ], [ 106.7938704, -6.2116782 ], [ 106.7936861, -6.2116951 ], [ 106.7936039, -6.2117133 ], [ 106.793544, -6.2116881 ], [ 106.7934756, -6.2116587 ], [ 106.7934917, -6.2115774 ], [ 106.7936463, -6.2114502 ], [ 106.7937737, -6.2114035 ], [ 106.7937762, -6.2113747 ], [ 106.7937793, -6.2113106 ], [ 106.7937719, -6.2112002 ], [ 106.7937719, -6.2110188 ], [ 106.7936459, -6.2107588 ], [ 106.7934917, -6.2106415 ], [ 106.793147, -6.2104562 ], [ 106.7928728, -6.2103275 ], [ 106.7927527, -6.2102616 ], [ 106.7927631, -6.2099043 ], [ 106.7927459, -6.2097337 ], [ 106.7926429, -6.2094179 ], [ 106.7925485, -6.2092388 ], [ 106.7922824, -6.209162 ], [ 106.7920335, -6.2091278 ], [ 106.7919133, -6.2089657 ], [ 106.7918704, -6.2087865 ], [ 106.7920593, -6.2083087 ], [ 106.7922052, -6.2081807 ], [ 106.792394, -6.2079759 ], [ 106.7924683, -6.2076322 ], [ 106.792394, -6.2072506 ], [ 106.7925142, -6.2068581 ], [ 106.7925914, -6.2064741 ], [ 106.7925914, -6.206167 ], [ 106.7925056, -6.2057403 ], [ 106.7925056, -6.2053649 ], [ 106.7926257, -6.2049041 ], [ 106.7928232, -6.2045628 ], [ 106.7927888, -6.2042727 ], [ 106.7927802, -6.2040167 ], [ 106.7926, -6.2036839 ], [ 106.7926429, -6.2034535 ], [ 106.7926858, -6.2032232 ], [ 106.7926086, -6.2029842 ], [ 106.792703, -6.2027795 ], [ 106.7926944, -6.2025917 ], [ 106.7929948, -6.2020627 ], [ 106.7930892, -6.2017896 ], [ 106.793115, -6.2015763 ], [ 106.7931879, -6.2012238 ], [ 106.7932302, -6.2011152 ], [ 106.7932781, -6.2010217 ], [ 106.7933267, -6.2007659 ], [ 106.7934233, -6.2005528 ], [ 106.7935788, -6.2003422 ], [ 106.7940985, -6.199917 ], [ 106.794126, -6.1997262 ], [ 106.7941481, -6.1995397 ], [ 106.7940502, -6.1991277 ], [ 106.7938981, -6.1988382 ], [ 106.7937104, -6.1985995 ], [ 106.793552, -6.1983849 ], [ 106.7933535, -6.1979743 ], [ 106.7932784, -6.1976543 ], [ 106.7932624, -6.197393 ], [ 106.7933643, -6.197185 ], [ 106.7935145, -6.197073 ], [ 106.7939168, -6.1966304 ], [ 106.7940992, -6.1963477 ], [ 106.7941475, -6.1961397 ], [ 106.7941394, -6.1960077 ], [ 106.7941072, -6.1956904 ], [ 106.7940896, -6.1955705 ], [ 106.7940026, -6.1954891 ], [ 106.7939137, -6.1953708 ], [ 106.7937344, -6.1952384 ], [ 106.7935919, -6.1952162 ], [ 106.7933562, -6.1951451 ], [ 106.7931443, -6.1950358 ], [ 106.7926883, -6.1947958 ], [ 106.7923343, -6.1945825 ], [ 106.792227, -6.1943905 ], [ 106.7923329, -6.1939412 ], [ 106.7923745, -6.1936545 ], [ 106.7923612, -6.1933666 ], [ 106.7922136, -6.1926279 ], [ 106.7923557, -6.1920333 ], [ 106.792345, -6.1917986 ], [ 106.7925596, -6.1913932 ], [ 106.7929244, -6.1906573 ], [ 106.7931346, -6.1905393 ], [ 106.7935359, -6.1905187 ], [ 106.7938578, -6.1899747 ], [ 106.7939275, -6.1896547 ], [ 106.7940509, -6.1893454 ], [ 106.7941689, -6.1889933 ], [ 106.7941313, -6.188572 ], [ 106.7944371, -6.1882147 ], [ 106.7945118, -6.1880435 ], [ 106.7944747, -6.1879614 ], [ 106.7936754, -6.1867214 ], [ 106.7933857, -6.1861027 ], [ 106.7932093, -6.1857869 ], [ 106.7930853, -6.1856068 ], [ 106.7929519, -6.1843619 ], [ 106.7930799, -6.1840389 ], [ 106.7932905, -6.1837135 ], [ 106.7933242, -6.1833428 ], [ 106.7932871, -6.1829686 ], [ 106.7931718, -6.1827913 ], [ 106.7928955, -6.1825134 ], [ 106.7927098, -6.1823282 ], [ 106.7926307, -6.1818828 ], [ 106.7927353, -6.1811376 ], [ 106.7929042, -6.1809322 ], [ 106.7932376, -6.180289 ], [ 106.793438, -6.1799589 ], [ 106.7937223, -6.179799 ], [ 106.7938648, -6.1796813 ], [ 106.794011, -6.1795187 ], [ 106.7941733, -6.1791347 ], [ 106.7942216, -6.1787814 ], [ 106.7942726, -6.1783987 ], [ 106.7942386, -6.1779696 ], [ 106.7941267, -6.1776387 ], [ 106.7935889, -6.177115 ], [ 106.7913346, -6.1751309 ], [ 106.790905, -6.1747134 ], [ 106.790442, -6.174263 ], [ 106.7900238, -6.173653 ], [ 106.789872, -6.173451 ], [ 106.789084, -6.1724912 ], [ 106.7889175, -6.1722187 ], [ 106.7885416, -6.1716124 ], [ 106.7880498, -6.1702067 ], [ 106.7879532, -6.1697374 ], [ 106.78795, -6.1695538 ], [ 106.7878875, -6.167821 ], [ 106.787911, -6.1673064 ], [ 106.7880593, -6.1666035 ], [ 106.7880778, -6.1665748 ], [ 106.7888903, -6.1648183 ], [ 106.7904639, -6.1611902 ], [ 106.7921073, -6.1575649 ], [ 106.793103, -6.1551499 ], [ 106.7938239, -6.1539978 ], [ 106.7939184, -6.1534005 ], [ 106.792897, -6.1515146 ], [ 106.7897272, -6.1455363 ], [ 106.788311, -6.1436483 ], [ 106.7882294, -6.1432353 ], [ 106.788193, -6.1430509 ], [ 106.7880964, -6.1423042 ], [ 106.7878604, -6.1417708 ], [ 106.7878098, -6.1416824 ], [ 106.7869806, -6.1402348 ], [ 106.7862832, -6.138912 ], [ 106.7855107, -6.1373866 ], [ 106.7853176, -6.1368852 ], [ 106.7853284, -6.1364798 ], [ 106.7856695, -6.1360753 ], [ 106.7862474, -6.1357186 ], [ 106.7862278, -6.1356465 ], [ 106.7840087, -6.1264791 ], [ 106.7839885, -6.1254922 ], [ 106.7838692, -6.1196625 ], [ 106.7841509, -6.1176413 ], [ 106.7842894, -6.1168535 ], [ 106.7844604, -6.1158804 ], [ 106.7850341, -6.112221 ], [ 106.7852406, -6.1108925 ], [ 106.785212190917321, -6.109572730997173 ] ] ] } },
{ "type": "Feature", "properties": { "full_id": "w18582628", "osm_id": "18582628", "osm_type": "way", "waterway": "river", "admin_leve": null, "ele": null, "name_ja": null, "boundary": null, "salt": null, "fishing": null, "name_id": null, "man_made": null, "addr_city": null, "embankment": null, "width": null, "tidal": null, "intermitte": null, "tunnel": null, "wikidata": "Q12488624", "name_nl": "de Groote Rivier", "wikipedia": "en:Kali Besar", "boat": null, "name_en": null, "name": "Sungai Krukut", "layer": null, "alt_name": null, "path": "G:\\My Drive\\Work Data\\Harmoni\\Flood Early Warning System\\Dataset\\29 River in Jakarta\\Batas Sungai Krukut - DKI Jakarta.geojson" }, "geometry": { "type": "MultiLineString", "coordinates": [ [ [ 106.7973237, -6.1105118 ], [ 106.79725, -6.1104117 ], [ 106.7969021, -6.1099388 ], [ 106.7967828, -6.1095481 ], [ 106.7967761, -6.1094335 ], [ 106.7967707, -6.1093561 ], [ 106.7967701, -6.1093214 ], [ 106.7967586, -6.10894 ] ], [ [ 106.801954, -6.1245599 ], [ 106.8019084, -6.124474 ], [ 106.8017224, -6.1242787 ], [ 106.8013254, -6.1238226 ], [ 106.8010545, -6.1233079 ], [ 106.80062, -6.1225399 ], [ 106.8003357, -6.1222598 ], [ 106.7995793, -6.1215158 ], [ 106.799531, -6.1210731 ], [ 106.7997724, -6.1206144 ], [ 106.7996544, -6.1192382 ], [ 106.799767, -6.1183261 ], [ 106.7997348, -6.1174674 ], [ 106.7995313, -6.1161804 ], [ 106.7993164, -6.1148218 ], [ 106.7975998, -6.1125389 ], [ 106.7973669, -6.1121419 ], [ 106.7973648, -6.1118098 ], [ 106.7974509, -6.1115328 ], [ 106.7974488, -6.1112781 ], [ 106.7974051, -6.1110203 ], [ 106.7973237, -6.1105118 ] ], [ [ 106.8032174, -6.1181997 ], [ 106.8026434, -6.1146012 ], [ 106.8026092, -6.1144745 ], [ 106.8024328, -6.1140992 ], [ 106.8022872, -6.1138876 ], [ 106.8022585, -6.1138458 ], [ 106.8021539, -6.1136938 ], [ 106.8015772, -6.1129877 ], [ 106.801533, -6.1129338 ], [ 106.8008879, -6.1121577 ], [ 106.8008616, -6.1121276 ], [ 106.8006733, -6.1119123 ], [ 106.8004856, -6.1117879 ], [ 106.8004189, -6.1117437 ], [ 106.8003836, -6.1117203 ], [ 106.8001476, -6.1116776 ], [ 106.7998686, -6.1116669 ], [ 106.7994663, -6.1116883 ], [ 106.7992302, -6.1116349 ], [ 106.7973237, -6.1105118 ] ], [ [ 106.7990345, -6.333188 ], [ 106.799076, -6.3331107 ], [ 106.7991579, -6.3330813 ], [ 106.7992631, -6.3331245 ], [ 106.7994327, -6.3332763 ], [ 106.7996277, -6.3333566 ], [ 106.7999664, -6.3334216 ], [ 106.8000068, -6.3334183 ], [ 106.8000599, -6.3334083 ], [ 106.8001252, -6.3334277 ], [ 106.8002799, -6.3335047 ], [ 106.8007375, -6.3336006 ], [ 106.8010551, -6.3336842 ], [ 106.8011999, -6.3336865 ], [ 106.801424, -6.333654 ], [ 106.8016272, -6.3335565 ], [ 106.8016994, -6.3334763 ], [ 106.8017987, -6.333366 ], [ 106.8019144, -6.3328673 ], [ 106.801905, -6.3327466 ], [ 106.8018723, -6.3326329 ], [ 106.801856, -6.3323776 ], [ 106.8018046, -6.3322733 ], [ 106.8016863, -6.3321942 ], [ 106.8015941, -6.332139 ], [ 106.8014182, -6.3320338 ], [ 106.8012735, -6.331809 ], [ 106.8013071, -6.3315684 ], [ 106.8014179, -6.3314473 ], [ 106.8014839, -6.3313562 ], [ 106.8015018, -6.3312799 ], [ 106.8015327, -6.3312293 ], [ 106.8016011, -6.3312146 ], [ 106.8018935, -6.3313039 ], [ 106.8020812, -6.3312053 ], [ 106.8022771, -6.3310607 ], [ 106.8024938, -6.330805 ], [ 106.8026306, -6.3306798 ], [ 106.8027923, -6.3306284 ], [ 106.8028474, -6.3306025 ], [ 106.8031034, -6.3304824 ], [ 106.803326, -6.3301368 ], [ 106.803456, -6.3299119 ], [ 106.8034606, -6.3297609 ], [ 106.8033247, -6.3285267 ], [ 106.8033701, -6.3276883 ], [ 106.8034373, -6.3274773 ], [ 106.8035612, -6.3272979 ], [ 106.8037864, -6.327225 ], [ 106.8040991, -6.3270587 ], [ 106.8042124, -6.3267808 ], [ 106.8041355, -6.3261115 ], [ 106.8041564, -6.3259801 ], [ 106.8041702, -6.3258307 ], [ 106.804156, -6.3256404 ], [ 106.8040636, -6.3253701 ], [ 106.8041094, -6.3251528 ], [ 106.8042336, -6.3250919 ], [ 106.8044641, -6.3249989 ], [ 106.8046185, -6.3248706 ], [ 106.804635, -6.3247903 ], [ 106.8046232, -6.3246695 ], [ 106.8045486, -6.3246 ], [ 106.8045323, -6.3245048 ], [ 106.8047821, -6.3242983 ], [ 106.8049951, -6.3242315 ], [ 106.8050296, -6.324187 ], [ 106.8050235, -6.3241224 ], [ 106.8050152, -6.3240591 ], [ 106.8049677, -6.3239603 ], [ 106.8049219, -6.323892 ], [ 106.8049483, -6.3237688 ], [ 106.8049971, -6.3237042 ], [ 106.8051922, -6.3236132 ], [ 106.8053772, -6.3235668 ], [ 106.805491, -6.3235526 ], [ 106.8056285, -6.3235847 ], [ 106.8060183, -6.323796 ], [ 106.8060414, -6.3238075 ], [ 106.8061562, -6.3238075 ], [ 106.8062706, -6.3237657 ], [ 106.8063664, -6.3236822 ], [ 106.8063757, -6.3236033 ], [ 106.8063316, -6.3235015 ], [ 106.806287, -6.3234104 ], [ 106.8062279, -6.323307 ], [ 106.8061113, -6.3232184 ], [ 106.8059834, -6.323044 ], [ 106.8059601, -6.3229395 ], [ 106.8060215, -6.3227463 ], [ 106.8060847, -6.3226938 ], [ 106.8061424, -6.3226631 ], [ 106.8063131, -6.3226421 ], [ 106.8064964, -6.3226604 ], [ 106.8067404, -6.3226326 ], [ 106.8070302, -6.3224178 ], [ 106.8071979, -6.3222253 ], [ 106.8072662, -6.3221272 ], [ 106.8071992, -6.3219406 ], [ 106.8070865, -6.3218527 ], [ 106.807006, -6.32181 ], [ 106.806888, -6.3216794 ], [ 106.8067781, -6.3216607 ], [ 106.8066788, -6.3216687 ], [ 106.8065635, -6.3216794 ], [ 106.806483, -6.3216554 ], [ 106.8064937, -6.3215461 ], [ 106.8065462, -6.3213315 ], [ 106.8066418, -6.3211978 ], [ 106.8067741, -6.3211036 ], [ 106.8069245, -6.3210632 ], [ 106.8071399, -6.3210584 ], [ 106.807286, -6.3209745 ], [ 106.8073879, -6.320882 ], [ 106.8074249, -6.3206986 ], [ 106.8073169, -6.3202611 ], [ 106.8073413, -6.3202086 ], [ 106.8074409, -6.3201197 ], [ 106.8075283, -6.320047 ], [ 106.8075486, -6.3199884 ], [ 106.8075405, -6.3198894 ], [ 106.8074327, -6.3197277 ], [ 106.8072904, -6.3196308 ], [ 106.8072474, -6.3194937 ], [ 106.8072874, -6.3193876 ], [ 106.8074254, -6.3192996 ], [ 106.807567, -6.3190604 ], [ 106.8076094, -6.3189866 ], [ 106.8077298, -6.3189268 ], [ 106.8080164, -6.3188353 ], [ 106.8080837, -6.3187614 ], [ 106.8080837, -6.3186383 ], [ 106.8079952, -6.3185152 ], [ 106.8079067, -6.3184343 ], [ 106.8078041, -6.318276 ], [ 106.8076802, -6.3179559 ], [ 106.8076873, -6.3176762 ], [ 106.8078198, -6.3173593 ], [ 106.8079812, -6.3172908 ], [ 106.8082677, -6.316854 ], [ 106.8083331, -6.3168331 ], [ 106.8086366, -6.3168261 ], [ 106.8087277, -6.3168169 ], [ 106.8087767, -6.3167728 ], [ 106.8088281, -6.3165616 ], [ 106.8088188, -6.3165059 ], [ 106.8087884, -6.3164595 ], [ 106.8086555, -6.3164075 ], [ 106.8085969, -6.316297 ], [ 106.8085876, -6.3161786 ], [ 106.8086413, -6.3160881 ], [ 106.8087394, -6.316058 ], [ 106.8088888, -6.3161137 ], [ 106.8090102, -6.3161229 ], [ 106.8090803, -6.3160533 ], [ 106.809154, -6.3158388 ], [ 106.809216, -6.3155926 ], [ 106.8091777, -6.3152945 ], [ 106.8091838, -6.3151531 ], [ 106.8091858, -6.3149308 ], [ 106.8091622, -6.3148026 ], [ 106.8090915, -6.3146235 ], [ 106.8090151, -6.3144298 ], [ 106.8089866, -6.314254 ], [ 106.8090131, -6.3141206 ], [ 106.8089785, -6.3140257 ], [ 106.8089074, -6.3139449 ], [ 106.8087915, -6.3138802 ], [ 106.8083497, -6.3133603 ], [ 106.8082934, -6.313339 ], [ 106.8080171, -6.3133257 ], [ 106.8079393, -6.3132537 ], [ 106.8079286, -6.3132137 ], [ 106.807934, -6.3131604 ], [ 106.808047, -6.312911 ], [ 106.8082214, -6.3126391 ], [ 106.808267, -6.3124338 ], [ 106.8082348, -6.3121592 ], [ 106.8081754, -6.3119394 ], [ 106.8080819, -6.3117833 ], [ 106.8079474, -6.3116195 ], [ 106.8079156, -6.3115567 ], [ 106.8079045, -6.3114115 ], [ 106.8079769, -6.3111076 ], [ 106.8080068, -6.3110715 ], [ 106.808288, -6.3108357 ], [ 106.8083953, -6.3108037 ], [ 106.8084976, -6.3107169 ], [ 106.8085459, -6.310565 ], [ 106.8085298, -6.3104023 ], [ 106.8083819, -6.3101745 ], [ 106.8082317, -6.3098759 ], [ 106.8079662, -6.309676 ], [ 106.8078244, -6.3093226 ], [ 106.8077623, -6.3092201 ], [ 106.8077221, -6.3092041 ], [ 106.807596, -6.3092334 ], [ 106.8074673, -6.3092894 ], [ 106.8074378, -6.3093267 ], [ 106.8073439, -6.3093454 ], [ 106.8068745, -6.3091002 ], [ 106.806853, -6.3089615 ], [ 106.807001, -6.3088801 ], [ 106.8070251, -6.3086881 ], [ 106.807068, -6.3086721 ], [ 106.8072312, -6.3087029 ], [ 106.8073385, -6.3086949 ], [ 106.8075133, -6.3086055 ], [ 106.8075585, -6.3085056 ], [ 106.8076067, -6.3084816 ], [ 106.8076792, -6.3084736 ], [ 106.8077543, -6.308495 ], [ 106.8086074, -6.3081759 ], [ 106.8086421, -6.3081057 ], [ 106.8086103, -6.3079523 ], [ 106.8085003, -6.3075791 ], [ 106.8084359, -6.3074271 ], [ 106.8083792, -6.3073886 ], [ 106.8083079, -6.3071379 ], [ 106.8082777, -6.3070459 ], [ 106.8082612, -6.3067248 ], [ 106.8086367, -6.3066714 ], [ 106.8086827, -6.3066406 ], [ 106.8087283, -6.3065447 ], [ 106.8087364, -6.3064434 ], [ 106.8087203, -6.306398 ], [ 106.808634, -6.3063035 ], [ 106.8085026, -6.305901 ], [ 106.8085137, -6.3057849 ], [ 106.8085915, -6.3056489 ], [ 106.8087816, -6.305613 ], [ 106.8090307, -6.3056406 ], [ 106.8091621, -6.3055992 ], [ 106.8092476, -6.3055302 ], [ 106.8092191, -6.3050677 ], [ 106.8090176, -6.3047546 ], [ 106.8089613, -6.304576 ], [ 106.8089237, -6.3041468 ], [ 106.8088919, -6.3039987 ], [ 106.8088486, -6.3039255 ], [ 106.8087279, -6.3038748 ], [ 106.8085187, -6.3038988 ], [ 106.8084597, -6.3038748 ], [ 106.8083657, -6.3036621 ], [ 106.8084118, -6.3035054 ], [ 106.8081405, -6.3031443 ], [ 106.8081003, -6.3031257 ], [ 106.8079903, -6.3031363 ], [ 106.8078122, -6.3032208 ], [ 106.8076031, -6.3031992 ], [ 106.8073821, -6.3030068 ], [ 106.8071419, -6.3028358 ], [ 106.8070662, -6.3027057 ], [ 106.8069876, -6.3023991 ], [ 106.8069818, -6.3020433 ], [ 106.8067113, -6.3014126 ], [ 106.8066465, -6.3011555 ], [ 106.8065526, -6.3010515 ], [ 106.8063036, -6.3004156 ], [ 106.8062871, -6.3003132 ], [ 106.8063702, -6.2999053 ], [ 106.8063626, -6.2997757 ], [ 106.8062875, -6.2993305 ], [ 106.8061476, -6.2987909 ], [ 106.8060242, -6.2987776 ], [ 106.8059907, -6.2987122 ], [ 106.8060239, -6.2985489 ], [ 106.8060054, -6.2984323 ], [ 106.8059464, -6.2984016 ], [ 106.8058177, -6.298399 ], [ 106.8055951, -6.2984976 ], [ 106.8054475, -6.2984977 ], [ 106.8052384, -6.298447 ], [ 106.8052012, -6.2984187 ], [ 106.8051717, -6.2983067 ], [ 106.8051073, -6.2982268 ], [ 106.8050023, -6.2981537 ], [ 106.805013, -6.2980177 ], [ 106.8050376, -6.2979655 ], [ 106.805228, -6.2978508 ], [ 106.8053031, -6.2977442 ], [ 106.8053859, -6.2974765 ], [ 106.805398, -6.2972965 ], [ 106.8055656, -6.296738 ], [ 106.8056648, -6.2966447 ], [ 106.8061181, -6.2963568 ], [ 106.806272, -6.296187 ], [ 106.806859, -6.2958867 ], [ 106.8068752, -6.2958116 ], [ 106.8068871, -6.2956933 ], [ 106.806853, -6.2955303 ], [ 106.806794, -6.2954664 ], [ 106.8064774, -6.2952679 ], [ 106.8064135, -6.2951413 ], [ 106.8064028, -6.2948649 ], [ 106.8063434, -6.2946159 ], [ 106.8062415, -6.2944906 ], [ 106.8060511, -6.2943866 ], [ 106.8055378, -6.2943817 ], [ 106.8054567, -6.2943128 ], [ 106.8052177, -6.294048 ], [ 106.8051004, -6.2938046 ], [ 106.8050455, -6.2936346 ], [ 106.8050534, -6.2934282 ], [ 106.8050534, -6.2932313 ], [ 106.8050888, -6.29314 ], [ 106.8051766, -6.2930556 ], [ 106.8053615, -6.2929143 ], [ 106.8054199, -6.2928671 ], [ 106.8055329, -6.2927378 ], [ 106.8056359, -6.2925302 ], [ 106.8056777, -6.292367 ], [ 106.8057051, -6.2918244 ], [ 106.8057576, -6.291498 ], [ 106.8057816, -6.291427 ], [ 106.8058634, -6.2912806 ], [ 106.8060725, -6.2909847 ], [ 106.8062606, -6.2907353 ], [ 106.8063956, -6.290651 ], [ 106.8065527, -6.2905448 ], [ 106.8067083, -6.2904701 ], [ 106.8068048, -6.2904488 ], [ 106.8070368, -6.2904235 ], [ 106.8071079, -6.2904087 ], [ 106.8071696, -6.2903581 ], [ 106.8072145, -6.2903087 ], [ 106.8072346, -6.2902108 ], [ 106.8072367, -6.2901342 ], [ 106.8072635, -6.2900835 ], [ 106.8073171, -6.2900542 ], [ 106.8073895, -6.2900488 ], [ 106.8079206, -6.2902088 ], [ 106.8079635, -6.2902088 ], [ 106.8080454, -6.2901614 ], [ 106.8083658, -6.2897396 ], [ 106.8083745, -6.2896256 ], [ 106.8083659, -6.2895397 ], [ 106.8085616, -6.2892097 ], [ 106.8086857, -6.2889058 ], [ 106.8085285, -6.2884642 ], [ 106.8085483, -6.2883316 ], [ 106.8084567, -6.287943 ], [ 106.808444, -6.2877498 ], [ 106.8085079, -6.2875763 ], [ 106.8085348, -6.2874654 ], [ 106.8087494, -6.2872414 ], [ 106.8090391, -6.2869749 ], [ 106.8090498, -6.2868469 ], [ 106.8089996, -6.2866863 ], [ 106.8090122, -6.2865109 ], [ 106.8090298, -6.2864004 ], [ 106.80909, -6.2863163 ], [ 106.8091463, -6.2859937 ], [ 106.809188, -6.2858272 ], [ 106.8094709, -6.2858738 ], [ 106.8096359, -6.2858861 ], [ 106.809717, -6.2858618 ], [ 106.8097512, -6.2857978 ], [ 106.8096507, -6.2855965 ], [ 106.8096774, -6.2852373 ], [ 106.8096077, -6.284778 ], [ 106.8097043, -6.2844794 ], [ 106.8096399, -6.2843194 ], [ 106.8094801, -6.2841783 ], [ 106.8094157, -6.2840297 ], [ 106.8094005, -6.2838255 ], [ 106.8095607, -6.2835247 ], [ 106.8096184, -6.2833703 ], [ 106.8095664, -6.283255 ], [ 106.8094518, -6.2830514 ], [ 106.8093502, -6.2828797 ], [ 106.8093395, -6.2827091 ], [ 106.8093429, -6.2824003 ], [ 106.8095421, -6.2819427 ], [ 106.8096587, -6.2817013 ], [ 106.8097338, -6.2815787 ], [ 106.8098867, -6.2814427 ], [ 106.8101455, -6.2812068 ], [ 106.8105033, -6.2808942 ], [ 106.8105996, -6.2804046 ], [ 106.8106123, -6.2802773 ], [ 106.810627, -6.2799151 ], [ 106.8108144, -6.2796251 ], [ 106.8110155, -6.2795129 ], [ 106.8112093, -6.2794522 ], [ 106.8114091, -6.2794502 ], [ 106.8117535, -6.2794032 ], [ 106.8120108, -6.2791685 ], [ 106.812129, -6.278731 ], [ 106.8121818, -6.2786052 ], [ 106.8122577, -6.278486 ], [ 106.8123999, -6.2784154 ], [ 106.8127097, -6.278194 ], [ 106.8127714, -6.2778382 ], [ 106.8127795, -6.2777422 ], [ 106.8127901, -6.2776542 ], [ 106.8128063, -6.2775969 ], [ 106.8129015, -6.2775475 ], [ 106.8130517, -6.2773449 ], [ 106.8130731, -6.276993 ], [ 106.8129551, -6.2768117 ], [ 106.81288, -6.2764384 ], [ 106.8130731, -6.2763211 ], [ 106.8134272, -6.2759478 ], [ 106.8136954, -6.2759798 ], [ 106.8139422, -6.2760332 ], [ 106.8140709, -6.2759159 ], [ 106.8141031, -6.2756172 ], [ 106.8142211, -6.2753186 ], [ 106.8142211, -6.275212 ], [ 106.8141138, -6.27486 ], [ 106.8140065, -6.2746574 ], [ 106.8139207, -6.2745508 ], [ 106.8139207, -6.2743481 ], [ 106.8139744, -6.2742415 ], [ 106.8139744, -6.2740922 ], [ 106.8138349, -6.2738469 ], [ 106.8138349, -6.2736763 ], [ 106.81391, -6.273559 ], [ 106.8139958, -6.273367 ], [ 106.8140065, -6.273239 ], [ 106.8139422, -6.2729618 ], [ 106.8138992, -6.2725779 ], [ 106.8139476, -6.2724418 ], [ 106.8139529, -6.2722339 ], [ 106.8138952, -6.2721073 ], [ 106.8137155, -6.2720606 ], [ 106.8134567, -6.2720807 ], [ 106.8131978, -6.2719793 ], [ 106.813043, -6.27175 ], [ 106.8126789, -6.271594 ], [ 106.8126027, -6.2715188 ], [ 106.8125883, -6.2713541 ], [ 106.8125468, -6.2712968 ], [ 106.8124763, -6.2712573 ], [ 106.8122363, -6.2712101 ], [ 106.8120573, -6.2712648 ], [ 106.8119647, -6.2712021 ], [ 106.811903, -6.2711315 ], [ 106.8117998, -6.2709835 ], [ 106.8118554, -6.2708861 ], [ 106.8118984, -6.2708325 ], [ 106.8118962, -6.2707314 ], [ 106.8117756, -6.2707209 ], [ 106.8116952, -6.2706849 ], [ 106.8116891, -6.2705769 ], [ 106.811671, -6.2704543 ], [ 106.8115637, -6.2703476 ], [ 106.8115389, -6.2702357 ], [ 106.8115604, -6.2701356 ], [ 106.8116395, -6.2699504 ], [ 106.8117119, -6.2697562 ], [ 106.8117655, -6.269492 ], [ 106.8118475, -6.269423 ], [ 106.8120043, -6.2693198 ], [ 106.8121233, -6.2692315 ], [ 106.8123114, -6.2689247 ], [ 106.8122054, -6.2687959 ], [ 106.812093, -6.2686214 ], [ 106.8121612, -6.2684186 ], [ 106.8123221, -6.26796 ], [ 106.8124616, -6.2676828 ], [ 106.8126011, -6.2672989 ], [ 106.8127191, -6.2672135 ], [ 106.8130195, -6.2669789 ], [ 106.8130731, -6.2666803 ], [ 106.8131482, -6.266403 ], [ 106.8133306, -6.2660511 ], [ 106.8133735, -6.265891 ], [ 106.8133306, -6.2657311 ], [ 106.8129337, -6.2655072 ], [ 106.81288, -6.2653152 ], [ 106.8127298, -6.2651659 ], [ 106.8125796, -6.2650486 ], [ 106.8125474, -6.2648993 ], [ 106.8125796, -6.2647713 ], [ 106.8125796, -6.2646753 ], [ 106.8124401, -6.2645047 ], [ 106.8123865, -6.264398 ], [ 106.8123114, -6.2638967 ], [ 106.8123007, -6.2637795 ], [ 106.8122148, -6.2637262 ], [ 106.8121397, -6.2636942 ], [ 106.8120217, -6.2636835 ], [ 106.8119681, -6.2635875 ], [ 106.8117857, -6.2634169 ], [ 106.8119077, -6.2631463 ], [ 106.811901, -6.2630889 ], [ 106.8118165, -6.2629862 ], [ 106.8116395, -6.2628397 ], [ 106.8115617, -6.262781 ], [ 106.811551, -6.2627224 ], [ 106.8115993, -6.262621 ], [ 106.8117226, -6.2624983 ], [ 106.8118407, -6.2624544 ], [ 106.812011, -6.262437 ], [ 106.8120646, -6.2623944 ], [ 106.8120874, -6.2623038 ], [ 106.8120432, -6.2620625 ], [ 106.8119788, -6.2618718 ], [ 106.8118916, -6.2617892 ], [ 106.8117923, -6.2617145 ], [ 106.8116998, -6.2616479 ], [ 106.8116677, -6.2615639 ], [ 106.8116998, -6.2614865 ], [ 106.8117427, -6.2613372 ], [ 106.8117052, -6.2612546 ], [ 106.811677, -6.261144 ], [ 106.8116086, -6.2609933 ], [ 106.8115335, -6.260848 ], [ 106.8115228, -6.260728 ], [ 106.811445, -6.2605907 ], [ 106.8113873, -6.2605348 ], [ 106.8112465, -6.2605227 ], [ 106.8110387, -6.2604827 ], [ 106.8109595, -6.2604241 ], [ 106.8108965, -6.2603135 ], [ 106.8107021, -6.2600135 ], [ 106.8105572, -6.2597321 ], [ 106.8105317, -6.2596029 ], [ 106.8105626, -6.2595029 ], [ 106.8106699, -6.259343 ], [ 106.8106028, -6.2592256 ], [ 106.8105364, -6.2591929 ], [ 106.8102703, -6.2592543 ], [ 106.8102193, -6.2592362 ], [ 106.8101482, -6.2590209 ], [ 106.8100543, -6.2589223 ], [ 106.8099658, -6.2588763 ], [ 106.8099146, -6.2588664 ], [ 106.8098164, -6.258897 ], [ 106.8096552, -6.2588942 ], [ 106.809575, -6.2588655 ], [ 106.8095263, -6.2588137 ], [ 106.8094758, -6.2587148 ], [ 106.8094753, -6.2586209 ], [ 106.8094361, -6.2583937 ], [ 106.8093395, -6.2581591 ], [ 106.8093502, -6.2578498 ], [ 106.8093502, -6.2577005 ], [ 106.8091571, -6.2575725 ], [ 106.8090927, -6.2574126 ], [ 106.8092215, -6.2571779 ], [ 106.8091571, -6.2570286 ], [ 106.8089962, -6.2569539 ], [ 106.8090069, -6.2568473 ], [ 106.8091786, -6.2567193 ], [ 106.8092107, -6.2565167 ], [ 106.8091035, -6.2563567 ], [ 106.8087172, -6.2562714 ], [ 106.8085777, -6.2560261 ], [ 106.8083846, -6.2557914 ], [ 106.8083417, -6.2556209 ], [ 106.8083846, -6.2553969 ], [ 106.8085777, -6.2551089 ], [ 106.808567, -6.2547677 ], [ 106.8085938, -6.2532692 ], [ 106.8087494, -6.2530986 ], [ 106.8091035, -6.2529652 ], [ 106.8091873, -6.2528853 ], [ 106.8092094, -6.252812 ], [ 106.8091645, -6.252688 ], [ 106.8090817, -6.2526164 ], [ 106.808907, -6.2524474 ], [ 106.8089754, -6.2523493 ], [ 106.8092698, -6.2518508 ], [ 106.8095018, -6.2515056 ], [ 106.8097499, -6.2512028 ], [ 106.8099296, -6.2510775 ], [ 106.8101656, -6.2509255 ], [ 106.8103587, -6.2508216 ], [ 106.8104231, -6.2504377 ], [ 106.8103399, -6.2504117 ], [ 106.8102474, -6.2504002 ], [ 106.810118, -6.2503664 ], [ 106.8100154, -6.2500857 ], [ 106.8098008, -6.2496271 ], [ 106.8096506, -6.2492645 ], [ 106.8095901, -6.2491151 ], [ 106.8097966, -6.2487206 ], [ 106.8100706, -6.2484287 ], [ 106.8104156, -6.2480208 ], [ 106.8108338, -6.2477214 ], [ 106.8114647, -6.2472552 ], [ 106.811594, -6.2472029 ], [ 106.8116991, -6.2472291 ], [ 106.8118849, -6.2472679 ], [ 106.8119687, -6.2471851 ], [ 106.8119746, -6.2470432 ], [ 106.8119996, -6.2468917 ], [ 106.8120459, -6.2467983 ], [ 106.8120616, -6.2467309 ], [ 106.8121545, -6.2467196 ], [ 106.8123329, -6.2467356 ], [ 106.8125045, -6.2468222 ], [ 106.812644, -6.2467155 ], [ 106.8126869, -6.2465449 ], [ 106.8127298, -6.2463423 ], [ 106.8128371, -6.2462143 ], [ 106.8129766, -6.2461502 ], [ 106.8130624, -6.2460436 ], [ 106.8130624, -6.2458943 ], [ 106.8130624, -6.2457557 ], [ 106.8130946, -6.2456597 ], [ 106.8131502, -6.2455384 ], [ 106.8132173, -6.2455316 ], [ 106.8132931, -6.2455504 ], [ 106.8134044, -6.2456044 ], [ 106.8134929, -6.2455817 ], [ 106.81356, -6.2455797 ], [ 106.8136317, -6.2455824 ], [ 106.8137182, -6.2455517 ], [ 106.813794, -6.2454837 ], [ 106.8138201, -6.2453471 ], [ 106.8138128, -6.2452584 ], [ 106.813792, -6.2451371 ], [ 106.8137812, -6.2449665 ], [ 106.8138241, -6.2447998 ], [ 106.8139608, -6.2446901 ], [ 106.8140803, -6.2446119 ], [ 106.8141647, -6.2445505 ], [ 106.8141983, -6.2445372 ], [ 106.8142292, -6.2444118 ], [ 106.8143002, -6.2442853 ], [ 106.8144049, -6.2442252 ], [ 106.8144893, -6.2441585 ], [ 106.8145148, -6.2440892 ], [ 106.8145456, -6.2440128 ], [ 106.8146195, -6.2438813 ], [ 106.8146451, -6.2438305 ], [ 106.8146637, -6.2437732 ], [ 106.8147186, -6.2436089 ], [ 106.8147495, -6.2434893 ], [ 106.8147427, -6.2433916 ], [ 106.8147146, -6.24326 ], [ 106.8147146, -6.2431107 ], [ 106.8147683, -6.2429827 ], [ 106.8148401, -6.2429081 ], [ 106.8149308, -6.2428605 ], [ 106.8150634, -6.2428414 ], [ 106.8151629, -6.2428254 ], [ 106.8152416, -6.2428332 ], [ 106.8153409, -6.2428915 ], [ 106.8154194, -6.2429988 ], [ 106.8154803, -6.2430655 ], [ 106.8154938, -6.24308 ], [ 106.8155099, -6.2430917 ], [ 106.815528, -6.2431 ], [ 106.8155553, -6.2431055 ], [ 106.8155897, -6.2431054 ], [ 106.8156192, -6.2430994 ], [ 106.8156534, -6.2430894 ], [ 106.8156749, -6.2430754 ], [ 106.8157011, -6.2430567 ], [ 106.8157222, -6.2430406 ], [ 106.8157402, -6.2430206 ], [ 106.8157526, -6.2429967 ], [ 106.8157585, -6.2429724 ], [ 106.8157587, -6.2429474 ], [ 106.815753, -6.2429231 ], [ 106.8157419, -6.2429007 ], [ 106.8156588, -6.2427374 ], [ 106.815648, -6.2425454 ], [ 106.8156789, -6.2424054 ], [ 106.8157326, -6.2423335 ], [ 106.816004, -6.242332 ], [ 106.81603, -6.2422023 ], [ 106.8159654, -6.2420475 ], [ 106.8159875, -6.2419791 ], [ 106.8161481, -6.2419213 ], [ 106.8162027, -6.2417943 ], [ 106.816166, -6.2416897 ], [ 106.8161603, -6.2416736 ], [ 106.8158423, -6.241489 ], [ 106.8159163, -6.2413189 ], [ 106.8162006, -6.2408577 ], [ 106.816357, -6.2409126 ], [ 106.8164487, -6.240891 ], [ 106.8165238, -6.240819 ], [ 106.8165687, -6.2406997 ], [ 106.8165724, -6.2406907 ], [ 106.8166268, -6.2406241 ], [ 106.8166726, -6.2405697 ], [ 106.8168604, -6.240391 ], [ 106.8171823, -6.2398792 ], [ 106.8172907, -6.2395827 ], [ 106.8174189, -6.2394228 ], [ 106.8175775, -6.2392915 ], [ 106.8176961, -6.2391062 ], [ 106.8179025, -6.2384822 ], [ 106.817953, -6.2382923 ], [ 106.8179655, -6.2382366 ], [ 106.8179977, -6.23797 ], [ 106.8180754, -6.2377395 ], [ 106.8181251, -6.237438 ], [ 106.8181613, -6.2371902 ], [ 106.8182096, -6.2369355 ], [ 106.8183249, -6.2364796 ], [ 106.8183115, -6.2363569 ], [ 106.8183195, -6.2362102 ], [ 106.8185119, -6.2360363 ], [ 106.8185207, -6.2358937 ], [ 106.8185113, -6.2358163 ], [ 106.818233, -6.2356897 ], [ 106.8181606, -6.2356163 ], [ 106.8179735, -6.2354677 ], [ 106.8178891, -6.2354037 ], [ 106.8178367, -6.2352611 ], [ 106.8178153, -6.2351117 ], [ 106.8177851, -6.234885 ], [ 106.8177831, -6.2346211 ], [ 106.8177938, -6.2343224 ], [ 106.8176758, -6.2341732 ], [ 106.8176275, -6.2339718 ], [ 106.8175872, -6.2337772 ], [ 106.8176222, -6.2335866 ], [ 106.8175925, -6.2334385 ], [ 106.8176278, -6.2333056 ], [ 106.8176416, -6.2332239 ], [ 106.8177146, -6.2331408 ], [ 106.8178121, -6.2330103 ], [ 106.817695, -6.2329108 ], [ 106.8175403, -6.232803 ], [ 106.8174914, -6.232715 ], [ 106.8174657, -6.2326297 ], [ 106.8174228, -6.2324676 ], [ 106.8174399, -6.2323481 ], [ 106.8174914, -6.2321775 ], [ 106.8174142, -6.2320751 ], [ 106.8172683, -6.2320751 ], [ 106.8171481, -6.232041 ], [ 106.816981, -6.2320445 ], [ 106.8169148, -6.2320383 ], [ 106.8168643, -6.2319615 ], [ 106.8168204, -6.2317466 ], [ 106.8167903, -6.231665 ], [ 106.8167719, -6.2315335 ], [ 106.8167639, -6.2313682 ], [ 106.8167478, -6.2311656 ], [ 106.8169114, -6.2306963 ], [ 106.8170562, -6.230387 ], [ 106.8171653, -6.2302236 ], [ 106.8172683, -6.2299932 ], [ 106.8173302, -6.2298904 ], [ 106.8173183, -6.2297849 ], [ 106.8172339, -6.2294471 ], [ 106.8171209, -6.229026 ], [ 106.8170108, -6.2288413 ], [ 106.8168048, -6.2285 ], [ 106.8165988, -6.228082 ], [ 106.8164958, -6.2278857 ], [ 106.816616, -6.2275871 ], [ 106.8167275, -6.2274676 ], [ 106.8170795, -6.2273652 ], [ 106.8172082, -6.2272031 ], [ 106.8171739, -6.2270751 ], [ 106.8169593, -6.2269727 ], [ 106.8167876, -6.2268362 ], [ 106.816719, -6.2266144 ], [ 106.8167705, -6.2264949 ], [ 106.8175118, -6.2259937 ], [ 106.8176803, -6.2258593 ], [ 106.8177934, -6.2256439 ], [ 106.8179549, -6.2247842 ], [ 106.8179522, -6.224404 ], [ 106.8178636, -6.2235097 ], [ 106.8177268, -6.2230617 ], [ 106.8172657, -6.2222986 ], [ 106.8166151, -6.2209115 ], [ 106.8167585, -6.2205606 ], [ 106.8169771, -6.22015 ], [ 106.8174304, -6.2197339 ], [ 106.8175254, -6.2196023 ], [ 106.8175388, -6.2194683 ], [ 106.8175381, -6.2191314 ], [ 106.8175773, -6.2187858 ], [ 106.8175935, -6.2183882 ], [ 106.8176116, -6.2182568 ], [ 106.8175773, -6.2180605 ], [ 106.8174228, -6.217907 ], [ 106.8171996, -6.2176339 ], [ 106.8171224, -6.2174462 ], [ 106.8170966, -6.2170366 ], [ 106.8170108, -6.2166953 ], [ 106.8169815, -6.2163625 ], [ 106.8169483, -6.2162377 ], [ 106.8166879, -6.2155684 ], [ 106.8166536, -6.2155235 ], [ 106.8165318, -6.2153498 ], [ 106.8163584, -6.2151136 ], [ 106.8162209, -6.2149217 ], [ 106.8160656, -6.2147499 ], [ 106.8159186, -6.2145387 ], [ 106.8155763, -6.2141323 ], [ 106.815227, -6.2137945 ], [ 106.814865, -6.2134615 ], [ 106.8146272, -6.2132849 ], [ 106.8143844, -6.2131116 ], [ 106.8140754, -6.2129495 ], [ 106.8138083, -6.2127745 ], [ 106.8136376, -6.2126338 ], [ 106.8133458, -6.2123608 ], [ 106.8131055, -6.2121986 ], [ 106.8129167, -6.2120621 ], [ 106.8126592, -6.2116781 ], [ 106.8125991, -6.2115075 ], [ 106.8125854, -6.211362 ], [ 106.8125733, -6.2112344 ], [ 106.8127278, -6.2109187 ], [ 106.8127107, -6.210603 ], [ 106.8128051, -6.2101508 ], [ 106.8127622, -6.2097754 ], [ 106.8125476, -6.2091183 ], [ 106.8125562, -6.2089135 ], [ 106.8124789, -6.2087258 ], [ 106.8121614, -6.2084101 ], [ 106.8119983, -6.2081456 ], [ 106.81195, -6.2079584 ], [ 106.8118918, -6.2077284 ], [ 106.8114394, -6.2071994 ], [ 106.8113132, -6.2069204 ], [ 106.8108487, -6.2063571 ], [ 106.8104077, -6.20585 ], [ 106.8099727, -6.2051762 ], [ 106.8099671, -6.2050671 ], [ 106.8099659, -6.2049503 ], [ 106.8101186, -6.2047666 ], [ 106.8105477, -6.2045277 ], [ 106.8109683, -6.2043741 ], [ 106.8111571, -6.2040157 ], [ 106.8113975, -6.2034952 ], [ 106.8114318, -6.2030259 ], [ 106.811449, -6.2026334 ], [ 106.8112086, -6.2024457 ], [ 106.8111056, -6.202275 ], [ 106.8111314, -6.2019593 ], [ 106.8112138, -6.2015892 ], [ 106.8113116, -6.2009269 ], [ 106.8113116, -6.200193 ], [ 106.8112852, -6.1996869 ], [ 106.8111966, -6.1993354 ] ], [ [ 106.8021808, -6.3907656 ], [ 106.8021643, -6.390612 ], [ 106.8023326, -6.3903135 ], [ 106.8025695, -6.3897567 ], [ 106.8025534, -6.3890766 ], [ 106.8025041, -6.3888881 ], [ 106.8023571, -6.3879027 ], [ 106.8022159, -6.3877969 ], [ 106.8021138, -6.3877694 ], [ 106.8019772, -6.3876066 ], [ 106.8018441, -6.3875661 ], [ 106.8016334, -6.3875335 ], [ 106.8016028, -6.3874188 ], [ 106.8015849, -6.3870234 ], [ 106.801605, -6.3866882 ], [ 106.8016673, -6.3863045 ], [ 106.8017724, -6.3860773 ], [ 106.8018696, -6.3859346 ], [ 106.8019785, -6.3857026 ], [ 106.8019159, -6.3853054 ], [ 106.8018559, -6.3849234 ], [ 106.801799, -6.3848633 ], [ 106.8016815, -6.3849227 ], [ 106.8015205, -6.3848793 ], [ 106.801471, -6.3847977 ], [ 106.801394, -6.3845918 ], [ 106.8014868, -6.3842771 ], [ 106.8014685, -6.3841906 ], [ 106.801252, -6.384194 ], [ 106.8010084, -6.3840783 ], [ 106.8009797, -6.38389 ], [ 106.8008747, -6.3837209 ], [ 106.8007071, -6.3836861 ], [ 106.8004971, -6.3836897 ], [ 106.8003684, -6.3837616 ], [ 106.8002219, -6.3837375 ], [ 106.8000559, -6.3835335 ], [ 106.800104, -6.3833852 ], [ 106.8002981, -6.3832326 ], [ 106.8004618, -6.3831729 ], [ 106.8006441, -6.3832924 ], [ 106.8007952, -6.3832441 ], [ 106.8009365, -6.3831723 ], [ 106.8009457, -6.3830939 ], [ 106.8008847, -6.383037 ], [ 106.8007622, -6.3829464 ], [ 106.8005694, -6.3828347 ], [ 106.8004742, -6.3825709 ], [ 106.800563, -6.3823362 ], [ 106.8006097, -6.3820088 ], [ 106.8005258, -6.3817432 ], [ 106.800415, -6.3816048 ], [ 106.8002879, -6.3815623 ], [ 106.8001708, -6.3816459 ], [ 106.8000483, -6.381681 ], [ 106.7999853, -6.3817721 ], [ 106.7998979, -6.3818305 ], [ 106.7997957, -6.3818207 ], [ 106.7997077, -6.3817337 ], [ 106.7996973, -6.3815394 ], [ 106.799798, -6.3814228 ], [ 106.7998332, -6.381233 ], [ 106.7997932, -6.3810145 ], [ 106.7996344, -6.3809315 ], [ 106.7995332, -6.3809275 ], [ 106.7993493, -6.3809593 ], [ 106.7991268, -6.3807066 ], [ 106.799146, -6.3805176 ], [ 106.799121, -6.3804377 ], [ 106.7989602, -6.3803585 ], [ 106.7987855, -6.380239 ], [ 106.7988929, -6.379985 ], [ 106.7987722, -6.3797044 ], [ 106.7987301, -6.3794583 ], [ 106.7986545, -6.3792253 ], [ 106.7984367, -6.3790098 ], [ 106.7981471, -6.3789379 ], [ 106.7977408, -6.3789241 ], [ 106.7975439, -6.3790047 ], [ 106.7972922, -6.3791156 ], [ 106.7971806, -6.3790769 ], [ 106.7970894, -6.3788652 ], [ 106.7969371, -6.3787117 ], [ 106.7968537, -6.3787086 ], [ 106.7968197, -6.3785348 ], [ 106.7968495, -6.3783923 ], [ 106.7968474, -6.3783021 ], [ 106.7967352, -6.3782868 ], [ 106.7962787, -6.3782588 ], [ 106.7961635, -6.378171 ], [ 106.7961313, -6.3780524 ], [ 106.7961903, -6.3779095 ], [ 106.796296, -6.3776539 ], [ 106.7962674, -6.3774072 ], [ 106.7960449, -6.3773155 ], [ 106.7959075, -6.3771571 ], [ 106.7959414, -6.376984 ], [ 106.7961568, -6.3768277 ], [ 106.7962395, -6.3766754 ], [ 106.796216, -6.3764934 ], [ 106.79609, -6.3761646 ], [ 106.7960173, -6.3758613 ], [ 106.7960486, -6.3754616 ], [ 106.796129, -6.3749845 ], [ 106.7964171, -6.3745505 ], [ 106.7963466, -6.3743703 ], [ 106.7963814, -6.374083 ], [ 106.7960491, -6.3734441 ], [ 106.7958546, -6.3733838 ], [ 106.7957947, -6.3729031 ], [ 106.7958713, -6.3725571 ], [ 106.795806, -6.3723828 ], [ 106.7957944, -6.371985 ], [ 106.7956863, -6.371705 ], [ 106.7956006, -6.3713929 ], [ 106.7955696, -6.3711543 ], [ 106.7955038, -6.370742 ], [ 106.7955203, -6.3706258 ], [ 106.7956394, -6.3705853 ], [ 106.7957766, -6.3706309 ], [ 106.7959065, -6.3705196 ], [ 106.7960325, -6.3704079 ], [ 106.7961313, -6.3702068 ], [ 106.7961896, -6.3698894 ], [ 106.7961732, -6.3694332 ], [ 106.7960021, -6.369208 ], [ 106.7957371, -6.3688714 ], [ 106.7955219, -6.3685738 ], [ 106.7954715, -6.3681739 ], [ 106.7953759, -6.3680135 ], [ 106.7952328, -6.367921 ], [ 106.7950731, -6.3678912 ], [ 106.7949028, -6.3679093 ], [ 106.7947807, -6.3678096 ], [ 106.7947563, -6.3677161 ], [ 106.7945797, -6.3673835 ], [ 106.7944709, -6.3671167 ], [ 106.7943061, -6.3669529 ], [ 106.7941264, -6.3666814 ], [ 106.7942316, -6.3664987 ], [ 106.7943813, -6.366428 ], [ 106.7944712, -6.3663685 ], [ 106.7945652, -6.3662682 ], [ 106.7946572, -6.3660491 ], [ 106.7947377, -6.3657892 ], [ 106.7948087, -6.3654075 ], [ 106.7948421, -6.3651861 ], [ 106.7947891, -6.36499 ], [ 106.7945409, -6.3645784 ], [ 106.7945708, -6.3644513 ], [ 106.7946119, -6.3642965 ], [ 106.7944629, -6.3642357 ], [ 106.794045, -6.3644634 ], [ 106.7938528, -6.3644326 ], [ 106.7937454, -6.3643296 ], [ 106.7937256, -6.3641301 ], [ 106.7936868, -6.3639792 ], [ 106.7937299, -6.3639073 ], [ 106.7936468, -6.3637272 ], [ 106.7931658, -6.3635061 ], [ 106.7930194, -6.3633735 ], [ 106.7930199, -6.363191 ], [ 106.7932035, -6.3630571 ], [ 106.793206, -6.3629892 ], [ 106.7932516, -6.3628473 ], [ 106.7934194, -6.3627225 ], [ 106.793506, -6.3624501 ], [ 106.7935011, -6.3623869 ], [ 106.7934908, -6.3622534 ], [ 106.7934613, -6.3618704 ], [ 106.7936366, -6.3613919 ], [ 106.7935258, -6.3606759 ], [ 106.7936762, -6.3605658 ], [ 106.7937093, -6.3601452 ], [ 106.7935995, -6.3599351 ], [ 106.7926371, -6.3588383 ], [ 106.7924978, -6.3581249 ], [ 106.7926482, -6.3578825 ], [ 106.7929043, -6.35783 ], [ 106.7929775, -6.3571593 ], [ 106.7932174, -6.3569775 ], [ 106.7932111, -6.3566821 ], [ 106.7930263, -6.3561047 ], [ 106.7930019, -6.3552966 ], [ 106.7933515, -6.354832 ], [ 106.7939329, -6.3546259 ], [ 106.7940264, -6.3545208 ], [ 106.794002, -6.3542986 ], [ 106.7935135, -6.3539551 ], [ 106.7931933, -6.3539092 ], [ 106.7932893, -6.3534601 ], [ 106.7933233, -6.353279 ], [ 106.7932691, -6.3531637 ], [ 106.7931558, -6.3531048 ], [ 106.7930526, -6.3530604 ], [ 106.7929232, -6.3529502 ], [ 106.7927166, -6.3528194 ], [ 106.7924934, -6.3524173 ], [ 106.7925228, -6.3522627 ], [ 106.7931953, -6.3517011 ], [ 106.7938184, -6.3514105 ], [ 106.7941992, -6.3510263 ], [ 106.7942562, -6.3505437 ], [ 106.7941352, -6.3503843 ], [ 106.7937254, -6.3502089 ], [ 106.7937674, -6.3498536 ], [ 106.7935419, -6.349688 ], [ 106.793423, -6.3496092 ], [ 106.7931171, -6.3495661 ], [ 106.7930417, -6.3495012 ], [ 106.7929878, -6.3494071 ], [ 106.7929087, -6.3490728 ], [ 106.7928375, -6.348884 ], [ 106.7927749, -6.3487166 ], [ 106.7927474, -6.3485616 ], [ 106.792554, -6.3482134 ], [ 106.7932959, -6.3475138 ], [ 106.7936754, -6.3472247 ], [ 106.7938886, -6.34701 ], [ 106.7941192, -6.3468661 ], [ 106.7941863, -6.3467355 ], [ 106.7942157, -6.3465559 ], [ 106.7948869, -6.3463605 ], [ 106.7953839, -6.3459923 ], [ 106.7954968, -6.3459718 ], [ 106.7956349, -6.3460062 ], [ 106.7957669, -6.3461527 ], [ 106.7958105, -6.3462917 ], [ 106.7958453, -6.346441 ], [ 106.7959285, -6.3465103 ], [ 106.7961904, -6.346557 ], [ 106.7964604, -6.3465464 ], [ 106.796742, -6.3463864 ], [ 106.7971519, -6.345867 ], [ 106.7973321, -6.3456161 ], [ 106.7974762, -6.3451097 ], [ 106.7974602, -6.3450034 ], [ 106.797401, -6.3449002 ], [ 106.7974091, -6.3448229 ], [ 106.7975458, -6.3447056 ], [ 106.7977926, -6.3446523 ], [ 106.7980993, -6.3446296 ], [ 106.7982456, -6.3445966 ], [ 106.7989844, -6.3438118 ], [ 106.7989658, -6.3435724 ], [ 106.7989631, -6.3433111 ], [ 106.799042, -6.3432059 ], [ 106.7993606, -6.3431459 ], [ 106.7994526, -6.343109 ], [ 106.7995287, -6.3430457 ], [ 106.7995165, -6.3429057 ], [ 106.7995004, -6.3427221 ], [ 106.7995834, -6.3426455 ], [ 106.7996936, -6.3425 ], [ 106.7996395, -6.3423649 ], [ 106.7995387, -6.342181 ], [ 106.7994797, -6.3417865 ], [ 106.7997593, -6.341236 ], [ 106.7999602, -6.341236 ], [ 106.8001523, -6.3411114 ], [ 106.8001663, -6.3409441 ], [ 106.7999303, -6.3408695 ], [ 106.7999303, -6.3406668 ], [ 106.8000657, -6.3404663 ], [ 106.7998826, -6.3401455 ], [ 106.7998456, -6.3399265 ], [ 106.7998296, -6.3396178 ], [ 106.7997305, -6.3394455 ], [ 106.7989581, -6.338655 ], [ 106.798881, -6.3384852 ], [ 106.7987359, -6.3382776 ], [ 106.7987076, -6.338158 ], [ 106.7987466, -6.338042 ], [ 106.7988704, -6.3379189 ], [ 106.7989572, -6.3371936 ], [ 106.7989164, -6.3371054 ], [ 106.7987287, -6.3369347 ], [ 106.7986321, -6.3367108 ], [ 106.7986843, -6.3365685 ], [ 106.7987501, -6.3364549 ], [ 106.7988842, -6.3363163 ], [ 106.7989647, -6.3358311 ], [ 106.7988789, -6.3354726 ], [ 106.7989004, -6.335274 ], [ 106.7989325, -6.335058 ], [ 106.7989111, -6.3349861 ], [ 106.7988253, -6.3348554 ], [ 106.7988119, -6.3346768 ], [ 106.7987971, -6.3344156 ], [ 106.7988373, -6.3342383 ], [ 106.7989178, -6.3339891 ], [ 106.7989621, -6.3338158 ], [ 106.7990345, -6.333188 ] ], [ [ 106.7995508, -6.333819 ], [ 106.799523, -6.3337086 ], [ 106.7993762, -6.3335264 ], [ 106.7990586, -6.3332426 ], [ 106.7990345, -6.333188 ] ], [ [ 106.801954, -6.1245599 ], [ 106.8020633, -6.1244372 ], [ 106.8025078, -6.1238028 ], [ 106.8034842, -6.1224093 ], [ 106.803613, -6.1221533 ], [ 106.8035714, -6.121416 ] ], [ [ 106.8051203, -6.1284696 ], [ 106.804889, -6.1284323 ], [ 106.804752, -6.1283611 ], [ 106.8036792, -6.1277921 ], [ 106.8035472, -6.1277019 ], [ 106.8025978, -6.1270011 ], [ 106.8023765, -6.1268173 ], [ 106.8023336, -6.1267838 ], [ 106.8023036, -6.1267225 ], [ 106.8022127, -6.1265767 ], [ 106.802154, -6.1264366 ], [ 106.80211, -6.1262434 ], [ 106.8020975, -6.1255037 ], [ 106.8020989, -6.1250016 ], [ 106.8021081, -6.1248586 ], [ 106.8020888, -6.124815 ], [ 106.8020166, -6.1246519 ], [ 106.801954, -6.1245599 ] ], [ [ 106.803562, -6.1213427 ], [ 106.8034441, -6.1198652 ], [ 106.8033233, -6.1189531 ], [ 106.8032254, -6.1182637 ] ], [ [ 106.8094998, -6.1280191 ], [ 106.8093502, -6.1278932 ], [ 106.8089962, -6.1278612 ], [ 106.8085456, -6.1278826 ], [ 106.8077463, -6.1279986 ], [ 106.8053526, -6.128419 ], [ 106.8051203, -6.1284696 ] ], [ [ 106.8094998, -6.1280191 ], [ 106.8097292, -6.1286201 ], [ 106.8100734, -6.1293491 ], [ 106.8104345, -6.1304532 ], [ 106.8108635, -6.1322454 ], [ 106.8120781, -6.1367603 ], [ 106.8121475, -6.1372136 ], [ 106.8120601, -6.1378963 ], [ 106.8119879, -6.138259 ], [ 106.8118392, -6.1385167 ], [ 106.8116335, -6.1388533 ], [ 106.8114206, -6.139211 ], [ 106.8113809, -6.1396591 ], [ 106.8114237, -6.1400253 ], [ 106.8114799, -6.1402335 ], [ 106.8121625, -6.1407082 ], [ 106.8123171, -6.1408325 ], [ 106.8123217, -6.1409331 ], [ 106.8121533, -6.1411155 ], [ 106.8110364, -6.1417897 ], [ 106.8106914, -6.1422269 ], [ 106.8105539, -6.1426441 ], [ 106.8105603, -6.1432601 ], [ 106.8080251, -6.1431396 ], [ 106.8078656, -6.1430482 ], [ 106.8078188, -6.1428727 ], [ 106.807859, -6.1417301 ], [ 106.8078522, -6.1415172 ], [ 106.8078511, -6.1414656 ], [ 106.8078253, -6.1409216 ], [ 106.8077824, -6.1402475 ], [ 106.8077653, -6.1399882 ], [ 106.8077581, -6.1397801 ], [ 106.8077126, -6.1390716 ], [ 106.8076825, -6.1386872 ], [ 106.8076876, -6.1385849 ], [ 106.8076756, -6.1384322 ], [ 106.8077084, -6.1380753 ], [ 106.8077711, -6.137915 ], [ 106.807867, -6.1375986 ], [ 106.8078946, -6.1371485 ], [ 106.8077805, -6.1366488 ], [ 106.8075404, -6.1362666 ], [ 106.8073837, -6.1358436 ], [ 106.8073653, -6.1357941 ], [ 106.8069906, -6.1336999 ], [ 106.8066439, -6.1329349 ], [ 106.8064298, -6.132019 ], [ 106.8056855, -6.1295579 ], [ 106.8055436, -6.1289493 ], [ 106.8054433, -6.128798 ], [ 106.8053601, -6.1287102 ], [ 106.8051203, -6.1284696 ] ], [ [ 106.8094998, -6.1280191 ], [ 106.8095064, -6.1278304 ], [ 106.8094995, -6.1275028 ], [ 106.8097279, -6.1270168 ], [ 106.8094689, -6.1262018 ], [ 106.8088367, -6.1221804 ], [ 106.8085231, -6.120517 ], [ 106.8077289, -6.1163047 ] ], [ [ 106.8101393, -6.1983082 ], [ 106.8102568, -6.1979843 ], [ 106.810289, -6.1977123 ], [ 106.8105197, -6.1971389 ], [ 106.8106055, -6.196851 ], [ 106.8106002, -6.1961123 ], [ 106.8105438, -6.1957364 ], [ 106.810579, -6.1956967 ], [ 106.8106664, -6.195655 ], [ 106.8108613, -6.1955861 ], [ 106.8110749, -6.1954311 ], [ 106.8111862, -6.1951831 ], [ 106.8112296, -6.1949416 ], [ 106.8112014, -6.1947763 ], [ 106.8111251, -6.1946524 ], [ 106.8109657, -6.1944696 ], [ 106.8109401, -6.1943721 ], [ 106.8109434, -6.1941684 ], [ 106.8108335, -6.1938084 ], [ 106.8108686, -6.1936146 ], [ 106.8109356, -6.1934146 ], [ 106.8110617, -6.1931426 ], [ 106.8111661, -6.1929898 ], [ 106.8113243, -6.1930271 ], [ 106.8114718, -6.1931391 ], [ 106.811582, -6.1932173 ], [ 106.8117267, -6.1932645 ], [ 106.8117776, -6.1931978 ], [ 106.8117765, -6.1930299 ], [ 106.811724, -6.1929072 ], [ 106.8117213, -6.1928432 ], [ 106.811751, -6.1927553 ], [ 106.811869, -6.192654 ], [ 106.8121478, -6.1925046 ], [ 106.8123086, -6.1923885 ], [ 106.8123181, -6.1922752 ], [ 106.8123127, -6.1920831 ], [ 106.8122687, -6.1918873 ], [ 106.8122014, -6.1917725 ], [ 106.8122309, -6.1915725 ], [ 106.8123195, -6.1914366 ], [ 106.8124135, -6.19141 ], [ 106.8128223, -6.1915419 ], [ 106.8129444, -6.1915245 ], [ 106.8130866, -6.1913245 ], [ 106.8132088, -6.19125 ], [ 106.8133333, -6.191218 ], [ 106.8135184, -6.1911432 ], [ 106.813581, -6.1910034 ], [ 106.8135353, -6.1907167 ], [ 106.8134895, -6.1905505 ], [ 106.8134851, -6.1904687 ], [ 106.8134902, -6.1903873 ], [ 106.813646, -6.1903354 ], [ 106.8138939, -6.1902966 ], [ 106.8141313, -6.1902272 ], [ 106.8142426, -6.1901446 ], [ 106.8143642, -6.1900367 ], [ 106.8143943, -6.1899565 ], [ 106.8143768, -6.1898425 ], [ 106.8142, -6.1897073 ], [ 106.8140709, -6.1896126 ], [ 106.8139339, -6.189461 ], [ 106.8138426, -6.1891832 ], [ 106.8136608, -6.18878 ], [ 106.8136525, -6.1885873 ], [ 106.8136226, -6.1883997 ], [ 106.8135854, -6.188186 ], [ 106.8135828, -6.1867647 ], [ 106.8134795, -6.1866114 ], [ 106.8131838, -6.1861947 ], [ 106.8128947, -6.1857461 ], [ 106.8128217, -6.1854627 ], [ 106.8127083, -6.1851421 ], [ 106.8126869, -6.1848541 ], [ 106.8128586, -6.1844808 ], [ 106.8128713, -6.1844512 ], [ 106.8129491, -6.1842689 ], [ 106.8130651, -6.1840648 ], [ 106.8133065, -6.1838355 ], [ 106.8135855, -6.1837261 ], [ 106.8139093, -6.1833407 ] ], [ [ 106.8194367, -6.1689717 ], [ 106.8193388, -6.168833 ], [ 106.8189203, -6.1681503 ], [ 106.8186521, -6.1678943 ], [ 106.8184228, -6.1677543 ], [ 106.8182484, -6.1675889 ], [ 106.8180661, -6.1671796 ], [ 106.8178542, -6.1669583 ], [ 106.8171662, -6.1663342 ], [ 106.8164339, -6.1659477 ], [ 106.8162113, -6.1658089 ], [ 106.8159296, -6.1655209 ], [ 106.8154656, -6.1649502 ], [ 106.8149936, -6.1642569 ], [ 106.8148005, -6.1638623 ], [ 106.8146932, -6.1633716 ], [ 106.8145323, -6.1629236 ], [ 106.8145202, -6.1622409 ], [ 106.8147361, -6.1616009 ], [ 106.8147294, -6.1613569 ], [ 106.8146798, -6.1612782 ], [ 106.8145913, -6.1612275 ], [ 106.8140253, -6.1612809 ], [ 106.8137812, -6.1611982 ], [ 106.8134674, -6.1610622 ], [ 106.8131509, -6.1610756 ], [ 106.8128532, -6.1610222 ], [ 106.8128264, -6.1608715 ], [ 106.8128147, -6.160527 ], [ 106.8128144, -6.1604725 ], [ 106.8128152, -6.1603527 ], [ 106.8128158, -6.1601461 ], [ 106.8128011, -6.160027 ], [ 106.8127037, -6.1597217 ], [ 106.8126713, -6.1596461 ], [ 106.8124129, -6.1592713 ], [ 106.8121561, -6.1589586 ], [ 106.812146, -6.1589449 ], [ 106.8118433, -6.1586296 ], [ 106.8115287, -6.158249 ], [ 106.8114012, -6.1580715 ], [ 106.8113743, -6.158017 ], [ 106.8113547, -6.1579766 ], [ 106.811184, -6.1576712 ], [ 106.8110305, -6.1572991 ], [ 106.8109235, -6.1570521 ], [ 106.8109317, -6.1569025 ], [ 106.8109364, -6.1568278 ], [ 106.8109475, -6.1566769 ], [ 106.8109886, -6.1562284 ], [ 106.810997, -6.1561475 ], [ 106.810998, -6.1561354 ], [ 106.8110579, -6.1556305 ], [ 106.8110694, -6.1555128 ], [ 106.8110908, -6.1550257 ], [ 106.811078, -6.154927 ], [ 106.8109866, -6.1543649 ], [ 106.8109798, -6.1542937 ], [ 106.8109749, -6.1542307 ], [ 106.8110156, -6.1540657 ], [ 106.8111521, -6.153802 ], [ 106.811317, -6.1535321 ], [ 106.8115899, -6.1527846 ], [ 106.8116715, -6.1526481 ], [ 106.8117469, -6.1525334 ], [ 106.8117568, -6.1525189 ], [ 106.8119801, -6.1521528 ], [ 106.8120198, -6.1519023 ], [ 106.8120274, -6.151457 ], [ 106.8120505, -6.1513033 ], [ 106.812129, -6.1498032 ], [ 106.8119252, -6.1483685 ], [ 106.8116116, -6.1475913 ], [ 106.811343, -6.1467195 ], [ 106.8110722, -6.1460631 ], [ 106.8107094, -6.1453643 ], [ 106.8106804, -6.1449482 ], [ 106.8107622, -6.1445541 ], [ 106.8106209, -6.1438323 ], [ 106.8105718, -6.1433687 ] ], [ [ 106.814117, -6.1831327 ], [ 106.8145237, -6.1829734 ], [ 106.8149551, -6.1829765 ], [ 106.8154049, -6.1827559 ], [ 106.8156669, -6.1825431 ], [ 106.8157041, -6.1821921 ], [ 106.8163264, -6.1817961 ], [ 106.8165759, -6.1819446 ], [ 106.8168517, -6.1820815 ], [ 106.8170427, -6.1817484 ], [ 106.8181063, -6.1799756 ], [ 106.8198591, -6.1770863 ], [ 106.8206316, -6.175729 ], [ 106.821076, -6.1748228 ], [ 106.821467, -6.1739139 ], [ 106.8218225, -6.1729076 ], [ 106.8218976, -6.1721689 ], [ 106.8217112, -6.1713076 ] ], [ [ 106.8212941, -6.1706076 ], [ 106.8210768, -6.1706356 ], [ 106.8203097, -6.1707316 ], [ 106.8201434, -6.1707263 ], [ 106.8200254, -6.1705076 ], [ 106.819961, -6.170273 ], [ 106.8198323, -6.1697183 ], [ 106.8196928, -6.1692916 ] ] ] } },
{ "type": "Feature", "properties": { "full_id": "w32058570", "osm_id": "32058570", "osm_type": "way", "waterway": "river", "admin_leve": null, "ele": null, "name_ja": null, "boundary": null, "salt": null, "fishing": null, "name_id": null, "man_made": null, "addr_city": null, "embankment": null, "width": null, "tidal": null, "intermitte": null, "tunnel": null, "wikidata": null, "name_nl": null, "wikipedia": null, "boat": null, "name_en": null, "name": "Sungai Pesanggrahan", "layer": null, "alt_name": null, "path": null }, "geometry": { "type": "MultiLineString", "coordinates": [ [ [ 106.7705269, -6.263362 ], [ 106.7706476, -6.2631236 ], [ 106.7707507, -6.2630431 ], [ 106.7708649, -6.2629662 ], [ 106.7711472, -6.2627751 ], [ 106.7715512, -6.2625684 ], [ 106.771772, -6.2624863 ], [ 106.7718626, -6.2625163 ], [ 106.7719513, -6.262709 ], [ 106.7720234, -6.2628725 ], [ 106.772279, -6.2630406 ], [ 106.7724334, -6.2629974 ], [ 106.772654, -6.2628762 ], [ 106.7728982, -6.2627172 ], [ 106.7730603, -6.2625781 ], [ 106.7731119, -6.2624499 ], [ 106.7730971, -6.2623181 ], [ 106.7730014, -6.262135 ], [ 106.7729194, -6.2618299 ], [ 106.772842, -6.2615987 ], [ 106.7727627, -6.2613195 ], [ 106.7727184, -6.2610918 ], [ 106.7726405, -6.2605019 ], [ 106.7725815, -6.2601546 ], [ 106.7725814, -6.2599454 ], [ 106.7726256, -6.259722 ], [ 106.7727306, -6.2593173 ], [ 106.7726766, -6.2588426 ], [ 106.7724425, -6.2582574 ], [ 106.7720122, -6.2579019 ], [ 106.7717496, -6.25793 ], [ 106.7714905, -6.2580312 ], [ 106.7711473, -6.2582157 ], [ 106.771028, -6.2584699 ], [ 106.7708719, -6.2586341 ], [ 106.7706107, -6.2587519 ], [ 106.7703416, -6.2586317 ], [ 106.7701262, -6.2581609 ], [ 106.7695928, -6.2580781 ], [ 106.7693943, -6.2578138 ], [ 106.769442, -6.2575611 ], [ 106.7696423, -6.2572759 ], [ 106.7697072, -6.2570999 ], [ 106.7700408, -6.2563351 ], [ 106.7703387, -6.2560402 ], [ 106.7709536, -6.2562014 ], [ 106.7713061, -6.2562224 ], [ 106.7718471, -6.2558378 ], [ 106.7720611, -6.2554691 ], [ 106.7719912, -6.2551194 ], [ 106.7719291, -6.2549015 ], [ 106.7715625, -6.2547027 ], [ 106.7709282, -6.2547027 ], [ 106.7705108, -6.2546749 ], [ 106.7704252, -6.2546324 ], [ 106.7701354, -6.2542953 ], [ 106.7699487, -6.2543059 ], [ 106.7696739, -6.254448 ], [ 106.7695147, -6.2544408 ], [ 106.7691318, -6.2543488 ], [ 106.7687989, -6.2544102 ], [ 106.7686658, -6.2545331 ], [ 106.7686135, -6.2547458 ], [ 106.7685184, -6.2551145 ], [ 106.7684328, -6.2552753 ], [ 106.7682815, -6.2552949 ], [ 106.7681427, -6.255228 ], [ 106.7680476, -6.2549538 ], [ 106.7679192, -6.2547884 ], [ 106.7676851, -6.2544867 ], [ 106.7675935, -6.2542748 ], [ 106.7676543, -6.2540567 ], [ 106.7677432, -6.2537484 ], [ 106.767962, -6.2533892 ], [ 106.7679627, -6.253159 ], [ 106.7679416, -6.2530591 ], [ 106.7678667, -6.2529647 ], [ 106.7676664, -6.2529492 ], [ 106.7671835, -6.2529206 ], [ 106.7669565, -6.2528733 ], [ 106.7666987, -6.2527701 ], [ 106.766478, -6.2526267 ], [ 106.7662448, -6.252456 ], [ 106.766147, -6.2522677 ], [ 106.7661175, -6.2520702 ], [ 106.7661636, -6.2518438 ], [ 106.7662386, -6.2517011 ], [ 106.7663681, -6.2514964 ], [ 106.766583, -6.2513519 ], [ 106.7667969, -6.2512809 ], [ 106.7671064, -6.2510974 ], [ 106.7672848, -6.2508416 ], [ 106.7675023, -6.2504049 ], [ 106.767546, -6.2501968 ], [ 106.7675105, -6.2499871 ], [ 106.767434, -6.2499018 ], [ 106.7672852, -6.2498004 ], [ 106.7669767, -6.2494805 ], [ 106.7667737, -6.2490972 ], [ 106.7666888, -6.2488684 ], [ 106.7666398, -6.2486281 ], [ 106.7665764, -6.2483897 ], [ 106.7666635, -6.2481967 ], [ 106.766814, -6.2480021 ], [ 106.767488, -6.2473696 ], [ 106.7678661, -6.2471903 ], [ 106.7680959, -6.2470225 ], [ 106.7683968, -6.2466014 ], [ 106.7686326, -6.2462287 ], [ 106.7688589, -6.2459857 ], [ 106.7689618, -6.2457147 ], [ 106.7687825, -6.2454733 ], [ 106.7685964, -6.2451912 ], [ 106.7683796, -6.2449162 ], [ 106.7682009, -6.2444005 ], [ 106.7681404, -6.2441156 ], [ 106.7682681, -6.2436063 ], [ 106.7681961, -6.2435143 ], [ 106.7680087, -6.2431625 ], [ 106.7674789, -6.2424635 ], [ 106.7657429, -6.2417799 ], [ 106.7656091, -6.2415797 ], [ 106.7655832, -6.2412984 ], [ 106.7656628, -6.2409396 ], [ 106.7657513, -6.2405922 ], [ 106.7659035, -6.2401981 ], [ 106.7660236, -6.2400829 ], [ 106.766375, -6.2400146 ], [ 106.7664774, -6.2396149 ], [ 106.7663594, -6.2394335 ], [ 106.7662792, -6.2393165 ], [ 106.766231, -6.2392952 ], [ 106.765936, -6.238858 ], [ 106.7661202, -6.2383639 ], [ 106.7660783, -6.2381526 ], [ 106.7657934, -6.2381393 ], [ 106.7656784, -6.2382393 ], [ 106.7655636, -6.2387445 ], [ 106.7650537, -6.2389153 ], [ 106.7646699, -6.2388206 ], [ 106.7645894, -6.2387032 ], [ 106.764574, -6.2386439 ], [ 106.7646, -6.2381739 ], [ 106.764525, -6.2373541 ], [ 106.7647799, -6.2370219 ], [ 106.7648923, -6.2368989 ], [ 106.765099, -6.2366448 ], [ 106.7652727, -6.2366402 ], [ 106.7654896, -6.2367004 ], [ 106.7670281, -6.2365956 ], [ 106.7671965, -6.2361809 ], [ 106.767218, -6.2359303 ], [ 106.7672657, -6.2354082 ], [ 106.7671536, -6.2348371 ], [ 106.7668424, -6.2342931 ], [ 106.7665528, -6.2339038 ], [ 106.7662876, -6.233714 ], [ 106.7661561, -6.2336895 ], [ 106.7658465, -6.2337731 ], [ 106.7656783, -6.2339989 ], [ 106.7656893, -6.2343407 ], [ 106.7655872, -6.2345384 ], [ 106.7654799, -6.2347571 ], [ 106.7651795, -6.2348584 ], [ 106.7648201, -6.2349384 ], [ 106.7646484, -6.2349011 ], [ 106.7645625, -6.2345944 ], [ 106.7645965, -6.2344581 ], [ 106.7645599, -6.2343621 ], [ 106.7644798, -6.2343373 ], [ 106.7643715, -6.2342601 ], [ 106.7642841, -6.2338142 ], [ 106.764175, -6.2334641 ], [ 106.7641344, -6.2331635 ], [ 106.7643758, -6.2325865 ], [ 106.76465, -6.2322548 ], [ 106.7647986, -6.2321067 ], [ 106.7651709, -6.2318048 ], [ 106.7652779, -6.2315659 ], [ 106.7654101, -6.2313335 ], [ 106.7654638, -6.2311735 ], [ 106.7657338, -6.2310993 ], [ 106.765909, -6.2309575 ], [ 106.7660235, -6.2307607 ], [ 106.7659682, -6.2304856 ], [ 106.7658019, -6.2300857 ], [ 106.7655364, -6.2296884 ], [ 106.7651877, -6.2293684 ], [ 106.7650992, -6.2291338 ], [ 106.7650375, -6.2288912 ], [ 106.7648497, -6.2283219 ], [ 106.7646097, -6.2277753 ], [ 106.7645721, -6.22745 ], [ 106.7647498, -6.2271242 ], [ 106.7650094, -6.2269844 ], [ 106.7652906, -6.2269174 ], [ 106.7655816, -6.2268988 ], [ 106.765978, -6.2266845 ], [ 106.7662117, -6.2260012 ], [ 106.7665207, -6.2256649 ], [ 106.7667541, -6.2254969 ], [ 106.7668894, -6.2252033 ], [ 106.7668995, -6.2250435 ], [ 106.7668131, -6.2248836 ], [ 106.766438, -6.2244095 ], [ 106.7660665, -6.2238685 ], [ 106.7656837, -6.2234143 ], [ 106.7655389, -6.2229423 ], [ 106.7655979, -6.2227104 ], [ 106.7656918, -6.2225984 ], [ 106.7659334, -6.2225304 ], [ 106.7659788, -6.2224757 ], [ 106.7659573, -6.2223531 ], [ 106.7658822, -6.2222944 ], [ 106.765673, -6.2222038 ], [ 106.7655122, -6.2222068 ], [ 106.765421, -6.2220948 ], [ 106.7654022, -6.2219481 ], [ 106.7654586, -6.2218975 ], [ 106.7655257, -6.2217481 ], [ 106.7654639, -6.2216095 ], [ 106.7653191, -6.2214069 ], [ 106.7653019, -6.2211234 ], [ 106.7653049, -6.2209429 ], [ 106.7652845, -6.2207677 ], [ 106.7652818, -6.2205323 ], [ 106.7652995, -6.2204157 ], [ 106.7653137, -6.2203251 ], [ 106.765322, -6.2201654 ], [ 106.765339, -6.2200227 ], [ 106.7653521, -6.2197561 ], [ 106.7653352, -6.2194231 ], [ 106.765281, -6.2191431 ], [ 106.7652351, -6.2189967 ], [ 106.7651901, -6.2188692 ], [ 106.7651563, -6.2187517 ], [ 106.7650576, -6.2185224 ], [ 106.7649597, -6.2182712 ], [ 106.7648025, -6.2179018 ], [ 106.7646571, -6.2176048 ], [ 106.7645984, -6.2174286 ], [ 106.7644187, -6.2171059 ], [ 106.7641537, -6.2167993 ], [ 106.7637718, -6.2167273 ], [ 106.7636153, -6.2165972 ], [ 106.76347, -6.2163247 ], [ 106.7631664, -6.2159908 ], [ 106.7630773, -6.2155407 ], [ 106.7630425, -6.2152919 ], [ 106.7631701, -6.2149221 ], [ 106.7636929, -6.2143481 ], [ 106.7640919, -6.2140133 ], [ 106.7644548, -6.2138086 ], [ 106.7647295, -6.2135889 ], [ 106.7650822, -6.2133385 ], [ 106.7654907, -6.2129063 ], [ 106.7657981, -6.2124695 ], [ 106.7660808, -6.2118717 ], [ 106.7661905, -6.2115277 ], [ 106.7661023, -6.2109648 ], [ 106.7660427, -6.2105921 ], [ 106.7659575, -6.2103355 ], [ 106.7658877, -6.2101012 ], [ 106.7654908, -6.2093596 ], [ 106.7653915, -6.2092476 ], [ 106.7653191, -6.2091969 ], [ 106.7652279, -6.2091756 ], [ 106.764898, -6.2091676 ], [ 106.7647622, -6.2091382 ], [ 106.7646915, -6.2090903 ], [ 106.7646536, -6.2089767 ], [ 106.7649227, -6.2083839 ], [ 106.7648089, -6.2079512 ], [ 106.7647761, -6.2078885 ], [ 106.7646532, -6.207654 ], [ 106.7645685, -6.2073737 ], [ 106.764541, -6.2071094 ], [ 106.7645074, -6.2068766 ], [ 106.7644584, -6.2067374 ], [ 106.7642297, -6.2063114 ], [ 106.7641489, -6.2060571 ], [ 106.7641113, -6.2057228 ], [ 106.7640458, -6.2054404 ], [ 106.7640137, -6.2053162 ], [ 106.7639224, -6.205163 ], [ 106.7636524, -6.205034 ], [ 106.7635926, -6.2048927 ], [ 106.7636583, -6.2047095 ], [ 106.7639909, -6.2045069 ], [ 106.7642256, -6.2043345 ], [ 106.7643208, -6.2040962 ], [ 106.7643423, -6.2033896 ], [ 106.7641901, -6.2027473 ], [ 106.7639587, -6.202619 ], [ 106.7638407, -6.2025337 ], [ 106.7638793, -6.2020991 ], [ 106.763603, -6.2012484 ], [ 106.7633257, -6.2009977 ], [ 106.7630632, -6.2004534 ], [ 106.7630364, -6.1993819 ], [ 106.7629947, -6.1991881 ], [ 106.7628722, -6.1989019 ], [ 106.7628696, -6.1986514 ], [ 106.762908, -6.198393 ], [ 106.7628652, -6.1982846 ], [ 106.762573, -6.1973979 ], [ 106.7624336, -6.1970993 ], [ 106.7620122, -6.196678 ], [ 106.7619079, -6.196438 ], [ 106.7616984, -6.1961657 ], [ 106.7614052, -6.1961873 ], [ 106.7611397, -6.1963756 ], [ 106.760784, -6.1966905 ], [ 106.7602985, -6.196374 ], [ 106.7598428, -6.195441 ], [ 106.7591532, -6.1947368 ], [ 106.7582536, -6.1941021 ], [ 106.7579103, -6.1937714 ], [ 106.75706, -6.1925288 ], [ 106.7569216, -6.1920755 ], [ 106.7569404, -6.1917342 ], [ 106.7570415, -6.1912939 ], [ 106.7571461, -6.1908116 ], [ 106.7571544, -6.1902214 ], [ 106.7571866, -6.1901873 ], [ 106.7574173, -6.1897527 ], [ 106.7576507, -6.18943 ], [ 106.7577714, -6.1891847 ], [ 106.757833, -6.188942 ], [ 106.7579269, -6.188662 ], [ 106.7578947, -6.1883527 ], [ 106.7579269, -6.1880967 ], [ 106.7580986, -6.1878407 ], [ 106.7581308, -6.1876807 ], [ 106.7580664, -6.1875527 ], [ 106.7577016, -6.1874033 ], [ 106.7575085, -6.1875421 ], [ 106.757369, -6.187606 ], [ 106.7572403, -6.1875847 ], [ 106.7571115, -6.1874994 ], [ 106.7570364, -6.1869874 ], [ 106.7569828, -6.1868274 ], [ 106.7568326, -6.1866568 ], [ 106.7567146, -6.1864221 ], [ 106.7566824, -6.1862087 ], [ 106.7568004, -6.1859207 ], [ 106.7568862, -6.1857394 ], [ 106.7568969, -6.1855794 ], [ 106.7568111, -6.1853981 ], [ 106.7566395, -6.1852488 ], [ 106.7565, -6.1850461 ], [ 106.7564892, -6.1848861 ], [ 106.7565858, -6.1840222 ], [ 106.7566576, -6.1837358 ], [ 106.7568403, -6.1835929 ], [ 106.7572068, -6.1835405 ], [ 106.7577144, -6.1832947 ], [ 106.7577872, -6.1830947 ], [ 106.7576909, -6.1829022 ], [ 106.7573046, -6.1826248 ], [ 106.7560386, -6.1818889 ], [ 106.7557704, -6.1816115 ], [ 106.7556417, -6.1813235 ], [ 106.7555666, -6.1809608 ], [ 106.7554915, -6.1807795 ], [ 106.7553198, -6.1807048 ], [ 106.7550409, -6.1808009 ], [ 106.7548906, -6.1808328 ], [ 106.7547512, -6.1807902 ], [ 106.7547083, -6.1805768 ], [ 106.7547297, -6.1804276 ], [ 106.7547404, -6.1802676 ], [ 106.7547083, -6.1800755 ], [ 106.7545711, -6.1799903 ], [ 106.7545366, -6.1799689 ], [ 106.7543839, -6.1799832 ], [ 106.7543429, -6.1798542 ], [ 106.7542684, -6.1797342 ], [ 106.754204, -6.1794889 ], [ 106.7544079, -6.1789449 ], [ 106.7546117, -6.1786249 ], [ 106.7547512, -6.1783049 ], [ 106.754728, -6.1780443 ], [ 106.754632, -6.1773771 ], [ 106.7543614, -6.176903 ], [ 106.7543206, -6.1764875 ], [ 106.754257, -6.1762043 ], [ 106.7541772, -6.1760009 ], [ 106.7539553, -6.1758179 ], [ 106.7537078, -6.1757916 ], [ 106.7535348, -6.1757183 ], [ 106.753197, -6.1755235 ], [ 106.7527878, -6.1752703 ], [ 106.7523962, -6.1750996 ], [ 106.7519778, -6.1749182 ], [ 106.7515433, -6.174673 ], [ 106.7511892, -6.174481 ], [ 106.7508191, -6.1742943 ], [ 106.7505884, -6.1741716 ], [ 106.7504167, -6.174081 ], [ 106.7503684, -6.1739796 ], [ 106.7502987, -6.173825 ], [ 106.7501968, -6.1737609 ], [ 106.7500359, -6.1737503 ], [ 106.7499298, -6.1737452 ], [ 106.7499232, -6.1737449 ], [ 106.7498059, -6.1737503 ] ], [ [ 106.7698267, -6.2643928 ], [ 106.7700897, -6.2643339 ], [ 106.7703673, -6.2643954 ], [ 106.770513, -6.2645526 ], [ 106.770677, -6.2647512 ], [ 106.770866, -6.2649094 ], [ 106.7711733, -6.2652447 ], [ 106.7714003, -6.2652615 ], [ 106.7715472, -6.2651061 ], [ 106.7715472, -6.2649301 ], [ 106.771443, -6.2645469 ], [ 106.7713232, -6.2643501 ], [ 106.7711522, -6.2640976 ], [ 106.7710233, -6.2639255 ], [ 106.7709349, -6.2637717 ], [ 106.7707832, -6.263563 ], [ 106.770607, -6.2634275 ], [ 106.7705269, -6.263362 ] ], [ [ 106.7698267, -6.2643928 ], [ 106.7705269, -6.263362 ] ], [ [ 106.771523, -6.3964484 ], [ 106.771708, -6.3962511 ], [ 106.7717912, -6.3961019 ], [ 106.7717858, -6.3959206 ], [ 106.7717027, -6.3958033 ], [ 106.7715471, -6.3957527 ], [ 106.7709731, -6.395675 ], [ 106.7702757, -6.395707 ], [ 106.7698788, -6.3957923 ], [ 106.7695355, -6.3961121 ], [ 106.7693692, -6.3962245 ], [ 106.7692243, -6.3963071 ], [ 106.7690419, -6.3963151 ], [ 106.7689829, -6.3962218 ], [ 106.7689534, -6.3961045 ], [ 106.768991, -6.3959393 ], [ 106.769109, -6.395694 ], [ 106.7692967, -6.3954648 ], [ 106.7694791, -6.3952436 ], [ 106.7696803, -6.3951103 ], [ 106.7699888, -6.3949104 ], [ 106.7700263, -6.3947504 ], [ 106.7699432, -6.3945798 ], [ 106.7698868, -6.3943186 ], [ 106.7698171, -6.3941747 ], [ 106.769632, -6.3941134 ], [ 106.7692377, -6.3941614 ], [ 106.7689829, -6.3942227 ], [ 106.7686906, -6.3943186 ], [ 106.7683311, -6.3944999 ], [ 106.7680897, -6.3947238 ], [ 106.7679422, -6.3947771 ], [ 106.7677598, -6.3948197 ], [ 106.7676579, -6.3949903 ], [ 106.7675855, -6.3952702 ], [ 106.7675158, -6.3954568 ], [ 106.7674031, -6.3955128 ], [ 106.7671832, -6.3954595 ], [ 106.7669257, -6.3951663 ], [ 106.7666923, -6.394905 ], [ 106.7664992, -6.3946198 ], [ 106.7661103, -6.3944439 ], [ 106.7659306, -6.3942973 ], [ 106.7657133, -6.3938815 ], [ 106.7656919, -6.3935616 ], [ 106.7657214, -6.3931724 ], [ 106.7657723, -6.3929672 ], [ 106.7659064, -6.3928313 ], [ 106.7662819, -6.3927593 ], [ 106.7663731, -6.3926367 ], [ 106.7663007, -6.3923861 ], [ 106.766003, -6.3922688 ], [ 106.7657723, -6.3921649 ], [ 106.7657455, -6.3919143 ], [ 106.7658957, -6.3916158 ], [ 106.7659198, -6.3913572 ], [ 106.7658528, -6.3911946 ], [ 106.7656919, -6.390992 ], [ 106.7655148, -6.3907708 ], [ 106.7653807, -6.3904403 ], [ 106.76537, -6.3903363 ], [ 106.765547, -6.3900884 ], [ 106.7658796, -6.3899658 ], [ 106.766246, -6.3898769 ], [ 106.7666279, -6.3898938 ], [ 106.7667261, -6.3898982 ], [ 106.766813, -6.3898379 ], [ 106.7669112, -6.3897036 ], [ 106.7668962, -6.3896113 ], [ 106.7666709, -6.3895207 ], [ 106.7665153, -6.3894087 ], [ 106.7664402, -6.3892834 ], [ 106.7664241, -6.3891848 ], [ 106.7665341, -6.3889716 ], [ 106.7666414, -6.3887636 ], [ 106.7666306, -6.3885717 ], [ 106.7664697, -6.3883771 ], [ 106.766231, -6.3882572 ], [ 106.7660325, -6.3881905 ], [ 106.7658769, -6.3880146 ], [ 106.7657777, -6.3877801 ], [ 106.7657214, -6.387511 ], [ 106.7658018, -6.3872551 ], [ 106.7659333, -6.3870578 ], [ 106.7660448, -6.3868328 ], [ 106.7660593, -6.38657 ], [ 106.7661291, -6.3864447 ], [ 106.7664858, -6.3863061 ], [ 106.7667191, -6.3862022 ], [ 106.7670185, -6.3861371 ], [ 106.7671537, -6.3859756 ], [ 106.767218, -6.3857357 ], [ 106.7672341, -6.3855598 ], [ 106.7671134, -6.3854958 ], [ 106.7669203, -6.3855011 ], [ 106.7666977, -6.3856584 ], [ 106.7662739, -6.3856344 ], [ 106.7659949, -6.3854425 ], [ 106.765775, -6.3852852 ], [ 106.7655282, -6.3852212 ], [ 106.7652573, -6.3852532 ], [ 106.7650267, -6.3852746 ], [ 106.7647772, -6.3852799 ], [ 106.7645305, -6.3853172 ], [ 106.7643534, -6.3853732 ], [ 106.7640557, -6.3852799 ], [ 106.7637365, -6.3851306 ], [ 106.7637446, -6.3848987 ], [ 106.7638224, -6.3847041 ], [ 106.7638036, -6.3845602 ], [ 106.7637124, -6.3844376 ], [ 106.7635407, -6.3844482 ], [ 106.7633181, -6.3846162 ], [ 106.7631142, -6.3846721 ], [ 106.7628299, -6.3846002 ], [ 106.7625644, -6.3844029 ], [ 106.7623337, -6.3842776 ], [ 106.7622425, -6.3840724 ], [ 106.7622854, -6.3839045 ], [ 106.7624759, -6.3836939 ], [ 106.7625215, -6.383446 ], [ 106.7623605, -6.3831847 ], [ 106.7621728, -6.3830621 ], [ 106.7620521, -6.3830062 ], [ 106.7621084, -6.3829022 ], [ 106.7624705, -6.3828036 ], [ 106.7629024, -6.382641 ], [ 106.7633798, -6.3824757 ], [ 106.7635863, -6.3823957 ], [ 106.7638626, -6.3822864 ], [ 106.7637982, -6.3820412 ], [ 106.7636775, -6.3817453 ], [ 106.7635407, -6.3815134 ], [ 106.7634039, -6.3814601 ], [ 106.7630552, -6.3815614 ], [ 106.7626395, -6.381684 ], [ 106.7623981, -6.38178 ], [ 106.7622533, -6.3816973 ], [ 106.7621878, -6.3815337 ], [ 106.7621057, -6.3811829 ], [ 106.7620628, -6.3809297 ], [ 106.7620199, -6.3804499 ], [ 106.7620736, -6.3802099 ], [ 106.7621674, -6.3800687 ], [ 106.7625553, -6.380025 ], [ 106.7629603, -6.379897 ], [ 106.7632956, -6.379857 ], [ 106.7634039, -6.3797568 ], [ 106.7633825, -6.3796502 ], [ 106.763125, -6.3793836 ], [ 106.7631196, -6.3791997 ], [ 106.7631062, -6.3788265 ], [ 106.7632242, -6.3785466 ], [ 106.7634281, -6.3784 ], [ 106.7638143, -6.3784027 ], [ 106.7642504, -6.3785296 ], [ 106.7647477, -6.3788638 ], [ 106.7650229, -6.37906 ], [ 106.7651822, -6.3793916 ], [ 106.765201, -6.3795462 ], [ 106.7652965, -6.3796198 ], [ 106.7655486, -6.3796251 ], [ 106.7658099, -6.3794876 ], [ 106.7660432, -6.3792797 ], [ 106.7662031, -6.37906 ], [ 106.7662712, -6.3787812 ], [ 106.7663329, -6.37848 ], [ 106.7664911, -6.3782614 ], [ 106.766518, -6.3779522 ], [ 106.7664965, -6.377555 ], [ 106.766467, -6.3771898 ], [ 106.7664697, -6.3768753 ], [ 106.7664214, -6.3766407 ], [ 106.766298, -6.3766007 ], [ 106.7658662, -6.376654 ], [ 106.7654424, -6.3766834 ], [ 106.7651956, -6.3767553 ], [ 106.7648979, -6.3768406 ], [ 106.7645761, -6.3768913 ], [ 106.7643347, -6.3768033 ], [ 106.764045, -6.3763955 ], [ 106.7638224, -6.3759556 ], [ 106.7635622, -6.375793 ], [ 106.7631518, -6.375953 ], [ 106.7628353, -6.3760676 ], [ 106.7626422, -6.3760996 ], [ 106.7623713, -6.3760036 ], [ 106.7622962, -6.3758277 ], [ 106.7623364, -6.3753212 ], [ 106.762433, -6.3747694 ], [ 106.7624249, -6.3744282 ], [ 106.7624705, -6.3740071 ], [ 106.7625258, -6.3735395 ], [ 106.7625939, -6.373202 ], [ 106.7629024, -6.3728608 ], [ 106.7631974, -6.3725303 ], [ 106.7633396, -6.3721411 ], [ 106.763538, -6.3719625 ], [ 106.7638116, -6.3720025 ], [ 106.764104, -6.3722851 ], [ 106.7643212, -6.372565 ], [ 106.7644902, -6.3728369 ], [ 106.7648968, -6.373137 ], [ 106.7654424, -6.3734233 ], [ 106.7658946, -6.3736728 ], [ 106.7660218, -6.3737378 ], [ 106.7661612, -6.3732953 ], [ 106.7663436, -6.3728262 ], [ 106.7663275, -6.3726023 ], [ 106.7661183, -6.3723091 ], [ 106.7656248, -6.3719998 ], [ 106.7650723, -6.3715147 ], [ 106.7647343, -6.3710775 ], [ 106.7646646, -6.3703312 ], [ 106.764686, -6.3697234 ], [ 106.764627, -6.3694355 ], [ 106.7647719, -6.3692862 ], [ 106.7649596, -6.3692702 ], [ 106.7666279, -6.3700912 ], [ 106.7668211, -6.3702565 ], [ 106.7668962, -6.3703312 ], [ 106.7668763, -6.3704367 ], [ 106.7666548, -6.3706297 ], [ 106.7663828, -6.3708526 ], [ 106.7661575, -6.3709858 ], [ 106.7661183, -6.3711522 ], [ 106.766195, -6.3713057 ], [ 106.7666655, -6.3714987 ], [ 106.7675184, -6.3714561 ], [ 106.7679905, -6.3713174 ], [ 106.7682051, -6.3711415 ], [ 106.7682802, -6.3706724 ], [ 106.7682281, -6.370522 ], [ 106.767953, -6.3700699 ], [ 106.7679154, -6.3698673 ], [ 106.7677169, -6.3696594 ], [ 106.767497, -6.3694248 ], [ 106.767497, -6.369041 ], [ 106.767497, -6.3687851 ], [ 106.7675667, -6.3685132 ], [ 106.7679315, -6.3684865 ], [ 106.7680978, -6.3683586 ], [ 106.7682534, -6.3682839 ], [ 106.7684089, -6.3683372 ], [ 106.7684518, -6.3684545 ], [ 106.7683285, -6.3687211 ], [ 106.7682979, -6.3689386 ], [ 106.7684679, -6.3692009 ], [ 106.7687683, -6.3695048 ], [ 106.7688665, -6.3699089 ], [ 106.7689454, -6.3701499 ], [ 106.7691294, -6.3703034 ], [ 106.7693708, -6.3702501 ], [ 106.7695676, -6.3701179 ], [ 106.7696052, -6.3698034 ], [ 106.7695247, -6.3694568 ], [ 106.7693477, -6.3689344 ], [ 106.7692994, -6.3685185 ], [ 106.7690757, -6.3680749 ], [ 106.76894, -6.3677934 ], [ 106.7687056, -6.3675045 ], [ 106.7685162, -6.3673403 ], [ 106.768307, -6.3673296 ], [ 106.7680281, -6.3674363 ], [ 106.7677062, -6.3676388 ], [ 106.7673645, -6.3677124 ], [ 106.7671657, -6.3674676 ], [ 106.7669659, -6.3670471 ], [ 106.7670464, -6.3666419 ], [ 106.7671805, -6.3660501 ], [ 106.7674111, -6.3657196 ], [ 106.7677867, -6.3654477 ], [ 106.7679476, -6.3653037 ], [ 106.7680602, -6.365357 ], [ 106.7681262, -6.3655905 ], [ 106.7684358, -6.3658422 ], [ 106.7687898, -6.3658422 ], [ 106.768947, -6.3658145 ], [ 106.7690918, -6.3659158 ], [ 106.7694228, -6.366434 ], [ 106.7696803, -6.3667112 ], [ 106.7697608, -6.3667378 ], [ 106.7699271, -6.3665512 ], [ 106.7700343, -6.36621 ], [ 106.7700665, -6.3658848 ], [ 106.7699002, -6.365517 ], [ 106.7697339, -6.3652717 ], [ 106.7693439, -6.365244 ], [ 106.7691401, -6.365164 ], [ 106.7692297, -6.3647759 ], [ 106.7694174, -6.3644987 ], [ 106.7697178, -6.3643867 ], [ 106.7699432, -6.364456 ], [ 106.7702114, -6.3644827 ], [ 106.7704742, -6.3644294 ], [ 106.770728, -6.3643323 ], [ 106.7709694, -6.3641457 ], [ 106.7710858, -6.3638589 ], [ 106.7710123, -6.363586 ], [ 106.7701164, -6.36333 ], [ 106.7697123, -6.3631976 ], [ 106.7693969, -6.3630725 ], [ 106.7692699, -6.3629832 ], [ 106.7691618, -6.3628592 ], [ 106.7691014, -6.3627362 ], [ 106.7690714, -6.3625892 ], [ 106.7690813, -6.3624536 ], [ 106.7691348, -6.3623889 ], [ 106.7692703, -6.362297 ], [ 106.769371, -6.3622011 ], [ 106.7694131, -6.3620744 ], [ 106.7694244, -6.3619527 ], [ 106.7694228, -6.3617957 ], [ 106.7694228, -6.3615664 ], [ 106.7694338, -6.3614673 ], [ 106.7694613, -6.3614006 ], [ 106.7696424, -6.3613262 ], [ 106.7697822, -6.3613732 ], [ 106.7699555, -6.3613241 ], [ 106.7700665, -6.3612345 ], [ 106.7701335, -6.3610521 ], [ 106.7700934, -6.360904 ], [ 106.7699609, -6.3609029 ], [ 106.7697769, -6.36092 ], [ 106.7696749, -6.3607387 ], [ 106.7697018, -6.3605308 ], [ 106.7698305, -6.3603602 ], [ 106.7699448, -6.3601672 ], [ 106.7700129, -6.3598964 ], [ 106.7700129, -6.3596618 ], [ 106.7700225, -6.3595418 ], [ 106.7699231, -6.3591952 ], [ 106.7699143, -6.358986 ], [ 106.7700022, -6.3587768 ], [ 106.7701738, -6.3586222 ], [ 106.7702865, -6.3584409 ], [ 106.7703455, -6.3582649 ], [ 106.7704099, -6.3580357 ], [ 106.7705118, -6.3579344 ], [ 106.7707478, -6.3579717 ], [ 106.7709248, -6.3579504 ], [ 106.7710498, -6.357816 ], [ 106.7711555, -6.3575399 ], [ 106.771236, -6.3573053 ], [ 106.7711613, -6.3568518 ], [ 106.7710391, -6.3565312 ], [ 106.7710321, -6.3562177 ], [ 106.7709624, -6.3557912 ], [ 106.7709195, -6.3554553 ], [ 106.770898, -6.3552527 ], [ 106.7710391, -6.3551023 ], [ 106.7711096, -6.3549908 ], [ 106.7711839, -6.3548731 ], [ 106.771236, -6.3546982 ], [ 106.7711806, -6.3545228 ], [ 106.7710429, -6.3543517 ], [ 106.7707977, -6.3541373 ], [ 106.7705279, -6.3539198 ], [ 106.7702007, -6.35344 ], [ 106.7701159, -6.3532032 ], [ 106.7700773, -6.3526029 ], [ 106.7701416, -6.3522084 ], [ 106.7702744, -6.3519974 ], [ 106.7706475, -6.3518075 ], [ 106.7710107, -6.3518779 ], [ 106.771413, -6.3521178 ], [ 106.771597, -6.3523673 ], [ 106.771833, -6.3524953 ], [ 106.7719189, -6.3524526 ], [ 106.7719763, -6.3522031 ], [ 106.7719012, -6.3516006 ], [ 106.7719029, -6.351033 ], [ 106.7719548, -6.3506303 ], [ 106.7720514, -6.3502784 ], [ 106.7722016, -6.3500971 ], [ 106.7724108, -6.3500918 ], [ 106.7727879, -6.3502614 ], [ 106.7731457, -6.3505237 ], [ 106.7733619, -6.3506252 ], [ 106.7734607, -6.3506146 ], [ 106.7735971, -6.3504881 ], [ 106.7737817, -6.3502894 ], [ 106.7738767, -6.3499919 ], [ 106.7738391, -6.3493681 ], [ 106.7739035, -6.3490642 ], [ 106.7739571, -6.3489256 ], [ 106.7739679, -6.3487283 ], [ 106.773941, -6.3485417 ], [ 106.773941, -6.3482165 ], [ 106.7738928, -6.3480139 ], [ 106.7738284, -6.34779 ], [ 106.7737014, -6.3476201 ], [ 106.7735065, -6.3474541 ], [ 106.773315, -6.347357 ], [ 106.7732222, -6.3471448 ], [ 106.7732263, -6.3468622 ], [ 106.773296, -6.3464891 ], [ 106.7734093, -6.3462017 ], [ 106.7735924, -6.3461212 ], [ 106.7738713, -6.3461425 ], [ 106.7741878, -6.3460945 ], [ 106.7744576, -6.3458749 ], [ 106.7744576, -6.3456394 ], [ 106.7742575, -6.3455347 ], [ 106.7740966, -6.3453321 ], [ 106.7741894, -6.3451498 ], [ 106.7744721, -6.3449536 ], [ 106.7745955, -6.344815 ], [ 106.7744829, -6.3446177 ], [ 106.7742592, -6.3447019 ], [ 106.7739427, -6.3447606 ], [ 106.7736475, -6.3447082 ], [ 106.7732919, -6.3446337 ], [ 106.7728578, -6.3443873 ], [ 106.7726375, -6.3442445 ], [ 106.7725533, -6.3439928 ], [ 106.7726528, -6.3436767 ], [ 106.7728805, -6.343401 ], [ 106.7731112, -6.3431917 ], [ 106.7735189, -6.3429905 ], [ 106.7736098, -6.3428047 ], [ 106.7736675, -6.3424851 ], [ 106.7733831, -6.3421119 ], [ 106.7731004, -6.3419029 ], [ 106.7729449, -6.3416416 ], [ 106.7730184, -6.3412108 ], [ 106.7732292, -6.3409538 ], [ 106.7733188, -6.340715 ], [ 106.7733671, -6.3402618 ], [ 106.7732882, -6.3399248 ], [ 106.7730977, -6.3396078 ], [ 106.773013, -6.3393288 ], [ 106.773138, -6.3390931 ], [ 106.7734582, -6.3389929 ], [ 106.773678, -6.3388628 ], [ 106.7736621, -6.3387103 ], [ 106.7735226, -6.3385877 ], [ 106.7733169, -6.3384801 ], [ 106.7731257, -6.338481 ], [ 106.7728108, -6.3385653 ], [ 106.7725356, -6.338577 ], [ 106.7723961, -6.3385237 ], [ 106.77238, -6.3383424 ], [ 106.7724175, -6.3381718 ], [ 106.772476, -6.3380188 ], [ 106.7725962, -6.3379415 ], [ 106.7731809, -6.3378668 ], [ 106.7740207, -6.3379262 ], [ 106.774617, -6.3378839 ], [ 106.7749656, -6.3378146 ], [ 106.7751067, -6.3376642 ], [ 106.7750086, -6.3373187 ], [ 106.7748745, -6.3369882 ], [ 106.7745687, -6.3367429 ], [ 106.774404, -6.3364806 ], [ 106.7743541, -6.3361724 ], [ 106.7744458, -6.336007 ], [ 106.7746384, -6.3359698 ], [ 106.7749764, -6.3360551 ], [ 106.775273, -6.33615 ], [ 106.7755665, -6.3361991 ], [ 106.7758202, -6.336118 ], [ 106.7762494, -6.3359528 ], [ 106.7764335, -6.3359408 ], [ 106.776457, -6.3358152 ], [ 106.7762554, -6.3356857 ], [ 106.7759366, -6.3356126 ], [ 106.7757918, -6.3355859 ], [ 106.7757006, -6.335266 ], [ 106.7756898, -6.3349142 ], [ 106.7757113, -6.3347489 ], [ 106.7757826, -6.3345612 ], [ 106.7759259, -6.334349 ], [ 106.776029, -6.3340838 ], [ 106.7759581, -6.3338372 ], [ 106.7757113, -6.3335706 ], [ 106.7754216, -6.333272 ], [ 106.775332, -6.3330897 ], [ 106.7755182, -6.3328615 ], [ 106.7759903, -6.3327548 ], [ 106.7762638, -6.3327175 ], [ 106.7765605, -6.3326258 ], [ 106.7766554, -6.3323176 ], [ 106.7766447, -6.3319444 ], [ 106.7764547, -6.3317082 ], [ 106.7762045, -6.3315373 ], [ 106.7760814, -6.3313153 ], [ 106.7761474, -6.3311703 ], [ 106.7764945, -6.3305795 ], [ 106.776818, -6.3303972 ], [ 106.7772348, -6.3302223 ], [ 106.7774885, -6.3297893 ], [ 106.7776034, -6.3295144 ], [ 106.7776961, -6.3290546 ], [ 106.7777712, -6.3284735 ], [ 106.7776801, -6.3280782 ], [ 106.777723, -6.327807 ], [ 106.7777015, -6.3274604 ], [ 106.7776371, -6.3272845 ], [ 106.7773635, -6.3272578 ], [ 106.7770183, -6.3272355 ], [ 106.7768019, -6.3271235 ], [ 106.7769129, -6.3268526 ], [ 106.7772563, -6.326602 ], [ 106.7775245, -6.3264794 ], [ 106.7777444, -6.3265594 ], [ 106.7779767, -6.3268782 ], [ 106.7781843, -6.3270286 ], [ 106.7784756, -6.3271288 ], [ 106.7786886, -6.3271512 ], [ 106.7788709, -6.3271939 ], [ 106.778989, -6.3268739 ], [ 106.7789621, -6.3265274 ], [ 106.7788924, -6.3260795 ], [ 106.7788607, -6.3256813 ], [ 106.7789192, -6.3252051 ], [ 106.7790104, -6.3248532 ], [ 106.7790211, -6.324544 ], [ 106.7789407, -6.3241334 ], [ 106.7787706, -6.3237805 ], [ 106.7786097, -6.3234659 ], [ 106.7781843, -6.3234403 ], [ 106.7778587, -6.3233326 ], [ 106.7777391, -6.3231684 ], [ 106.7778249, -6.3230031 ], [ 106.7781307, -6.3227845 ], [ 106.7782755, -6.3225819 ], [ 106.7784201, -6.3222071 ], [ 106.7786725, -6.32207 ], [ 106.7790496, -6.3219623 ], [ 106.7792625, -6.3215635 ], [ 106.7793108, -6.3214249 ], [ 106.7792976, -6.3213128 ], [ 106.7791608, -6.3212161 ], [ 106.779096, -6.3211052 ], [ 106.779036, -6.3209603 ], [ 106.7789155, -6.32064 ], [ 106.7788475, -6.3203488 ], [ 106.7788298, -6.320165 ], [ 106.7788343, -6.3199301 ], [ 106.7788523, -6.3197237 ], [ 106.7788703, -6.3196425 ], [ 106.778897, -6.3195892 ], [ 106.7790848, -6.3193495 ], [ 106.7791788, -6.3191999 ], [ 106.7792529, -6.3190626 ], [ 106.7793359, -6.3188307 ], [ 106.779366, -6.3186881 ], [ 106.7794021, -6.3185115 ], [ 106.7794466, -6.3181566 ], [ 106.7794348, -6.3178049 ], [ 106.7793972, -6.3176988 ], [ 106.7793339, -6.3176359 ], [ 106.7792311, -6.3176123 ], [ 106.7790756, -6.3175988 ], [ 106.7789134, -6.3175595 ], [ 106.7788047, -6.3174927 ], [ 106.778729, -6.3174264 ], [ 106.7786927, -6.3173388 ], [ 106.7787047, -6.3172052 ], [ 106.7787575, -6.317105 ], [ 106.7788271, -6.3170298 ], [ 106.7789723, -6.3169522 ], [ 106.7792568, -6.3168103 ], [ 106.7793504, -6.3167721 ], [ 106.7794537, -6.3167315 ], [ 106.7795749, -6.3167113 ], [ 106.7797045, -6.3166838 ], [ 106.7798203, -6.3165904 ], [ 106.7799091, -6.316508 ], [ 106.7799595, -6.3164329 ], [ 106.7800127, -6.3163552 ], [ 106.7800195, -6.3161699 ], [ 106.7799686, -6.316081 ], [ 106.779867, -6.3160224 ], [ 106.7797608, -6.3159997 ], [ 106.7796292, -6.3159315 ], [ 106.7794624, -6.3157754 ], [ 106.7792697, -6.3156797 ], [ 106.7790375, -6.3156201 ], [ 106.7778694, -6.3153714 ], [ 106.7770506, -6.3152565 ], [ 106.7769239, -6.315203 ], [ 106.7768352, -6.31514 ], [ 106.7767655, -6.3150078 ], [ 106.7767053, -6.3148016 ], [ 106.7766626, -6.314515 ], [ 106.7766626, -6.3143372 ], [ 106.7766816, -6.3139719 ], [ 106.7766784, -6.3138633 ], [ 106.7766198, -6.3136083 ], [ 106.7765438, -6.3134603 ], [ 106.7765058, -6.3133674 ], [ 106.7764836, -6.3132746 ], [ 106.7764788, -6.3131628 ], [ 106.7764836, -6.3128558 ], [ 106.7765073, -6.3126024 ], [ 106.7765248, -6.3125189 ], [ 106.7765739, -6.3124449 ], [ 106.7766113, -6.3123503 ], [ 106.7766002, -6.3122557 ], [ 106.7765717, -6.3122242 ], [ 106.7764529, -6.3122179 ], [ 106.7764165, -6.3121912 ], [ 106.7763896, -6.312125 ], [ 106.7764007, -6.312018 ], [ 106.7764403, -6.3118795 ], [ 106.7764387, -6.3117929 ], [ 106.7763975, -6.3117315 ], [ 106.7762977, -6.3116984 ], [ 106.7760807, -6.3116827 ], [ 106.7759271, -6.3116748 ], [ 106.7758478, -6.3116443 ], [ 106.7757751, -6.3116024 ], [ 106.7756674, -6.3115945 ], [ 106.7755403, -6.3116022 ], [ 106.7754491, -6.3116324 ], [ 106.7753264, -6.3117062 ], [ 106.7752055, -6.3118196 ], [ 106.7750941, -6.3119478 ], [ 106.7750495, -6.3120232 ], [ 106.7750196, -6.3121021 ], [ 106.7749057, -6.3121383 ], [ 106.7747948, -6.3121371 ], [ 106.774645, -6.3120709 ], [ 106.7745866, -6.312001 ], [ 106.7745572, -6.3119163 ], [ 106.774554, -6.3118281 ], [ 106.7745509, -6.3117085 ], [ 106.7745287, -6.3115369 ], [ 106.7745113, -6.3113811 ], [ 106.7745192, -6.3112347 ], [ 106.7745746, -6.3110977 ], [ 106.774714, -6.3109466 ], [ 106.7748424, -6.3108358 ], [ 106.7749532, -6.3107577 ], [ 106.775129, -6.3106585 ], [ 106.7752684, -6.3105656 ], [ 106.7753697, -6.3104586 ], [ 106.7754062, -6.3104003 ], [ 106.7754109, -6.3103358 ], [ 106.7753634, -6.3102822 ], [ 106.7752546, -6.3102368 ], [ 106.7750198, -6.3101928 ], [ 106.7748241, -6.3101331 ], [ 106.774417, -6.3100339 ], [ 106.7737748, -6.3098918 ], [ 106.7736505, -6.3098279 ], [ 106.7735085, -6.3097359 ], [ 106.7733651, -6.3095958 ], [ 106.7733377, -6.3095376 ], [ 106.7733251, -6.3094808 ], [ 106.7733519, -6.3093991 ], [ 106.7734329, -6.309295 ], [ 106.7735372, -6.3091986 ], [ 106.7736729, -6.3091135 ], [ 106.7738112, -6.3090539 ], [ 106.7739395, -6.3090276 ], [ 106.7740963, -6.3089363 ], [ 106.7745214, -6.3088136 ], [ 106.7746425, -6.3087614 ], [ 106.7747844, -6.3086782 ], [ 106.7750504, -6.3084987 ], [ 106.7751328, -6.3084137 ], [ 106.7751724, -6.308302 ], [ 106.7751882, -6.3081949 ], [ 106.7751898, -6.3081099 ], [ 106.7751318, -6.3080242 ], [ 106.775052, -6.3079556 ], [ 106.7749206, -6.3078549 ], [ 106.7747859, -6.3077242 ], [ 106.7745911, -6.3075101 ], [ 106.7744569, -6.3073447 ], [ 106.7742363, -6.3071181 ], [ 106.7741397, -6.3070268 ], [ 106.7740685, -6.3069969 ], [ 106.7739734, -6.3069843 ], [ 106.7739117, -6.3069261 ], [ 106.7738784, -6.3068631 ], [ 106.7738594, -6.306786 ], [ 106.7738594, -6.3067041 ], [ 106.7738752, -6.3066144 ], [ 106.7739085, -6.3065089 ], [ 106.7739703, -6.3064066 ], [ 106.77407, -6.3063294 ], [ 106.7742316, -6.3062365 ], [ 106.7744232, -6.3061563 ], [ 106.7746386, -6.3060901 ], [ 106.7748761, -6.3060591 ], [ 106.7752286, -6.3061004 ], [ 106.7754828, -6.3061027 ], [ 106.7755288, -6.3060886 ], [ 106.7755503, -6.3060372 ], [ 106.7755383, -6.3059894 ], [ 106.7755018, -6.3059217 ], [ 106.7749584, -6.3050851 ], [ 106.7748635, -6.3048953 ], [ 106.7748461, -6.3047882 ], [ 106.7748461, -6.3046891 ], [ 106.774881, -6.3045836 ], [ 106.7749319, -6.3045109 ], [ 106.7750243, -6.3044523 ], [ 106.7751237, -6.3044176 ], [ 106.7752004, -6.3044138 ], [ 106.7752698, -6.304428 ], [ 106.775338, -6.3044373 ], [ 106.7754133, -6.3044306 ], [ 106.7754882, -6.3044007 ], [ 106.775562, -6.3043476 ], [ 106.7756111, -6.304293 ], [ 106.7756455, -6.3042205 ], [ 106.7756624, -6.3041466 ], [ 106.7756689, -6.3040533 ], [ 106.7756455, -6.303899 ], [ 106.7755828, -6.3037486 ], [ 106.7754876, -6.3035852 ], [ 106.7753885, -6.3034504 ], [ 106.7752228, -6.3033194 ], [ 106.7750493, -6.3032144 ], [ 106.7749043, -6.3031601 ], [ 106.7747517, -6.3031407 ], [ 106.7745904, -6.3031514 ], [ 106.7744256, -6.3032107 ], [ 106.7742765, -6.3033044 ], [ 106.7741599, -6.3034318 ], [ 106.7740529, -6.3036017 ], [ 106.7739443, -6.3038453 ], [ 106.7738429, -6.3041475 ], [ 106.7737634, -6.3043705 ], [ 106.7737103, -6.3044636 ], [ 106.7736464, -6.3045427 ], [ 106.773559, -6.3046153 ], [ 106.773482, -6.3046607 ], [ 106.7733955, -6.3046946 ], [ 106.7732886, -6.3047206 ], [ 106.7731998, -6.3047128 ], [ 106.7731116, -6.3046788 ], [ 106.7730372, -6.3046309 ], [ 106.7729876, -6.3045531 ], [ 106.7729681, -6.3044688 ], [ 106.7729785, -6.3043768 ], [ 106.7730194, -6.3042677 ], [ 106.7730698, -6.3041758 ], [ 106.7731533, -6.3040682 ], [ 106.7732237, -6.3039696 ], [ 106.7735639, -6.3034032 ], [ 106.7735942, -6.3033201 ], [ 106.7736046, -6.3032384 ], [ 106.7735799, -6.3031269 ], [ 106.7735172, -6.3030206 ], [ 106.7734481, -6.3029519 ], [ 106.7733672, -6.3028896 ], [ 106.7732642, -6.3028559 ], [ 106.7731591, -6.3028409 ], [ 106.7729655, -6.3028624 ], [ 106.7726224, -6.3029389 ], [ 106.7722376, -6.3030413 ], [ 106.7718045, -6.3031243 ], [ 106.7716884, -6.3031463 ], [ 106.7716271, -6.3031424 ], [ 106.7715736, -6.3031256 ], [ 106.7715215, -6.3030945 ], [ 106.771421, -6.3029872 ], [ 106.7713062, -6.3027885 ], [ 106.7710545, -6.3024138 ], [ 106.7709971, -6.3023062 ], [ 106.7709658, -6.3022102 ], [ 106.7709332, -6.3020533 ], [ 106.770924, -6.3019639 ], [ 106.7709436, -6.3018692 ], [ 106.7710088, -6.3017681 ], [ 106.7710923, -6.3016929 ], [ 106.7712415, -6.3016006 ], [ 106.7713949, -6.3015334 ], [ 106.7715633, -6.3014886 ], [ 106.7718163, -6.3014492 ], [ 106.7721802, -6.3014245 ], [ 106.7725937, -6.3014154 ], [ 106.7728337, -6.3014284 ], [ 106.7729798, -6.3014323 ], [ 106.7730665, -6.301432 ], [ 106.773139, -6.3014219 ], [ 106.7731755, -6.3014051 ], [ 106.7731911, -6.3013623 ], [ 106.7731974, -6.3012485 ], [ 106.7731872, -6.3011377 ], [ 106.7731592, -6.301048 ], [ 106.77259, -6.3001684 ], [ 106.7724079, -6.2999825 ], [ 106.7722965, -6.2998892 ], [ 106.7719747, -6.2996985 ], [ 106.7717709, -6.2995412 ], [ 106.7716327, -6.2993893 ], [ 106.7714334, -6.2991601 ], [ 106.7711901, -6.2987847 ], [ 106.7711231, -6.2986501 ], [ 106.7709257, -6.2981902 ], [ 106.7708962, -6.2980955 ], [ 106.7708801, -6.2979822 ], [ 106.7709096, -6.297689 ], [ 106.7709049, -6.2975876 ], [ 106.7708821, -6.2974997 ], [ 106.7708411, -6.2974184 ], [ 106.7707874, -6.297361 ], [ 106.7707164, -6.297317 ], [ 106.770648, -6.2973211 ], [ 106.7705917, -6.2973477 ], [ 106.7705233, -6.297401 ], [ 106.7704304, -6.2974608 ], [ 106.7703433, -6.2975255 ], [ 106.7702752, -6.2975703 ], [ 106.770184, -6.297609 ], [ 106.7701089, -6.2976156 ], [ 106.7700191, -6.2975863 ], [ 106.7699064, -6.2975143 ], [ 106.7698366, -6.297457 ], [ 106.7698085, -6.2973877 ], [ 106.7697977, -6.2971837 ], [ 106.7697948, -6.2970447 ], [ 106.7698041, -6.2969148 ], [ 106.7698199, -6.2967705 ], [ 106.7698412, -6.2966322 ], [ 106.7698756, -6.2965003 ], [ 106.7699238, -6.2963862 ], [ 106.7699828, -6.2963057 ], [ 106.7700569, -6.2962227 ], [ 106.7701163, -6.296151 ], [ 106.7701646, -6.29607 ], [ 106.7702065, -6.2959674 ], [ 106.7702541, -6.2958307 ], [ 106.7702591, -6.2957361 ], [ 106.7702349, -6.2956308 ], [ 106.7701478, -6.2955428 ], [ 106.7699963, -6.2954868 ], [ 106.7698165, -6.2954575 ], [ 106.7696906, -6.2954563 ], [ 106.7695698, -6.2954882 ], [ 106.7693542, -6.2955821 ], [ 106.7692868, -6.2956374 ], [ 106.7691205, -6.2957281 ], [ 106.7689877, -6.2958254 ], [ 106.7688737, -6.2958734 ], [ 106.7686885, -6.2958934 ], [ 106.7685237, -6.295848 ], [ 106.7682529, -6.2958307 ], [ 106.7680725, -6.2957996 ], [ 106.7678995, -6.2957591 ], [ 106.767778, -6.2956814 ], [ 106.7676211, -6.2955481 ], [ 106.7674817, -6.2953815 ], [ 106.7673542, -6.2952895 ], [ 106.7672845, -6.2952162 ], [ 106.7672094, -6.2951096 ], [ 106.7671974, -6.2950016 ], [ 106.7672405, -6.2948184 ], [ 106.7672887, -6.2947107 ], [ 106.7673865, -6.294583 ], [ 106.7675032, -6.294463 ], [ 106.768013, -6.2937811 ], [ 106.768218, -6.2934579 ], [ 106.7682963, -6.2932842 ], [ 106.7682475, -6.2931273 ], [ 106.7681162, -6.2929694 ], [ 106.767895, -6.2927574 ], [ 106.7677421, -6.2925974 ], [ 106.7676657, -6.2925214 ], [ 106.7675932, -6.2924479 ], [ 106.7675603, -6.2924019 ], [ 106.7675502, -6.2923599 ], [ 106.767561, -6.2923068 ], [ 106.7676241, -6.2922548 ], [ 106.7680667, -6.2920175 ], [ 106.7681525, -6.2919696 ], [ 106.7682142, -6.2918776 ], [ 106.7682008, -6.2918176 ], [ 106.7680975, -6.291571 ], [ 106.7680116, -6.2915083 ], [ 106.7678856, -6.2914843 ], [ 106.7676766, -6.2915114 ], [ 106.7673666, -6.2915043 ], [ 106.7671906, -6.2914454 ], [ 106.7671024, -6.291359 ], [ 106.7670058, -6.2912191 ], [ 106.7669021, -6.2910605 ], [ 106.7665542, -6.290279 ], [ 106.7664991, -6.2900011 ], [ 106.7664881, -6.2898055 ], [ 106.7665074, -6.2894783 ], [ 106.7664923, -6.2893934 ], [ 106.7664323, -6.2893205 ], [ 106.7663708, -6.2892852 ], [ 106.7661778, -6.2892172 ], [ 106.7661238, -6.2891831 ], [ 106.7661065, -6.2890907 ], [ 106.7661381, -6.2889879 ], [ 106.7662391, -6.2888935 ], [ 106.7666452, -6.288778 ], [ 106.7668768, -6.2886622 ], [ 106.7670254, -6.2885379 ], [ 106.7671547, -6.2883053 ], [ 106.7671649, -6.2881692 ], [ 106.7671084, -6.2880584 ], [ 106.7669886, -6.2878415 ], [ 106.7669015, -6.2872895 ], [ 106.7667476, -6.2870432 ], [ 106.7666564, -6.2869099 ], [ 106.7665313, -6.2866443 ], [ 106.7666242, -6.2863127 ], [ 106.7669766, -6.2861058 ], [ 106.7671805, -6.2861005 ], [ 106.7676365, -6.2864151 ], [ 106.7679154, -6.2864364 ], [ 106.768012, -6.2862231 ], [ 106.7679851, -6.2860311 ], [ 106.7678618, -6.2858392 ], [ 106.7675023, -6.2854179 ], [ 106.7673591, -6.285033 ], [ 106.7667299, -6.2848261 ], [ 106.7664472, -6.2847237 ], [ 106.76607, -6.2845568 ], [ 106.7657161, -6.2839383 ], [ 106.7660701, -6.2836182 ], [ 106.7667459, -6.2833303 ], [ 106.7670586, -6.2829021 ], [ 106.7674785, -6.2824554 ], [ 106.7676921, -6.2820453 ], [ 106.7678542, -6.2817231 ], [ 106.7682373, -6.2817377 ], [ 106.7684288, -6.2815547 ], [ 106.7686278, -6.2814595 ], [ 106.768753, -6.2814887 ], [ 106.7688561, -6.2815839 ], [ 106.7689292, -6.2816508 ], [ 106.7690167, -6.2817244 ], [ 106.7690679, -6.2818011 ], [ 106.7692392, -6.2816938 ], [ 106.7694383, -6.2815457 ], [ 106.7696002, -6.2814741 ], [ 106.7695929, -6.2813276 ], [ 106.7694455, -6.2811299 ], [ 106.769335, -6.2810494 ], [ 106.7691508, -6.2809395 ], [ 106.7688193, -6.2807052 ], [ 106.7686941, -6.28061 ], [ 106.768532, -6.2805441 ], [ 106.7683257, -6.2804928 ], [ 106.7681415, -6.2803537 ], [ 106.7680531, -6.2803098 ], [ 106.7680163, -6.2801413 ], [ 106.768031, -6.2800095 ], [ 106.7680679, -6.2798484 ], [ 106.7679795, -6.2796946 ], [ 106.7678629, -6.2795727 ], [ 106.7676687, -6.279439 ], [ 106.7675783, -6.2793411 ], [ 106.7675301, -6.279182 ], [ 106.7676627, -6.2790356 ], [ 106.7678837, -6.2788598 ], [ 106.7681797, -6.2787597 ], [ 106.7683712, -6.2787744 ], [ 106.7684998, -6.2787159 ], [ 106.7687061, -6.2786061 ], [ 106.7689043, -6.2784649 ], [ 106.7690403, -6.2783619 ], [ 106.7691582, -6.2782813 ], [ 106.7695266, -6.2779591 ], [ 106.7696518, -6.2779737 ], [ 106.7698507, -6.2781348 ], [ 106.7699686, -6.2781275 ], [ 106.7700791, -6.2781861 ], [ 106.770197, -6.2781934 ], [ 106.7703001, -6.2780616 ], [ 106.770278, -6.2779005 ], [ 106.7703075, -6.2777541 ], [ 106.7702633, -6.2775929 ], [ 106.7703075, -6.2774465 ], [ 106.7702191, -6.2773 ], [ 106.7699759, -6.2768314 ], [ 106.769777, -6.2765751 ], [ 106.7697697, -6.2764506 ], [ 106.7696592, -6.2763847 ], [ 106.7695266, -6.2763773 ], [ 106.7694087, -6.2762968 ], [ 106.7693129, -6.2760624 ], [ 106.7693571, -6.2758354 ], [ 106.7694529, -6.2756597 ], [ 106.7694087, -6.2754839 ], [ 106.7692392, -6.2752203 ], [ 106.7690477, -6.2750592 ], [ 106.7688046, -6.2748908 ], [ 106.7684952, -6.2747516 ], [ 106.768311, -6.2745759 ], [ 106.768376, -6.2741575 ], [ 106.7685025, -6.2739173 ], [ 106.7686191, -6.2737796 ], [ 106.7688535, -6.2736377 ], [ 106.7691075, -6.2736258 ], [ 106.769314, -6.2736327 ], [ 106.7695052, -6.2737263 ], [ 106.7696739, -6.2738509 ], [ 106.7699023, -6.2740193 ], [ 106.7700938, -6.2742756 ], [ 106.7703517, -6.2743415 ], [ 106.7707127, -6.2742024 ], [ 106.7709263, -6.2738509 ], [ 106.7709779, -6.2736166 ], [ 106.7711834, -6.272985 ], [ 106.7716049, -6.2722864 ], [ 106.7716483, -6.272093 ], [ 106.7715799, -6.2719394 ], [ 106.7714698, -6.2717923 ], [ 106.7710043, -6.2714844 ], [ 106.7709216, -6.2713498 ], [ 106.7708817, -6.27117 ], [ 106.7710891, -6.2707701 ], [ 106.7712479, -6.2703557 ], [ 106.7712137, -6.270142 ], [ 106.7710941, -6.2700275 ], [ 106.7708085, -6.2699066 ], [ 106.7699172, -6.2696186 ], [ 106.7697177, -6.2694481 ], [ 106.7696795, -6.2693543 ], [ 106.769611, -6.2691421 ], [ 106.7696444, -6.2690397 ], [ 106.769604, -6.2687628 ], [ 106.7695408, -6.2686146 ], [ 106.7694851, -6.2684245 ], [ 106.7693746, -6.2682048 ], [ 106.7692936, -6.2679558 ], [ 106.7692613, -6.2677801 ], [ 106.7693416, -6.2676263 ], [ 106.7695855, -6.2673846 ], [ 106.7697027, -6.267063 ], [ 106.7696144, -6.266856 ], [ 106.7694738, -6.2665903 ], [ 106.7692968, -6.2661832 ], [ 106.769229, -6.2660071 ], [ 106.7692186, -6.2658052 ], [ 106.7692863, -6.2656188 ], [ 106.7693905, -6.2653236 ], [ 106.769453, -6.2650647 ], [ 106.769492, -6.2648975 ], [ 106.7695576, -6.264736 ], [ 106.7698267, -6.2643928 ] ] ] } },
{ "type": "Feature", "properties": { "full_id": "w28830812", "osm_id": "28830812", "osm_type": "way", "waterway": "river", "admin_leve": null, "ele": null, "name_ja": null, "boundary": null, "salt": null, "fishing": null, "name_id": null, "man_made": null, "addr_city": null, "embankment": null, "width": null, "tidal": null, "intermitte": null, "tunnel": null, "wikidata": null, "name_nl": null, "wikipedia": null, "boat": null, "name_en": null, "name": "Sungai Rawa Malang", "layer": null, "alt_name": null, "path": null }, "geometry": { "type": "MultiLineString", "coordinates": [ [ [ 106.9292986, -6.1867634 ], [ 106.9291699, -6.1863367 ], [ 106.9288641, -6.1839688 ], [ 106.9288273, -6.1836341 ], [ 106.927834, -6.1746075 ], [ 106.9279193, -6.1738648 ], [ 106.9280051, -6.1733102 ], [ 106.9282626, -6.1725422 ], [ 106.9362448, -6.1577793 ], [ 106.937301, -6.1554833 ], [ 106.9379449, -6.1543042 ], [ 106.9394188, -6.1518448 ], [ 106.9405793, -6.1510804 ], [ 106.9406517, -6.1509244 ], [ 106.9408368, -6.1505258 ], [ 106.9409226, -6.1495871 ], [ 106.940875, -6.1358931 ], [ 106.9408428, -6.1347091 ], [ 106.9408107, -6.129514 ], [ 106.9408797, -6.1247961 ], [ 106.9408368, -6.1137444 ], [ 106.9408796, -6.1066244 ], [ 106.9409226, -6.1035885 ], [ 106.9408321, -6.1023752 ], [ 106.9403922, -6.0997668 ], [ 106.9399478, -6.0983591 ], [ 106.9398719, -6.0981186 ], [ 106.9397646, -6.0975479 ], [ 106.9397671, -6.0973945 ] ] ] } },
{ "type": "Feature", "properties": { "full_id": "w28809562", "osm_id": "28809562", "osm_type": "way", "waterway": "river", "admin_leve": null, "ele": null, "name_ja": null, "boundary": null, "salt": null, "fishing": null, "name_id": null, "man_made": null, "addr_city": null, "embankment": null, "width": null, "tidal": null, "intermitte": null, "tunnel": null, "wikidata": null, "name_nl": null, "wikipedia": null, "boat": null, "name_en": null, "name": "Sungai Sunter", "layer": null, "alt_name": null, "path": null }, "geometry": { "type": "MultiLineString", "coordinates": [ [ [ 106.8920173, -6.2395089 ], [ 106.8921011, -6.2390785 ], [ 106.8923592, -6.2384865 ], [ 106.8926966, -6.2382892 ], [ 106.8927959, -6.2380426 ], [ 106.8928058, -6.2378058 ], [ 106.8926867, -6.2376676 ], [ 106.8924783, -6.2376084 ], [ 106.8922513, -6.2374632 ], [ 106.8922637, -6.2372554 ], [ 106.8922897, -6.2370855 ], [ 106.892379, -6.2369573 ], [ 106.8924981, -6.2368882 ], [ 106.8927058, -6.236764 ], [ 106.8928554, -6.236612 ], [ 106.8930142, -6.2364048 ], [ 106.8930341, -6.236168 ], [ 106.8929844, -6.2359509 ], [ 106.8928455, -6.235724 ], [ 106.8929944, -6.2355563 ], [ 106.8930341, -6.2353984 ], [ 106.892905, -6.2352603 ], [ 106.8927462, -6.2351814 ], [ 106.8925874, -6.2351814 ], [ 106.8924187, -6.2353294 ], [ 106.892379, -6.2355168 ], [ 106.89225, -6.2357043 ], [ 106.892111, -6.2357536 ], [ 106.8920217, -6.2355859 ], [ 106.891982, -6.23528 ], [ 106.8919125, -6.2351419 ], [ 106.8919026, -6.2349051 ], [ 106.8920912, -6.2346782 ], [ 106.8920515, -6.2344118 ], [ 106.891525, -6.2325366 ], [ 106.8913456, -6.2323028 ], [ 106.8909399, -6.2319749 ], [ 106.8907949, -6.2318456 ], [ 106.8906521, -6.2317184 ], [ 106.8904834, -6.2314224 ], [ 106.89035, -6.2313243 ], [ 106.8902551, -6.2312546 ], [ 106.8902156, -6.2312363 ], [ 106.8901436, -6.2312028 ], [ 106.8900916, -6.2311786 ], [ 106.8900483, -6.2310819 ], [ 106.8900635, -6.2309052 ], [ 106.8900614, -6.2307723 ], [ 106.8900542, -6.2306238 ], [ 106.8900467, -6.2305929 ], [ 106.8900352, -6.230485 ], [ 106.8900242, -6.2303586 ], [ 106.8900359, -6.2302303 ], [ 106.8900517, -6.2301715 ], [ 106.8900601, -6.2301149 ], [ 106.8900698, -6.2299328 ], [ 106.8900457, -6.2297892 ], [ 106.8900333, -6.229628 ], [ 106.8901203, -6.2294673 ], [ 106.8902543, -6.2292766 ], [ 106.8903384, -6.2291204 ], [ 106.8903951, -6.2290638 ], [ 106.8904978, -6.2290377 ], [ 106.8907151, -6.228907 ], [ 106.8907875, -6.2287737 ], [ 106.8909136, -6.2287044 ], [ 106.8915117, -6.2285657 ], [ 106.8917316, -6.2284991 ], [ 106.8917531, -6.2284031 ], [ 106.8917209, -6.2283071 ], [ 106.891635, -6.2282538 ], [ 106.8915492, -6.2281844 ], [ 106.8914312, -6.2280511 ], [ 106.8913615, -6.2279765 ], [ 106.8913293, -6.2278645 ], [ 106.8913615, -6.2277632 ], [ 106.8914151, -6.2276618 ], [ 106.8914044, -6.2275925 ], [ 106.8914097, -6.2274539 ], [ 106.8914205, -6.2273205 ], [ 106.8915117, -6.2272672 ], [ 106.8916189, -6.2272139 ], [ 106.891678, -6.2271819 ], [ 106.8917209, -6.2271126 ], [ 106.8919086, -6.2268353 ], [ 106.8920427, -6.2267393 ], [ 106.89215, -6.2266966 ], [ 106.8923056, -6.2266913 ], [ 106.8924236, -6.2266913 ], [ 106.8926275, -6.2266699 ], [ 106.8927602, -6.2265713 ], [ 106.8928367, -6.2265206 ], [ 106.8928635, -6.2264246 ], [ 106.8928903, -6.2263233 ], [ 106.892944, -6.2261847 ], [ 106.8929815, -6.226062 ], [ 106.8929815, -6.2259074 ], [ 106.8929976, -6.225758 ], [ 106.893062, -6.2256887 ], [ 106.8930888, -6.2256034 ], [ 106.8931424, -6.2255287 ], [ 106.8931746, -6.2254487 ], [ 106.8933087, -6.2253421 ], [ 106.8934214, -6.2252994 ], [ 106.8934769, -6.2252026 ], [ 106.8934482, -6.2251128 ], [ 106.8933785, -6.2250168 ], [ 106.8932926, -6.2249475 ], [ 106.8932926, -6.2248408 ], [ 106.8933356, -6.2247235 ], [ 106.8933677, -6.2246488 ], [ 106.8934212, -6.2245902 ], [ 106.8934641, -6.2245049 ], [ 106.8934588, -6.2243876 ], [ 106.8934427, -6.2242969 ], [ 106.8934266, -6.2240249 ], [ 106.8934588, -6.2239183 ], [ 106.8935768, -6.2235397 ], [ 106.8936304, -6.2234117 ], [ 106.8936573, -6.2232784 ], [ 106.8936465, -6.2232197 ], [ 106.8935822, -6.2229584 ], [ 106.8936465, -6.2228037 ], [ 106.8936948, -6.2226384 ], [ 106.8938021, -6.2225318 ], [ 106.8940274, -6.2222278 ], [ 106.8941615, -6.2220891 ], [ 106.8942259, -6.2220518 ], [ 106.8945169, -6.2218158 ], [ 106.8948119, -6.2216225 ], [ 106.8950427, -6.2215586 ], [ 106.8952612, -6.2214652 ], [ 106.8954061, -6.2213639 ], [ 106.8955133, -6.2213692 ], [ 106.8956568, -6.2213572 ], [ 106.895689, -6.2213278 ], [ 106.8957025, -6.2212559 ], [ 106.8957306, -6.2211879 ], [ 106.8958138, -6.2208946 ], [ 106.8959385, -6.2205986 ], [ 106.8960022, -6.2204335 ], [ 106.8961302, -6.219948 ], [ 106.8961691, -6.2197494 ], [ 106.8961906, -6.2195814 ], [ 106.8961356, -6.2194668 ], [ 106.8960565, -6.2193827 ], [ 106.8959908, -6.2192694 ], [ 106.895964, -6.2191561 ], [ 106.895964, -6.2190228 ], [ 106.8959532, -6.2188788 ], [ 106.8959036, -6.2188128 ], [ 106.8958682, -6.2187831 ], [ 106.8957648, -6.2187134 ], [ 106.8955181, -6.2185731 ], [ 106.8951552, -6.2184415 ], [ 106.895115, -6.2183615 ], [ 106.8950449, -6.2182242 ], [ 106.895029, -6.2179772 ], [ 106.8950473, -6.2179135 ], [ 106.8950788, -6.2177202 ], [ 106.8951432, -6.2176256 ], [ 106.89517, -6.2175296 ], [ 106.8951915, -6.2174282 ], [ 106.8951968, -6.2173376 ], [ 106.8952076, -6.2172309 ], [ 106.8952398, -6.2171669 ], [ 106.8952827, -6.2170763 ], [ 106.8953363, -6.2169909 ], [ 106.8954061, -6.2169643 ], [ 106.8955294, -6.2169483 ], [ 106.8956099, -6.2169323 ], [ 106.8957386, -6.2169856 ], [ 106.8958084, -6.2170016 ], [ 106.8959049, -6.2169963 ], [ 106.8959425, -6.2169216 ], [ 106.8959264, -6.2168523 ], [ 106.8959157, -6.2166816 ], [ 106.8960406, -6.2165593 ], [ 106.89608, -6.2164507 ], [ 106.8961434, -6.2164101 ], [ 106.8961559, -6.2163562 ], [ 106.8961685, -6.2162086 ], [ 106.8961649, -6.2160814 ], [ 106.896082, -6.215764 ], [ 106.8959569, -6.2155353 ], [ 106.8958382, -6.2146087 ], [ 106.8957569, -6.2136182 ], [ 106.8957636, -6.2130729 ], [ 106.8957616, -6.2130054 ], [ 106.8957556, -6.2128022 ], [ 106.8957782, -6.2126298 ], [ 106.8958059, -6.212478 ], [ 106.8959205, -6.2123329 ], [ 106.8961411, -6.212138 ], [ 106.8964469, -6.2118661 ], [ 106.8970102, -6.2114767 ], [ 106.897597, -6.2107237 ], [ 106.8976828, -6.2104785 ], [ 106.8976916, -6.2103344 ], [ 106.8976507, -6.2102131 ], [ 106.8975334, -6.2101451 ], [ 106.8973972, -6.2101198 ], [ 106.897174, -6.2101558 ], [ 106.8969694, -6.2101718 ], [ 106.8968575, -6.2101438 ], [ 106.8967775, -6.2100758 ], [ 106.8968213, -6.2098584 ], [ 106.8969184, -6.2096092 ], [ 106.8969741, -6.2091198 ], [ 106.8969599, -6.2085945 ], [ 106.8969332, -6.2084859 ], [ 106.8968957, -6.2083872 ], [ 106.8968642, -6.2083239 ], [ 106.896748, -6.2080572 ], [ 106.8967816, -6.2078119 ], [ 106.8970927, -6.20746 ], [ 106.8971585, -6.2072893 ], [ 106.8971498, -6.2070893 ], [ 106.8971088, -6.2068613 ], [ 106.897013, -6.206472 ], [ 106.8966636, -6.2054121 ], [ 106.8971357, -6.2037269 ], [ 106.8975219, -6.2030016 ], [ 106.897576, -6.2028684 ], [ 106.8977368, -6.2025957 ], [ 106.8980068, -6.2022835 ], [ 106.8981975, -6.2021486 ], [ 106.8984124, -6.2021163 ], [ 106.89926, -6.202159 ], [ 106.9002529, -6.2019689 ], [ 106.9005214, -6.2018613 ], [ 106.9006802, -6.2017924 ], [ 106.9007564, -6.2017165 ], [ 106.9008717, -6.2014728 ], [ 106.900922, -6.2013428 ], [ 106.9009505, -6.2011038 ], [ 106.9009333, -6.200945 ], [ 106.9008704, -6.200804 ], [ 106.9007675, -6.2006635 ], [ 106.9007198, -6.2005594 ], [ 106.9007107, -6.2004393 ], [ 106.9007599, -6.2003109 ], [ 106.9009425, -6.2001179 ], [ 106.9011082, -6.1999604 ], [ 106.90116, -6.1997653 ], [ 106.9012198, -6.1994824 ], [ 106.9014148, -6.1991775 ], [ 106.901526, -6.1990195 ], [ 106.9016371, -6.1988614 ], [ 106.9016215, -6.1987528 ], [ 106.9015754, -6.1986634 ], [ 106.9013092, -6.1982979 ], [ 106.9012747, -6.1978183 ], [ 106.9012874, -6.1973969 ], [ 106.9013722, -6.1969553 ], [ 106.9014526, -6.1963753 ], [ 106.9016274, -6.1962903 ], [ 106.9020696, -6.1962406 ], [ 106.902425, -6.1959086 ], [ 106.9026181, -6.1954074 ], [ 106.9024679, -6.1948527 ], [ 106.9017751, -6.1939965 ], [ 106.9017171, -6.1938434 ], [ 106.9017255, -6.1931258 ], [ 106.9018328, -6.1924326 ], [ 106.9019491, -6.1922287 ], [ 106.9030183, -6.1921072 ], [ 106.9042341, -6.1915933 ], [ 106.904399, -6.191398 ], [ 106.9044312, -6.1912474 ], [ 106.9043892, -6.1909805 ], [ 106.9043541, -6.1907579 ], [ 106.9043896, -6.1904495 ], [ 106.9046008, -6.189414 ], [ 106.9046112, -6.1892261 ], [ 106.90473, -6.188973 ], [ 106.905044, -6.1881695 ], [ 106.9051094, -6.1878559 ], [ 106.9051353, -6.1876667 ], [ 106.9050353, -6.187366 ], [ 106.9049774, -6.1871671 ], [ 106.9049817, -6.1869287 ], [ 106.9051695, -6.1864594 ], [ 106.9051904, -6.1862475 ], [ 106.9051982, -6.1861688 ], [ 106.9051587, -6.1859634 ], [ 106.9048047, -6.1854248 ], [ 106.9046631, -6.1851048 ], [ 106.9048772, -6.1843496 ], [ 106.9048369, -6.1838728 ], [ 106.9047846, -6.1837621 ], [ 106.904757, -6.1837037 ], [ 106.9040879, -6.1822878 ], [ 106.9039678, -6.1819688 ], [ 106.9038176, -6.1811102 ], [ 106.9038284, -6.1807102 ], [ 106.9038355, -6.1804795 ], [ 106.9037915, -6.1803644 ], [ 106.9037035, -6.1802901 ], [ 106.9035729, -6.1802397 ], [ 106.9031363, -6.1802462 ], [ 106.9022962, -6.1795257 ], [ 106.9022307, -6.1794695 ], [ 106.9021945, -6.1794347 ], [ 106.901608, -6.178871 ], [ 106.9012508, -6.1787516 ], [ 106.900894, -6.1787795 ], [ 106.9002796, -6.1789987 ], [ 106.899943, -6.1791045 ], [ 106.8998608, -6.1790877 ], [ 106.8990229, -6.178642 ], [ 106.8987554, -6.1785299 ], [ 106.8984103, -6.1785289 ], [ 106.8976915, -6.1786463 ], [ 106.8975321, -6.1785487 ], [ 106.8974015, -6.1783974 ], [ 106.8973452, -6.1781626 ], [ 106.897264, -6.1778281 ], [ 106.8971538, -6.1776391 ], [ 106.8970723, -6.177535 ], [ 106.8970316, -6.177483 ], [ 106.8969908, -6.177431 ], [ 106.8968232, -6.1772284 ], [ 106.8965864, -6.1770356 ], [ 106.8952131, -6.1761822 ], [ 106.8948805, -6.1758729 ], [ 106.8944514, -6.1754782 ], [ 106.8936595, -6.1749279 ], [ 106.893468, -6.1747837 ], [ 106.8929514, -6.1743945 ], [ 106.8917712, -6.1729653 ], [ 106.888529, -6.1709983 ], [ 106.8878493, -6.1706187 ], [ 106.8869626, -6.1701236 ], [ 106.8816148, -6.1667587 ], [ 106.8810886, -6.1664276 ], [ 106.8807727, -6.1660417 ], [ 106.8806219, -6.1657876 ], [ 106.8805836, -6.1655375 ], [ 106.8805785, -6.1652393 ], [ 106.8806111, -6.1650143 ], [ 106.8806654, -6.1647335 ], [ 106.8807507, -6.1644718 ], [ 106.8808794, -6.1641715 ], [ 106.8813867, -6.1634179 ], [ 106.8820719, -6.1623959 ], [ 106.8821059, -6.1623381 ], [ 106.8835159, -6.1599431 ] ], [ [ 106.8836178, -6.159766 ], [ 106.8891955, -6.1503144 ], [ 106.8898287, -6.1488176 ], [ 106.8902815, -6.1472884 ], [ 106.8911583, -6.1436172 ], [ 106.891367, -6.142664 ], [ 106.8924329, -6.1381282 ], [ 106.8927253, -6.1368905 ], [ 106.8943027, -6.1302143 ], [ 106.8945761, -6.1291233 ], [ 106.8948962, -6.128227 ], [ 106.894965, -6.1277472 ], [ 106.8949469, -6.1272004 ], [ 106.8959994, -6.1233599 ], [ 106.8961523, -6.1219502 ], [ 106.8962913, -6.1174009 ], [ 106.896251, -6.116244 ], [ 106.8964055, -6.1149724 ], [ 106.8965257, -6.1143665 ], [ 106.896766, -6.1138544 ], [ 106.8972123, -6.1132485 ], [ 106.8977273, -6.1127364 ], [ 106.8982595, -6.1122926 ], [ 106.8991006, -6.1119939 ], [ 106.9030511, -6.1120322 ], [ 106.9065421, -6.1120136 ], [ 106.9068168, -6.1117976 ], [ 106.9068082, -6.1109698 ], [ 106.9068189, -6.1085268 ], [ 106.9068372, -6.1083536 ] ], [ [ 106.9191437, -6.3335404 ], [ 106.9191813, -6.3331405 ], [ 106.9192376, -6.33273 ], [ 106.919361, -6.3322101 ], [ 106.9194334, -6.3318769 ], [ 106.9196048, -6.3311111 ], [ 106.9197093, -6.3299116 ], [ 106.9197925, -6.329857 ], [ 106.9199321, -6.3290707 ], [ 106.9200341, -6.328539 ], [ 106.9200574, -6.3283894 ], [ 106.9201033, -6.3281867 ], [ 106.9201416, -6.3279785 ], [ 106.9201491, -6.3278697 ], [ 106.9201388, -6.327734 ], [ 106.9201313, -6.327681 ], [ 106.9200911, -6.3276187 ], [ 106.920035, -6.3275769 ], [ 106.9199508, -6.3275286 ], [ 106.9198395, -6.3274988 ], [ 106.9197264, -6.3274737 ], [ 106.9195973, -6.3273984 ], [ 106.9194533, -6.3273203 ], [ 106.9193017, -6.3272609 ], [ 106.9192017, -6.3272423 ], [ 106.9190258, -6.3272385 ], [ 106.9186798, -6.3272367 ], [ 106.9184609, -6.3272088 ], [ 106.9183768, -6.3271716 ], [ 106.9183646, -6.3271464 ], [ 106.9184424, -6.3269918 ], [ 106.9187294, -6.3267972 ], [ 106.9190808, -6.3265599 ], [ 106.9192202, -6.3264213 ], [ 106.9193007, -6.3262347 ], [ 106.9193087, -6.3260454 ], [ 106.9192336, -6.3258535 ], [ 106.9191264, -6.3257628 ], [ 106.91907, -6.3255656 ], [ 106.91918, -6.325227 ], [ 106.919357, -6.3251097 ], [ 106.9196789, -6.3250831 ], [ 106.9201456, -6.3250084 ], [ 106.9204138, -6.3250244 ], [ 106.9206525, -6.3249871 ], [ 106.9207008, -6.3249071 ], [ 106.9208966, -6.3246032 ], [ 106.9209824, -6.3245126 ], [ 106.9211139, -6.3244539 ], [ 106.9213687, -6.3243393 ], [ 106.9215484, -6.324198 ], [ 106.9216315, -6.3236675 ], [ 106.9216503, -6.3234409 ], [ 106.9216852, -6.323065 ], [ 106.9215457, -6.3226438 ], [ 106.9214626, -6.3224785 ], [ 106.9213526, -6.3221159 ], [ 106.9212453, -6.3218013 ], [ 106.9211139, -6.3215907 ], [ 106.9209208, -6.3214308 ], [ 106.9207276, -6.3213455 ], [ 106.920615, -6.3212788 ], [ 106.9204755, -6.3211162 ], [ 106.9206067, -6.3208953 ], [ 106.9206225, -6.3206207 ], [ 106.9207066, -6.320426 ], [ 106.9208221, -6.3201658 ], [ 106.9208586, -6.3200536 ], [ 106.9208829, -6.3199051 ], [ 106.9208838, -6.3197048 ], [ 106.9209127, -6.3196311 ], [ 106.9211132, -6.3194488 ], [ 106.9212231, -6.3193048 ], [ 106.92122, -6.3192003 ], [ 106.9210894, -6.3190027 ], [ 106.9208407, -6.3186872 ], [ 106.9207498, -6.3184222 ], [ 106.920802, -6.3181958 ], [ 106.9208771, -6.3180065 ], [ 106.9209875, -6.3179352 ], [ 106.9211078, -6.3179079 ], [ 106.9212659, -6.3180587 ], [ 106.9214167, -6.3180867 ], [ 106.9216133, -6.3179728 ], [ 106.9217354, -6.3178065 ], [ 106.9218883, -6.3177159 ], [ 106.9220339, -6.3175775 ], [ 106.9220889, -6.3174388 ], [ 106.9219719, -6.317168 ], [ 106.9219447, -6.317055 ], [ 106.9219787, -6.3169356 ], [ 106.9220848, -6.3167493 ], [ 106.9222206, -6.3165708 ], [ 106.9222833, -6.3163724 ], [ 106.9222583, -6.3162472 ], [ 106.9220949, -6.316047 ], [ 106.9219822, -6.3159111 ], [ 106.9219435, -6.315779 ], [ 106.9219654, -6.3156096 ], [ 106.9221128, -6.3153712 ], [ 106.9222815, -6.3151935 ], [ 106.9223845, -6.3150213 ], [ 106.9225898, -6.3146362 ], [ 106.9227961, -6.3142994 ], [ 106.9228244, -6.3141775 ], [ 106.9227929, -6.3140956 ], [ 106.9226011, -6.3140489 ], [ 106.9224508, -6.3140519 ], [ 106.9223924, -6.3139887 ], [ 106.9223074, -6.3139384 ], [ 106.9222687, -6.3138171 ], [ 106.9222493, -6.3136755 ], [ 106.9222163, -6.3135471 ], [ 106.9222175, -6.3133502 ], [ 106.9222176, -6.3131385 ], [ 106.9221639, -6.3130039 ], [ 106.922068, -6.3127632 ], [ 106.9220191, -6.312692 ], [ 106.9217187, -6.312364 ], [ 106.921594, -6.3122641 ], [ 106.9214612, -6.3122068 ], [ 106.9213244, -6.3122148 ], [ 106.9210213, -6.3122747 ], [ 106.9208926, -6.3122961 ], [ 106.9208268, -6.3122761 ], [ 106.9207652, -6.3121974 ], [ 106.9207075, -6.3121201 ], [ 106.9206538, -6.3119575 ], [ 106.9207061, -6.3117442 ], [ 106.9208657, -6.3111177 ], [ 106.92091, -6.3109564 ], [ 106.9209408, -6.3108165 ], [ 106.9209744, -6.3106312 ], [ 106.9210219, -6.31027 ], [ 106.9212044, -6.3097368 ], [ 106.9212218, -6.3096601 ], [ 106.9212372, -6.3095781 ], [ 106.9212419, -6.3093442 ], [ 106.9212298, -6.3091888 ], [ 106.9212037, -6.3090896 ], [ 106.921152, -6.3090122 ], [ 106.9210736, -6.3089357 ], [ 106.9209556, -6.308785 ], [ 106.9208758, -6.308671 ], [ 106.9208043, -6.3085651 ], [ 106.9207457, -6.3084524 ], [ 106.9207054, -6.3083517 ], [ 106.9206914, -6.3082744 ], [ 106.9207102, -6.3081972 ], [ 106.920751, -6.3081419 ], [ 106.9208027, -6.3080778 ], [ 106.9208664, -6.3080039 ], [ 106.9209603, -6.3079632 ], [ 106.9210812, -6.3079259 ], [ 106.9211527, -6.3078732 ], [ 106.9211715, -6.3078439 ], [ 106.9211946, -6.307812 ], [ 106.921191, -6.307752 ], [ 106.921138, -6.307652 ], [ 106.9210401, -6.3075013 ], [ 106.9209931, -6.3073734 ], [ 106.9209932, -6.3072934 ], [ 106.9210199, -6.3072427 ], [ 106.9210669, -6.307224 ], [ 106.9211366, -6.3072334 ], [ 106.9212037, -6.3072708 ], [ 106.9212935, -6.3073427 ], [ 106.921417, -6.3074427 ], [ 106.9215095, -6.3074567 ], [ 106.9215443, -6.3074201 ], [ 106.9215819, -6.307352 ], [ 106.921594, -6.3071241 ], [ 106.9215893, -6.3069715 ], [ 106.9215604, -6.3067709 ], [ 106.9215228, -6.3064829 ], [ 106.9215698, -6.3061869 ], [ 106.9216248, -6.3060443 ], [ 106.9216296, -6.3058485 ], [ 106.9215994, -6.3057584 ], [ 106.9214159, -6.305564 ], [ 106.9213928, -6.3055058 ], [ 106.9215035, -6.3053579 ], [ 106.9217704, -6.3050899 ], [ 106.9218236, -6.3049555 ], [ 106.921845, -6.3048789 ], [ 106.9218236, -6.3048349 ], [ 106.9217938, -6.3048106 ], [ 106.9216224, -6.3047096 ], [ 106.9214746, -6.3045681 ], [ 106.9214853, -6.3044961 ], [ 106.921714, -6.3042195 ], [ 106.9216812, -6.3038542 ], [ 106.9216919, -6.303635 ], [ 106.9217402, -6.3035603 ], [ 106.921834, -6.303459 ], [ 106.921826, -6.3033657 ], [ 106.9217428, -6.3033151 ], [ 106.9214424, -6.3032991 ], [ 106.9213861, -6.3032137 ], [ 106.9212815, -6.3028725 ], [ 106.9210964, -6.3022726 ], [ 106.9210481, -6.3020354 ], [ 106.9209596, -6.3018594 ], [ 106.9207236, -6.3018541 ], [ 106.9206083, -6.3018008 ], [ 106.9205975, -6.3016568 ], [ 106.9206324, -6.3015208 ], [ 106.920729, -6.3014275 ], [ 106.9209757, -6.3014169 ], [ 106.9210857, -6.3013795 ], [ 106.9211447, -6.3012702 ], [ 106.9211259, -6.3011129 ], [ 106.9210294, -6.3007584 ], [ 106.9209301, -6.3004438 ], [ 106.920729, -6.3001292 ], [ 106.9205814, -6.2999852 ], [ 106.9204339, -6.3000172 ], [ 106.9202408, -6.3001878 ], [ 106.9199672, -6.3004091 ], [ 106.9196373, -6.3005877 ], [ 106.9194335, -6.3007064 ], [ 106.9192149, -6.3006237 ], [ 106.9191572, -6.3004731 ], [ 106.9193074, -6.2999532 ], [ 106.9192685, -6.2996226 ], [ 106.9192175, -6.2994067 ], [ 106.9192779, -6.2992721 ], [ 106.9192873, -6.2990748 ], [ 106.919235, -6.2989401 ], [ 106.9191237, -6.2988775 ], [ 106.918956, -6.2988948 ], [ 106.9187106, -6.2990721 ], [ 106.9182962, -6.2994187 ], [ 106.9182466, -6.299668 ], [ 106.9181607, -6.2997159 ], [ 106.9179408, -6.2996466 ], [ 106.9178389, -6.299492 ], [ 106.9178013, -6.2990335 ], [ 106.9177745, -6.2985589 ], [ 106.9177906, -6.2982603 ], [ 106.9177531, -6.2980524 ], [ 106.9176672, -6.2979724 ], [ 106.9174848, -6.2979937 ], [ 106.9173078, -6.2981803 ], [ 106.9172542, -6.2981963 ], [ 106.9169913, -6.2981483 ], [ 106.9167982, -6.2979617 ], [ 106.9166373, -6.2977698 ], [ 106.9162564, -6.2976578 ], [ 106.9159774, -6.2975032 ], [ 106.9156985, -6.2972312 ], [ 106.9155107, -6.2970819 ], [ 106.9151567, -6.2970233 ], [ 106.914867, -6.2970606 ], [ 106.9146578, -6.2972206 ], [ 106.9146041, -6.2974285 ], [ 106.914572, -6.2978177 ], [ 106.9145237, -6.2979884 ], [ 106.9142769, -6.2980843 ], [ 106.9139926, -6.2980843 ], [ 106.9138424, -6.2980897 ], [ 106.9136761, -6.2981697 ], [ 106.91366, -6.298319 ], [ 106.9137244, -6.2985216 ], [ 106.9137351, -6.2987029 ], [ 106.9136654, -6.2988415 ], [ 106.9133381, -6.2989268 ], [ 106.9130646, -6.2988948 ], [ 106.9128285, -6.2987029 ], [ 106.9125871, -6.2984256 ], [ 106.9124101, -6.298255 ], [ 106.9122813, -6.2982017 ], [ 106.9120775, -6.298239 ], [ 106.9119219, -6.2981697 ], [ 106.91182, -6.2979724 ], [ 106.9117664, -6.2976525 ], [ 106.9117664, -6.2972845 ], [ 106.9117825, -6.2971246 ], [ 106.9118897, -6.296906 ], [ 106.9119219, -6.29673 ], [ 106.911938, -6.2966074 ], [ 106.9119166, -6.2964527 ], [ 106.91182, -6.2963301 ], [ 106.9116162, -6.2962501 ], [ 106.9113426, -6.2962181 ], [ 106.9112299, -6.2960848 ], [ 106.9111816, -6.2958715 ], [ 106.911246, -6.2957116 ], [ 106.9114552, -6.2955303 ], [ 106.9116376, -6.2953597 ], [ 106.911879, -6.2950824 ], [ 106.9120078, -6.2950184 ], [ 106.9122116, -6.2949704 ], [ 106.9123672, -6.2949544 ], [ 106.912453, -6.2948691 ], [ 106.9124852, -6.2947891 ], [ 106.9124637, -6.2945705 ], [ 106.9123994, -6.2944319 ], [ 106.9122277, -6.2943519 ], [ 106.9118468, -6.2943146 ], [ 106.9114713, -6.2945918 ], [ 106.9112085, -6.2945705 ], [ 106.9109563, -6.2943999 ], [ 106.9108115, -6.2943306 ], [ 106.9106559, -6.294144 ], [ 106.910495, -6.294128 ], [ 106.9103287, -6.2942399 ], [ 106.9102536, -6.29408 ], [ 106.9102375, -6.293968 ], [ 106.9102697, -6.2936001 ], [ 106.910259, -6.2932908 ], [ 106.9103549, -6.2930405 ], [ 106.9103877, -6.2929549 ], [ 106.9105165, -6.2928856 ], [ 106.9106827, -6.2929869 ], [ 106.9108437, -6.2930669 ], [ 106.9110207, -6.2930189 ], [ 106.9112031, -6.2928696 ], [ 106.9113748, -6.2926003 ], [ 106.911537, -6.2923097 ], [ 106.9117704, -6.2919098 ], [ 106.9116443, -6.2916672 ], [ 106.91147, -6.2914246 ], [ 106.9113117, -6.2914112 ], [ 106.9111548, -6.2917445 ], [ 106.9111642, -6.2919071 ], [ 106.9112769, -6.2921097 ], [ 106.9112567, -6.2922511 ], [ 106.9110368, -6.2922297 ], [ 106.910833, -6.2921871 ], [ 106.9106452, -6.2920591 ], [ 106.9105272, -6.2917392 ], [ 106.9105004, -6.2915792 ], [ 106.9105111, -6.2913926 ], [ 106.9105808, -6.2912753 ], [ 106.9106667, -6.2912113 ], [ 106.9112514, -6.2910033 ], [ 106.9116376, -6.2905714 ], [ 106.9118576, -6.2902995 ], [ 106.9118093, -6.2901609 ], [ 106.9116162, -6.2901875 ], [ 106.9114338, -6.2901822 ], [ 106.911187, -6.2905448 ], [ 106.9110368, -6.2907687 ], [ 106.9109241, -6.2908167 ], [ 106.9106935, -6.2906301 ], [ 106.9105916, -6.2904648 ], [ 106.9106506, -6.2902089 ], [ 106.9107632, -6.2899796 ], [ 106.9108008, -6.2898036 ], [ 106.9106774, -6.2897396 ], [ 106.9104896, -6.2898036 ], [ 106.910275, -6.2899876 ], [ 106.9101088, -6.2903208 ], [ 106.9099492, -6.2905515 ], [ 106.9099143, -6.2905861 ], [ 106.9097266, -6.2907328 ], [ 106.9095871, -6.2907541 ], [ 106.9095147, -6.2907221 ], [ 106.9094717, -6.2905701 ], [ 106.9094932, -6.2903968 ], [ 106.9095334, -6.2902742 ], [ 106.9096915, -6.2900726 ], [ 106.9098374, -6.2899969 ], [ 106.9099812, -6.2899447 ], [ 106.9100617, -6.2898114 ], [ 106.9100791, -6.2896647 ], [ 106.9101047, -6.2895743 ], [ 106.9101338, -6.289369 ], [ 106.9101485, -6.2892038 ], [ 106.9100574, -6.2889798 ], [ 106.9099273, -6.2888145 ], [ 106.9098618, -6.2887568 ], [ 106.9097881, -6.2886823 ], [ 106.9097317, -6.2885663 ], [ 106.9097304, -6.2884969 ], [ 106.9097573, -6.288433 ], [ 106.909866, -6.2882746 ], [ 106.9099785, -6.2881384 ], [ 106.9100965, -6.2879624 ], [ 106.910126, -6.2877904 ], [ 106.9101542, -6.2876811 ], [ 106.9101452, -6.2876141 ], [ 106.910122, -6.2875571 ], [ 106.9100804, -6.2875024 ], [ 106.9100616, -6.2874518 ], [ 106.9100627, -6.2873828 ], [ 106.9100751, -6.2873399 ], [ 106.9101367, -6.2872705 ], [ 106.9101958, -6.2872213 ], [ 106.9103044, -6.2871518 ], [ 106.9104116, -6.2870799 ], [ 106.9104814, -6.2870319 ], [ 106.9105201, -6.2869416 ], [ 106.9104935, -6.2868772 ], [ 106.9104465, -6.2868227 ], [ 106.9102749, -6.2867519 ], [ 106.9100938, -6.2867187 ], [ 106.9098042, -6.2866547 ], [ 106.9095907, -6.2865471 ], [ 106.9095667, -6.2865107 ], [ 106.9095612, -6.2864657 ], [ 106.9095989, -6.2863973 ], [ 106.9096765, -6.2863497 ], [ 106.9099568, -6.2861964 ], [ 106.9100589, -6.2861027 ], [ 106.9101153, -6.2860095 ], [ 106.9101233, -6.2859308 ], [ 106.9100884, -6.2858683 ], [ 106.9100308, -6.2858295 ], [ 106.9099624, -6.2858068 ], [ 106.909816, -6.2857899 ], [ 106.9095024, -6.2857229 ], [ 106.9093321, -6.2856748 ], [ 106.9091789, -6.2856219 ], [ 106.9091121, -6.2855815 ], [ 106.9090599, -6.2855429 ], [ 106.9090115, -6.2854362 ], [ 106.9089753, -6.2852604 ], [ 106.9089592, -6.285023 ], [ 106.908908, -6.2847928 ], [ 106.9089048, -6.284778 ], [ 106.908786, -6.2842329 ], [ 106.9087673, -6.2841041 ], [ 106.9085929, -6.2828998 ], [ 106.908565, -6.2827889 ], [ 106.9084631, -6.2826876 ], [ 106.9080725, -6.2825745 ], [ 106.9080028, -6.2825212 ], [ 106.9079856, -6.2824372 ], [ 106.90805, -6.282208 ], [ 106.9081154, -6.2821106 ], [ 106.9084641, -6.2818814 ], [ 106.9086723, -6.2816961 ], [ 106.9087259, -6.2816161 ], [ 106.9087903, -6.2814774 ], [ 106.909021, -6.2807896 ], [ 106.9090596, -6.2806496 ], [ 106.9090649, -6.2805376 ], [ 106.9089995, -6.2804217 ], [ 106.9088665, -6.2803617 ], [ 106.908683, -6.2802084 ], [ 106.9086508, -6.2800857 ], [ 106.9086304, -6.2798764 ], [ 106.9087098, -6.2796965 ], [ 106.9087366, -6.2795099 ], [ 106.9086342, -6.2791958 ], [ 106.9086079, -6.2789446 ], [ 106.9087742, -6.2786034 ], [ 106.9089673, -6.2782301 ], [ 106.9089577, -6.2780315 ], [ 106.9087903, -6.2777502 ], [ 106.9087699, -6.2775303 ], [ 106.9088504, -6.2773703 ], [ 106.9090853, -6.2772223 ], [ 106.9091615, -6.277061 ], [ 106.9093214, -6.2759479 ], [ 106.9094029, -6.2757866 ], [ 106.90936, -6.27568 ], [ 106.9092473, -6.2755093 ], [ 106.909257, -6.2754254 ], [ 106.9094608, -6.2751747 ], [ 106.9094179, -6.2750308 ], [ 106.9093589, -6.2748548 ], [ 106.9092151, -6.2746295 ], [ 106.9091068, -6.2744549 ], [ 106.9091454, -6.2742349 ], [ 106.9093214, -6.2735964 ], [ 106.9094029, -6.2735151 ], [ 106.9095949, -6.2734311 ], [ 106.9097505, -6.2732871 ], [ 106.9097398, -6.2731111 ], [ 106.9097505, -6.2729192 ], [ 106.9098793, -6.2728392 ], [ 106.9100627, -6.2727632 ], [ 106.9100241, -6.2726206 ], [ 106.9098803, -6.2724859 ], [ 106.9098149, -6.2723593 ], [ 106.9097452, -6.272258 ], [ 106.9096604, -6.2722353 ], [ 106.9095585, -6.272278 ], [ 106.9095574, -6.2724819 ], [ 106.9094823, -6.2726206 ], [ 106.9092205, -6.2727739 ], [ 106.9088064, -6.2728872 ], [ 106.9085929, -6.2728592 ], [ 106.9084738, -6.2727752 ], [ 106.9083933, -6.2726419 ], [ 106.9083826, -6.2723966 ], [ 106.9084684, -6.2721353 ], [ 106.9084899, -6.2720233 ], [ 106.9083515, -6.271958 ], [ 106.9081905, -6.272038 ], [ 106.9080071, -6.2720553 ], [ 106.907815, -6.272022 ], [ 106.907788, -6.2720203 ], [ 106.9076627, -6.2720123 ], [ 106.9075596, -6.2720271 ], [ 106.9074503, -6.2720807 ], [ 106.907332, -6.2721593 ], [ 106.9072507, -6.27221 ], [ 106.9072218, -6.2722243 ], [ 106.9071152, -6.2722769 ], [ 106.9070073, -6.2722362 ], [ 106.9067897, -6.2720851 ], [ 106.9066445, -6.271938 ], [ 106.9066295, -6.2718034 ], [ 106.9066013, -6.2717115 ], [ 106.9065665, -6.2716325 ], [ 106.9065482, -6.2715594 ], [ 106.9064886, -6.2715754 ], [ 106.9062862, -6.2716701 ], [ 106.9062828, -6.2716727 ], [ 106.9061888, -6.2717461 ], [ 106.9060654, -6.2717194 ], [ 106.9060164, -6.2715793 ], [ 106.9058631, -6.271432 ], [ 106.9057317, -6.2713547 ], [ 106.9056989, -6.2712656 ], [ 106.905668, -6.2711821 ], [ 106.9055834, -6.2708809 ], [ 106.9056095, -6.2707009 ], [ 106.9056202, -6.2705836 ], [ 106.9055612, -6.2703117 ], [ 106.905427, -6.2702583 ], [ 106.905283, -6.2703157 ], [ 106.9051331, -6.2703772 ], [ 106.9051288, -6.2703754 ], [ 106.9047434, -6.2702131 ], [ 106.9045956, -6.2701784 ], [ 106.9044858, -6.2702808 ], [ 106.9043925, -6.2703797 ], [ 106.9042423, -6.270369 ], [ 106.9041952, -6.2702937 ], [ 106.904204, -6.2701677 ], [ 106.9042963, -6.2700318 ], [ 106.9044113, -6.2698547 ], [ 106.9045179, -6.2697321 ], [ 106.9046542, -6.2696555 ], [ 106.9047305, -6.2695745 ], [ 106.9048585, -6.2694818 ], [ 106.9048677, -6.2693291 ], [ 106.9049167, -6.2692231 ], [ 106.9050314, -6.2691577 ], [ 106.9050339, -6.2691563 ], [ 106.9052869, -6.2690564 ], [ 106.9052938, -6.2690529 ], [ 106.9056049, -6.2688973 ], [ 106.9056309, -6.2687546 ], [ 106.9055261, -6.2686506 ], [ 106.9054432, -6.268488 ], [ 106.9054271, -6.2683494 ], [ 106.9055407, -6.2680458 ], [ 106.905573, -6.2679594 ], [ 106.9055812, -6.2678895 ], [ 106.9055905, -6.267807 ], [ 106.9055177, -6.2677317 ], [ 106.9054356, -6.2677041 ], [ 106.9052774, -6.267836 ], [ 106.9052303, -6.2678823 ], [ 106.9051543, -6.2678895 ], [ 106.9049604, -6.2678055 ], [ 106.904921, -6.2676481 ], [ 106.9049235, -6.267593 ], [ 106.9049282, -6.2674909 ], [ 106.9050194, -6.2672829 ], [ 106.9050194, -6.2671709 ], [ 106.9049236, -6.266951 ], [ 106.9050516, -6.2666857 ], [ 106.9050784, -6.2664777 ], [ 106.9049925, -6.2663924 ], [ 106.9048646, -6.2663777 ], [ 106.904752, -6.2663564 ], [ 106.9046439, -6.2663231 ], [ 106.9046047, -6.2661957 ], [ 106.9045634, -6.2660618 ], [ 106.9046224, -6.2658432 ], [ 106.9048647, -6.2657099 ], [ 106.9050073, -6.2655819 ], [ 106.9050434, -6.2655015 ], [ 106.9047351, -6.2650366 ], [ 106.9047418, -6.26489 ], [ 106.9047546, -6.2647674 ], [ 106.9047758, -6.2646661 ], [ 106.9048303, -6.2646048 ], [ 106.9049609, -6.2645608 ], [ 106.9050569, -6.2645421 ], [ 106.9052071, -6.2645474 ], [ 106.9053144, -6.2644834 ], [ 106.9052809, -6.2643408 ], [ 106.905105, -6.2642492 ], [ 106.9050408, -6.2640781 ], [ 106.9050795, -6.2639373 ], [ 106.9051508, -6.2637422 ], [ 106.9050416, -6.2634636 ], [ 106.90505, -6.2633394 ], [ 106.9051301, -6.2632823 ], [ 106.9052876, -6.263305 ], [ 106.9054995, -6.2633903 ], [ 106.9055612, -6.2632996 ], [ 106.905443, -6.2630047 ], [ 106.9053162, -6.2628832 ], [ 106.9050525, -6.2627468 ], [ 106.9048234, -6.2625842 ], [ 106.9045981, -6.262346 ], [ 106.9044642, -6.2621785 ], [ 106.9043518, -6.2620878 ], [ 106.9045661, -6.2616803 ], [ 106.9047267, -6.2613908 ], [ 106.9050194, -6.260948 ], [ 106.9051596, -6.2607761 ], [ 106.905293, -6.2605588 ], [ 106.9053196, -6.2604092 ], [ 106.9053665, -6.2600519 ], [ 106.9053944, -6.2599077 ], [ 106.9054625, -6.2597834 ], [ 106.9055457, -6.2596994 ], [ 106.905746, -6.2595585 ], [ 106.9059315, -6.2594963 ], [ 106.9061445, -6.2594193 ], [ 106.9062862, -6.2593144 ], [ 106.9063509, -6.2591893 ], [ 106.9062742, -6.2589424 ], [ 106.9060036, -6.2587535 ], [ 106.9057175, -6.2587739 ], [ 106.9054718, -6.2587776 ], [ 106.9053581, -6.2586722 ], [ 106.90524, -6.2583998 ], [ 106.9051581, -6.257991 ], [ 106.905153, -6.2578506 ], [ 106.9052238, -6.2576977 ], [ 106.9052713, -6.2576122 ], [ 106.9053756, -6.2575374 ], [ 106.9055393, -6.257508 ], [ 106.9056481, -6.2574829 ], [ 106.9057498, -6.2574721 ], [ 106.9058212, -6.2574603 ], [ 106.9059858, -6.2574094 ], [ 106.9061789, -6.2572934 ], [ 106.9062675, -6.2571215 ], [ 106.9062621, -6.2569761 ], [ 106.906022, -6.2566198 ], [ 106.9058889, -6.2564196 ], [ 106.9056638, -6.2563525 ], [ 106.9055564, -6.2563969 ], [ 106.9054735, -6.2566606 ], [ 106.9053609, -6.2567966 ], [ 106.9051587, -6.2568862 ], [ 106.9049352, -6.2569475 ], [ 106.904734, -6.2569813 ], [ 106.9044472, -6.2571241 ], [ 106.9042181, -6.2570732 ], [ 106.9039959, -6.2568684 ], [ 106.903843, -6.2562979 ], [ 106.9038792, -6.2561192 ], [ 106.9041244, -6.2559136 ], [ 106.9042156, -6.255827 ], [ 106.9042435, -6.2557087 ], [ 106.9041228, -6.255482 ], [ 106.903945, -6.2552181 ], [ 106.9036875, -6.2549688 ], [ 106.903438, -6.2547694 ], [ 106.9032581, -6.2545365 ], [ 106.9031518, -6.2543223 ], [ 106.9031443, -6.2540315 ], [ 106.9031668, -6.2538486 ], [ 106.9033952, -6.2534506 ], [ 106.9034381, -6.2533372 ], [ 106.9034502, -6.2532119 ], [ 106.9034193, -6.2530919 ], [ 106.9025852, -6.2522907 ], [ 106.9018074, -6.2513216 ], [ 106.9005802, -6.2495191 ], [ 106.9005508, -6.2493578 ], [ 106.9005561, -6.2492805 ], [ 106.9006017, -6.2491525 ], [ 106.9006339, -6.2490406 ], [ 106.9006419, -6.2489072 ], [ 106.9006137, -6.2487019 ], [ 106.9005145, -6.2484393 ], [ 106.9001815, -6.2481775 ], [ 106.9001725, -6.2480618 ], [ 106.9001869, -6.2479162 ], [ 106.9001805, -6.2477898 ], [ 106.9001537, -6.2476752 ], [ 106.9000249, -6.2473259 ], [ 106.8999016, -6.2469313 ], [ 106.8996655, -6.2464913 ], [ 106.8996659, -6.2463011 ], [ 106.8995714, -6.2461771 ], [ 106.899365, -6.2461341 ], [ 106.8991972, -6.2460418 ], [ 106.8991103, -6.2459181 ], [ 106.8990228, -6.2458765 ], [ 106.8988132, -6.2458734 ], [ 106.8986554, -6.2458478 ], [ 106.8984813, -6.2456722 ], [ 106.8983409, -6.2455866 ], [ 106.8980063, -6.2454979 ], [ 106.8978389, -6.2453662 ], [ 106.8975208, -6.245166 ], [ 106.8972432, -6.2450526 ], [ 106.8969632, -6.2449342 ], [ 106.8968317, -6.2447876 ], [ 106.8964184, -6.244538 ], [ 106.8963111, -6.2444607 ], [ 106.8960928, -6.2443263 ], [ 106.8949807, -6.2438448 ], [ 106.8946471, -6.2437544 ], [ 106.8944712, -6.2437181 ], [ 106.8941761, -6.2436101 ], [ 106.8937577, -6.2434928 ], [ 106.893468, -6.2433862 ], [ 106.8932243, -6.2432704 ], [ 106.8932006, -6.2430691 ], [ 106.8932461, -6.2429731 ], [ 106.8933822, -6.2428636 ], [ 106.8933682, -6.2427052 ], [ 106.8932502, -6.2425452 ], [ 106.8932716, -6.2422359 ], [ 106.8936472, -6.2421506 ], [ 106.8936825, -6.2419811 ], [ 106.8935479, -6.241884 ], [ 106.8933365, -6.2418084 ], [ 106.8932712, -6.2417616 ], [ 106.8932484, -6.2416763 ], [ 106.893272, -6.241291 ], [ 106.8933789, -6.240946 ], [ 106.8933146, -6.240626 ], [ 106.8931214, -6.2404554 ], [ 106.8929423, -6.2404959 ], [ 106.8927352, -6.2404874 ], [ 106.8926172, -6.2403807 ], [ 106.8924455, -6.24037 ], [ 106.8922846, -6.2403274 ], [ 106.8922309, -6.2401247 ], [ 106.8921666, -6.2399434 ], [ 106.8922156, -6.2395191 ] ] ] } }
]
}
